13996  0
   0    1357 3281 4478  -1
   1    4171 6943 5119  -1
   2    5854 1174 2533  -1
   3    5129 63 1048  -1
   4    800 6143 4172  -1
   5    721 4906 2565  -1
   6    4685 2422 692  -1
   7    6933 915 4711  -1
   8    5244 4111 509  -1
   9    1789 2871 6635  -1
   10    6817 188 2156  -1
   11    2783 4535 6807  -1
   12    1915 476 4902  -1
   13    1310 6065 263  -1
   14    1196 2650 3806  -1
   15    639 1215 5596  -1
   16    6287 4301 1811  -1
   17    4981 3873 1920  -1
   18    5374 3678 3826  -1
   19    5533 2018 3312  -1
   20    6245 2948 2164  -1
   21    1154 5401 6307  -1
   22    2518 5469 6201  -1
   23    5652 895 5073  -1
   24    6059 1618 3801  -1
   25    624 2089 4464  -1
   26    6794 2809 4571  -1
   27    4388 2371 739  -1
   28    1763 4385 3233  -1
   29    4157 1476 156  -1
   30    2237 5512 1069  -1
   31    3228 5991 4386  -1
   32    4903 4145 6784  -1
   33    3787 986 5238  -1
   34    3040 209 5358  -1
   35    372 2045 4362  -1
   36    2054 6441 4868  -1
   37    3527 202 4223  -1
   38    1678 3941 2217  -1
   39    5809 4438 1442  -1
   40    2431 472 2432  -1
   41    4238 2278 2995  -1
   42    328 5414 1642  -1
   43    328 1642 47  -1
   44    1685 3843 3924  -1
   45    3715 4523 4046  -1
   46    3715 4046 5043  -1
   47    2987 5245 2442  -1
   48    2800 1273 3596  -1
   49    1792 622 3652  -1
   50    1792 6251 622  -1
   51    2214 1363 3646  -1
   52    461 5008 3985  -1
   53    3454 6249 2233  -1
   54    5293 2925 354  -1
   55    6541 5303 6542  -1
   56    3761 5303 6541  -1
   57    366 6136 3153  -1
   58    5584 3658 6355  -1
   59    6435 3668 117  -1
   60    1245 6561 91  -1
   61    1482 4968 1128  -1
   62    799 2481 6442  -1
   63    4256 1820 5123  -1
   64    1656 6392 4575  -1
   65    5125 3723 2401  -1
   66    4436 137 5954  -1
   67    6818 4436 5954  -1
   68    1931 3574 5994  -1
   69    4115 3576 1707  -1
   70    5838 700 2710  -1
   71    990 6477 5968  -1
   72    5079 999 3156  -1
   73    4596 6009 6083  -1
   74    4927 3758 3027  -1
   75    5443 5444 6051  -1
   76    2671 2615 269  -1
   77    4107 466 725  -1
   78    1359 3704 2573  -1
   79    1359 6387 3704  -1
   80    3710 4779 2767  -1
   81    6841 5002 234  -1
   82    1799 2336 6304  -1
   83    5156 3089 458  -1
   84    4856 2943 2933  -1
   85    6672 5239 6187  -1
   86    112 4885 2660  -1
   87    4390 4108 1930  -1
   88    3213 2317 3663  -1
   89    4097 6605 2863  -1
   90    2377 2378 2658  -1
   91    3208 5002 6841  -1
   92    3608 2540 185  -1
   93    1880 2894 1551  -1
   94    5955 6791 4892  -1
   95    1183 5316 583  -1
   96    777 2632 3426  -1
   97    4064 6102 4248  -1
   98    4364 5066 6593  -1
   99    6096 6264 2740  -1
   100    3767 6193 4721  -1
   101    6014 2917 464  -1
   102    3276 456 5646  -1
   103    6655 4935 154  -1
   104    1559 1957 3252  -1
   105    4433 3519 1783  -1
   106    1972 3017 1986  -1
   107    293 3119 4780  -1
   108    1765 968 2379  -1
   109    5672 1497 6042  -1
   110    3526 1301 595  -1
   111    2458 6069 2599  -1
   112    58 6538 6265  -1
   113    58 5885 6538  -1
   114    1336 5633 5692  -1
   115    6742 3569 645  -1
   116    2144 386 2728  -1
   117    4947 6262 2407  -1
   118    5307 3035 797  -1
   119    4565 1692 2849  -1
   120    768 1626 3971  -1
   121    5654 5390 6431  -1
   122    2948 3097 1573  -1
   123    4015 2264 3227  -1
   124    3174 772 5113  -1
   125    5494 5007 5315  -1
   126    1973 1574 114  -1
   127    4244 958 6920  -1
   128    5961 4263 5923  -1
   129    1662 6932 2930  -1
   130    54 3377 5173  -1
   131    4816 1241 5970  -1
   132    3808 1896 4248  -1
   133    5582 2386 927  -1
   134    3463 3371 2727  -1
   135    4273 2168 2092  -1
   136    1986 4971 725  -1
   137    6089 1986 725  -1
   138    6611 4032 1674  -1
   139    3607 1038 5556  -1
   140    3607 2540 1038  -1
   141    300 5529 5406  -1
   142    1271 4311 2485  -1
   143    6191 5105 787  -1
   144    3165 4134 4866  -1
   145    2933 161 4461  -1
   146    2827 3805 5146  -1
   147    3610 1085 5886  -1
   148    3130 5886 1085  -1
   149    6787 6829 1515  -1
   150    5852 997 1409  -1
   151    5035 1769 6936  -1
   152    6028 1552 6439  -1
   153    1389 3462 5553  -1
   154    2467 544 3577  -1
   155    6209 5415 286  -1
   156    5599 4037 2572  -1
   157    2519 6134 321  -1
   158    876 3141 3643  -1
   159    4813 1182 5226  -1
   160    3816 2535 3815  -1
   161    4967 4425 3587  -1
   162    5085 6307 1997  -1
   163    3078 6177 4811  -1
   164    4529 3131 1341  -1
   165    5046 3489 6290  -1
   166    3106 4634 1832  -1
   167    5177 5968 2427  -1
   168    5177 2427 6317  -1
   169    990 5463 1  -1
   170    2552 1046 2471  -1
   171    5414 328 2742  -1
   172    1836 5414 2742  -1
   173    5558 4457 4563  -1
   174    6240 4130 6239  -1
   175    3777 883 3776  -1
   176    489 6524 2849  -1
   177    6973 1418 4626  -1
   178    6265 6538 6849  -1
   179    5940 2718 3828  -1
   180    4207 3049 5972  -1
   181    5894 1627 3616  -1
   182    2799 4122 3489  -1
   183    5675 19 2921  -1
   184    1819 5191 5088  -1
   185    6127 4469 4470  -1
   186    1005 1629 5931  -1
   187    1111 6292 3905  -1
   188    4282 763 3900  -1
   189    2862 1492 3496  -1
   190    6149 631 1773  -1
   191    3676 5995 2186  -1
   192    6451 1156 2764  -1
   193    4763 577 2276  -1
   194    3349 3569 6742  -1
   195    2526 4546 276  -1
   196    1853 1569 4471  -1
   197    6664 271 2804  -1
   198    1034 4262 649  -1
   199    3129 6502 1414  -1
   200    1634 5451 364  -1
   201    5602 3876 6459  -1
   202    5704 6547 2992  -1
   203    3538 5950 2428  -1
   204    4006 4005 1074  -1
   205    4213 6017 3358  -1
   206    1206 3658 2829  -1
   207    2011 5667 6178  -1
   208    5086 5880 1134  -1
   209    3695 1105 390  -1
   210    772 6265 3610  -1
   211    3092 4057 3093  -1
   212    6949 1475 3070  -1
   213    3627 5480 1646  -1
   214    1681 871 5790  -1
   215    6443 5434 5804  -1
   216    6970 2936 4583  -1
   217    5849 6552 6551  -1
   218    1845 3556 4232  -1
   219    6177 5032 350  -1
   220    3148 4282 2537  -1
   221    3066 517 5448  -1
   222    6200 247 1311  -1
   223    1529 5661 5407  -1
   224    1609 6872 480  -1
   225    1609 6266 6872  -1
   226    493 3935 6359  -1
   227    5407 5661 3648  -1
   228    5660 6792 4671  -1
   229    4737 4541 5984  -1
   230    2670 6943 1167  -1
   231    1919 3649 5817  -1
   232    487 6125 5016  -1
   233    2779 487 5016  -1
   234    2152 45 382  -1
   235    5699 715 1727  -1
   236    2620 1780 3726  -1
   237    3962 916 3058  -1
   238    3963 3058 916  -1
   239    6913 2609 124  -1
   240    6955 2013 3305  -1
   241    3225 5102 4616  -1
   242    6357 564 5634  -1
   243    5278 4337 175  -1
   244    2605 5278 175  -1
   245    152 6445 3954  -1
   246    6457 3921 1731  -1
   247    2455 1867 1050  -1
   248    6055 1078 6239  -1
   249    3146 2608 6504  -1
   250    6649 4530 3921  -1
   251    5602 4530 6649  -1
   252    4145 2525 6784  -1
   253    4145 4144 2525  -1
   254    5984 2829 4737  -1
   255    5931 1629 4996  -1
   256    3944 5657 3226  -1
   257    6890 5657 3944  -1
   258    2688 6628 5904  -1
   259    5183 3321 4294  -1
   260    154 6180 4399  -1
   261    4489 26 4499  -1
   262    5802 5900 3573  -1
   263    1315 1404 4193  -1
   264    1113 155 2046  -1
   265    708 4882 5698  -1
   266    1520 5467 5319  -1
   267    855 1925 4346  -1
   268    2505 3914 3618  -1
   269    5723 5722 686  -1
   270    5640 1424 5199  -1
   271    3793 6699 2608  -1
   272    4295 5460 4294  -1
   273    5935 763 4282  -1
   274    6303 4124 4125  -1
   275    632 4059 2475  -1
   276    2462 4334 2112  -1
   277    5879 1478 4013  -1
   278    2810 4571 1478  -1
   279    6459 5787 590  -1
   280    5287 67 1049  -1
   281    3853 817 255  -1
   282    3853 255 2037  -1
   283    4084 5707 690  -1
   284    6582 4619 3882  -1
   285    290 5540 1485  -1
   286    5439 726 5072  -1
   287    2556 6114 6496  -1
   288    6659 6866 3535  -1
   289    519 3113 5758  -1
   290    2696 4693 3416  -1
   291    277 5304 1950  -1
   292    6876 3459 4951  -1
   293    1880 1551 5217  -1
   294    3522 272 604  -1
   295    1719 5222 3173  -1
   296    2985 3853 1236  -1
   297    225 4135 6313  -1
   298    225 5973 4135  -1
   299    6123 5134 6325  -1
   300    1591 4963 2320  -1
   301    3947 4791 625  -1
   302    5042 6450 2019  -1
   303    2719 5105 433  -1
   304    3535 4337 5278  -1
   305    3535 5278 6659  -1
   306    6248 5011 2233  -1
   307    3454 2233 5011  -1
   308    6261 2952 4758  -1
   309    6261 6125 2952  -1
   310    4397 480 1799  -1
   311    192 5678 2840  -1
   312    6169 2840 5678  -1
   313    2723 885 4908  -1
   314    6463 251 6434  -1
   315    6463 2781 251  -1
   316    2990 947 3372  -1
   317    1905 2273 3250  -1
   318    4999 272 6952  -1
   319    5516 5613 1792  -1
   320    1534 44 3498  -1
   321    1421 2748 1202  -1
   322    1437 2361 3936  -1
   323    6529 3114 644  -1
   324    5811 4766 6925  -1
   325    4850 1092 3719  -1
   326    5238 550 3787  -1
   327    6642 4611 5430  -1
   328    1904 2996 5538  -1
   329    768 3971 5614  -1
   330    3873 4009 623  -1
   331    6735 623 4009  -1
   332    4074 6454 3  -1
   333    4828 2717 1844  -1
   334    4671 6151 5660  -1
   335    4671 5322 6151  -1
   336    1153 2443 669  -1
   337    3959 5016 1339  -1
   338    3446 2156 5951  -1
   339    3653 292 6424  -1
   340    6403 4655 5184  -1
   341    3586 5416 5813  -1
   342    6578 2358 3552  -1
   343    6433 2631 5876  -1
   344    2995 3517 1481  -1
   345    1439 5689 503  -1
   346    4833 3516 3813  -1
   347    3981 2485 783  -1
   348    6813 783 2485  -1
   349    846 5551 3380  -1
   350    2794 4829 6748  -1
   351    3526 4249 2687  -1
   352    4316 4150 62  -1
   353    1667 5935 2404  -1
   354    6470 3418 2265  -1
   355    3409 1330 3424  -1
   356    1684 5182 2796  -1
   357    3569 2414 1181  -1
   358    5750 1233 2865  -1
   359    4820 2083 43  -1
   360    3741 794 2547  -1
   361    1215 6670 6643  -1
   362    293 4780 1645  -1
   363    4600 6896 5208  -1
   364    4381 6883 4999  -1
   365    3562 1258 5351  -1
   366    1529 4123 3945  -1
   367    1529 3001 4123  -1
   368    3052 5084 3312  -1
   369    11 3354 5253  -1
   370    6829 6107 5145  -1
   371    475 5250 3605  -1
   372    5527 1747 3230  -1
   373    4777 1935 6272  -1
   374    5966 4232 666  -1
   375    3886 2706 1052  -1
   376    6330 35 3627  -1
   377    4007 3528 5751  -1
   378    4540 1063 3863  -1
   379    278 2887 4739  -1
   380    4150 3203 1835  -1
   381    1606 2918 2803  -1
   382    6667 6718 1907  -1
   383    4422 5941 1790  -1
   384    358 4675 5919  -1
   385    6758 943 2701  -1
   386    2523 3346 6576  -1
   387    684 4060 2293  -1
   388    564 6357 5594  -1
   389    2824 5130 2337  -1
   390    5590 3980 3592  -1
   391    4085 4313 2885  -1
   392    6226 6225 3747  -1
   393    5968 5296 990  -1
   394    5070 4122 3789  -1
   395    5971 812 5272  -1
   396    4815 1163 311  -1
   397    2 6796 728  -1
   398    5576 5880 504  -1
   399    6939 4824 2574  -1
   400    4140 5829 4868  -1
   401    5060 2602 6270  -1
   402    2703 204 1397  -1
   403    3936 529 4823  -1
   404    5324 3319 6675  -1
   405    6705 4000 851  -1
   406    5872 5873 4019  -1
   407    4001 4444 3323  -1
   408    728 6796 2974  -1
   409    6128 2644 1074  -1
   410    5170 6246 99  -1
   411    6398 2877 1211  -1
   412    5599 3144 1094  -1
   413    5443 6051 2209  -1
   414    4337 3535 6660  -1
   415    6866 6660 3535  -1
   416    5609 3386 170  -1
   417    4224 3734 5756  -1
   418    1110 4224 5756  -1
   419    2533 362 5990  -1
   420    4476 5676 5645  -1
   421    6896 3518 5208  -1
   422    3711 5881 1216  -1
   423    29 1766 1169  -1
   424    5980 1191 3688  -1
   425    275 2352 4012  -1
   426    4022 4486 1158  -1
   427    6858 875 3735  -1
   428    1339 5016 6125  -1
   429    6123 232 2587  -1
   430    3108 1624 3912  -1
   431    50 924 5775  -1
   432    4235 6210 2766  -1
   433    6774 4683 5868  -1
   434    5490 1518 6022  -1
   435    6498 2596 4623  -1
   436    6821 2080 827  -1
   437    191 5271 5270  -1
   438    101 1976 5193  -1
   439    1606 2578 5064  -1
   440    2627 6806 6374  -1
   441    2627 52 6806  -1
   442    5998 66 6750  -1
   443    5647 3619 3265  -1
   444    6489 661 5458  -1
   445    5307 4146 5436  -1
   446    1566 4749 5669  -1
   447    3837 1501 4922  -1
   448    626 1259 3810  -1
   449    4702 6296 6295  -1
   450    5490 2230 3806  -1
   451    1920 623 3406  -1
   452    2892 4482 5766  -1
   453    3551 6061 3453  -1
   454    3798 108 3961  -1
   455    5666 206 3666  -1
   456    4060 6400 1500  -1
   457    4431 820 1143  -1
   458    4431 1918 820  -1
   459    6726 193 3970  -1
   460    2339 2430 5402  -1
   461    6741 4256 6811  -1
   462    6741 5251 4256  -1
   463    587 2977 5710  -1
   464    1293 5489 6420  -1
   465    5547 3000 5117  -1
   466    6686 3378 4263  -1
   467    5948 2363 5574  -1
   468    5479 2604 337  -1
   469    4055 1494 582  -1
   470    1084 4413 3368  -1
   471    4306 2731 1801  -1
   472    1650 6077 3671  -1
   473    5761 6596 4957  -1
   474    1382 98 3435  -1
   475    4817 4818 5410  -1
   476    5441 5429 1378  -1
   477    20 3565 6228  -1
   478    1272 743 6694  -1
   479    2629 659 1688  -1
   480    4545 944 4544  -1
   481    2654 2968 991  -1
   482    5655 2903 6249  -1
   483    1382 6780 2815  -1
   484    3813 3516 3782  -1
   485    443 1689 6619  -1
   486    1817 1689 443  -1
   487    3795 5218 4799  -1
   488    4575 6392 5260  -1
   489    115 6694 5708  -1
   490    6449 5201 6739  -1
   491    6819 5329 2507  -1
   492    2506 2507 5329  -1
   493    2128 4313 4085  -1
   494    1184 4756 4579  -1
   495    931 2747 4514  -1
   496    5174 5173 2447  -1
   497    1 6916 6477  -1
   498    1742 4454 4036  -1
   499    5757 4454 1742  -1
   500    602 3533 6256  -1
   501    6789 2587 6036  -1
   502    3669 6331 3543  -1
   503    3669 581 6331  -1
   504    864 6207 3150  -1
   505    3221 3222 5911  -1
   506    2072 311 1417  -1
   507    378 4513 5029  -1
   508    4778 3775 6933  -1
   509    1777 4486 4022  -1
   510    2244 4571 2809  -1
   511    1296 4374 1737  -1
   512    4419 1496 922  -1
   513    757 6118 5525  -1
   514    734 6389 2596  -1
   515    5048 3586 563  -1
   516    1442 5831 5809  -1
   517    1271 5809 5831  -1
   518    2210 6750 66  -1
   519    5767 1653 1357  -1
   520    5199 2548 4871  -1
   521    5761 365 1441  -1
   522    603 3265 1061  -1
   523    2684 177 4014  -1
   524    3759 927 5280  -1
   525    3416 654 44  -1
   526    3682 6428 5436  -1
   527    4185 441 5074  -1
   528    2219 227 2356  -1
   529    695 5987 2754  -1
   530    4737 2784 4541  -1
   531    6798 4344 575  -1
   532    2232 6172 2230  -1
   533    5283 6156 394  -1
   534    2052 5295 1333  -1
   535    4962 104 4961  -1
   536    2295 5596 2099  -1
   537    4656 6045 331  -1
   538    1826 1219 1767  -1
   539    2891 1999 1765  -1
   540    1808 3361 4309  -1
   541    1425 3031 465  -1
   542    4008 3031 1425  -1
   543    1620 5637 4751  -1
   544    5171 44 842  -1
   545    4251 5955 5956  -1
   546    5712 3571 1004  -1
   547    6277 6380 6874  -1
   548    6167 308 4954  -1
   549    3166 1605 2707  -1
   550    3069 151 1057  -1
   551    3527 2280 5161  -1
   552    2748 6490 977  -1
   553    4253 1699 642  -1
   554    1751 4232 3556  -1
   555    908 6315 2828  -1
   556    5891 2460 6895  -1
   557    1528 5588 5010  -1
   558    4941 6546 5165  -1
   559    2455 1050 4830  -1
   560    2549 33 4924  -1
   561    5958 4192 267  -1
   562    1030 2852 1120  -1
   563    1621 4309 3712  -1
   564    3911 3382 4136  -1
   565    1391 2120 659  -1
   566    6369 1219 2312  -1
   567    6369 1767 1219  -1
   568    2304 6230 1143  -1
   569    2403 3406 623  -1
   570    2029 4945 1911  -1
   571    6433 5876 2679  -1
   572    1781 5971 6940  -1
   573    3839 2246 6100  -1
   574    5314 6463 6434  -1
   575    5314 4681 6463  -1
   576    1476 1831 6616  -1
   577    1214 5770 4620  -1
   578    126 4224 1110  -1
   579    126 2251 4224  -1
   580    3959 2780 5016  -1
   581    4757 1338 6261  -1
   582    1339 6261 1338  -1
   583    502 1546 3352  -1
   584    767 6482 1815  -1
   585    3000 1295 3678  -1
   586    3931 5566 3232  -1
   587    3931 3232 508  -1
   588    463 3984 6528  -1
   589    4226 3381 2099  -1
   590    4020 5872 2482  -1
   591    6068 1621 3712  -1
   592    5261 6358 2236  -1
   593    1854 1333 4570  -1
   594    1854 5271 1333  -1
   595    2689 5074 739  -1
   596    4959 3638 1238  -1
   597    5070 452 1108  -1
   598    324 4263 5961  -1
   599    2587 3253 6036  -1
   600    4295 4294 4293  -1
   601    4272 4383 3415  -1
   602    313 3746 2272  -1
   603    3334 5107 5920  -1
   604    5111 3572 1275  -1
   605    4496 5231 4641  -1
   606    3170 3634 5296  -1
   607    3449 2040 1514  -1
   608    6055 4071 1078  -1
   609    5092 5176 361  -1
   610    4349 5176 5092  -1
   611    1940 6401 5095  -1
   612    1747 6698 1918  -1
   613    3538 4971 5950  -1
   614    4327 6732 3370  -1
   615    4327 1342 6732  -1
   616    4892 6732 1998  -1
   617    3370 6732 4892  -1
   618    5527 3255 1747  -1
   619    1906 2273 3745  -1
   620    1184 5842 4293  -1
   621    3073 994 5081  -1
   622    4349 5527 5176  -1
   623    4349 5065 5527  -1
   624    5956 5955 14  -1
   625    5879 6189 2580  -1
   626    3850 4258 2621  -1
   627    5969 6521 6926  -1
   628    5969 6926 5452  -1
   629    6815 4297 3487  -1
   630    6815 3828 4297  -1
   631    4086 1269 3498  -1
   632    1989 1694 6924  -1
   633    4654 2222 6003  -1
   634    1748 2788 5778  -1
   635    1139 4466 4690  -1
   636    5666 3666 2002  -1
   637    4705 6586 2171  -1
   638    4522 89 2734  -1
   639    920 6990 5609  -1
   640    4413 3295 6672  -1
   641    5984 166 2829  -1
   642    3189 5020 6583  -1
   643    2452 5166 4183  -1
   644    6244 297 4940  -1
   645    1545 4941 6632  -1
   646    1027 4601 1923  -1
   647    386 4151 4609  -1
   648    1270 6216 4637  -1
   649    433 5105 1668  -1
   650    5592 2905 4762  -1
   651    6068 5594 6357  -1
   652    600 5748 2676  -1
   653    1847 2789 696  -1
   654    5874 6296 4702  -1
   655    1834 2087 4608  -1
   656    5272 3113 1238  -1
   657    1845 4899 4836  -1
   658    2469 1591 387  -1
   659    5921 3823 2439  -1
   660    3065 1486 6924  -1
   661    2331 2837 4586  -1
   662    6291 4062 3055  -1
   663    6529 644 2529  -1
   664    4948 5732 3868  -1
   665    2323 3868 5732  -1
   666    4528 5747 4106  -1
   667    6459 1543 5602  -1
   668    3490 2462 336  -1
   669    1328 2743 473  -1
   670    3271 1185 5842  -1
   671    2091 76 1249  -1
   672    6090 5757 1856  -1
   673    6716 6947 2819  -1
   674    1764 90 6957  -1
   675    6314 1028 3925  -1
   676    5184 4674 701  -1
   677    3219 4614 2287  -1
   678    2427 2602 4715  -1
   679    5087 6557 3485  -1
   680    2205 1469 6215  -1
   681    541 1570 4104  -1
   682    6335 4800 1592  -1
   683    6252 6316 4301  -1
   684    1952 1104 4682  -1
   685    2876 6207 864  -1
   686    6871 547 5021  -1
   687    1513 3108 4165  -1
   688    6375 1702 1475  -1
   689    5959 3209 453  -1
   690    3216 4161 5384  -1
   691    3216 5384 1132  -1
   692    2024 4913 1358  -1
   693    6049 789 4387  -1
   694    2388 478 4177  -1
   695    3281 5262 4807  -1
   696    5578 1100 6635  -1
   697    337 1489 6773  -1
   698    4877 1213 2236  -1
   699    2130 6748 4829  -1
   700    6999 855 3328  -1
   701    1563 805 2407  -1
   702    4640 5870 481  -1
   703    6459 590 2758  -1
   704    2096 6101 2117  -1
   705    2096 164 6101  -1
   706    5114 3306 876  -1
   707    4327 6520 617  -1
   708    1342 4327 617  -1
   709    5782 911 4121  -1
   710    3707 5211 6598  -1
   711    1324 2195 721  -1
   712    5987 3691 2754  -1
   713    1612 6610 359  -1
   714    3870 6343 164  -1
   715    3937 132 651  -1
   716    3937 5405 132  -1
   717    644 4813 2529  -1
   718    6707 4813 644  -1
   719    5377 5048 1631  -1
   720    335 3594 2518  -1
   721    826 2595 5903  -1
   722    5379 5378 2357  -1
   723    4965 4964 1734  -1
   724    5514 2328 6454  -1
   725    3880 5489 778  -1
   726    5940 2762 1394  -1
   727    5781 2798 70  -1
   728    3826 3678 1295  -1
   729    3003 1927 698  -1
   730    671 2586 2585  -1
   731    671 2585 4425  -1
   732    2105 6782 700  -1
   733    891 6344 6632  -1
   734    4628 6344 891  -1
   735    931 1785 2747  -1
   736    1774 1672 3213  -1
   737    4874 3371 5928  -1
   738    3502 6439 672  -1
   739    1926 5241 1281  -1
   740    748 6173 3641  -1
   741    2698 1469 2205  -1
   742    5556 5555 3607  -1
   743    5695 6681 2532  -1
   744    386 2144 4151  -1
   745    3934 1388 212  -1
   746    505 2376 4588  -1
   747    5392 4435 5521  -1
   748    4712 1842 2574  -1
   749    4670 1451 2216  -1
   750    133 5487 6638  -1
   751    4436 6818 554  -1
   752    3088 3089 4885  -1
   753    6118 1939 3714  -1
   754    5123 2056 1257  -1
   755    6028 548 1702  -1
   756    6627 2977 587  -1
   757    6048 6474 816  -1
   758    3213 1144 2317  -1
   759    418 1284 2874  -1
   760    3135 404 1897  -1
   761    3331 3330 5135  -1
   762    4098 4748 190  -1
   763    3542 2349 1289  -1
   764    6793 5398 819  -1
   765    1852 5259 3463  -1
   766    5291 3381 4442  -1
   767    5291 2295 3381  -1
   768    1990 5023 870  -1
   769    3829 166 408  -1
   770    1320 3008 6016  -1
   771    4643 3232 5566  -1
   772    2324 5247 5669  -1
   773    1043 6004 6005  -1
   774    2990 5269 2021  -1
   775    6237 3553 475  -1
   776    3632 6040 2526  -1
   777    5148 3996 2495  -1
   778    1106 2621 6452  -1
   779    4579 5842 1184  -1
   780    4355 2048 4027  -1
   781    5373 1879 955  -1
   782    1585 3783 2246  -1
   783    5897 2344 6098  -1
   784    870 4645 692  -1
   785    2515 6244 4940  -1
   786    1669 5105 6191  -1
   787    1830 4492 6628  -1
   788    6683 934 4153  -1
   789    2620 1717 6671  -1
   790    5081 994 2477  -1
   791    2467 2786 4437  -1
   792    3391 4098 190  -1
   793    4155 2626 2883  -1
   794    6885 5006 1721  -1
   795    4531 2368 4632  -1
   796    2650 1196 3807  -1
   797    5356 4625 3004  -1
   798    5569 4057 1733  -1
   799    3819 5569 1733  -1
   800    1125 3310 4038  -1
   801    6095 2885 6554  -1
   802    1559 3252 6401  -1
   803    1978 3788 4539  -1
   804    3091 5746 1243  -1
   805    5536 2792 868  -1
   806    1482 1128 6229  -1
   807    992 4098 2630  -1
   808    184 6043 674  -1
   809    184 4148 6043  -1
   810    1279 4340 2272  -1
   811    6793 890 5398  -1
   812    311 1186 4815  -1
   813    1201 2016 5012  -1
   814    1344 5886 3132  -1
   815    3879 1391 2512  -1
   816    521 2165 257  -1
   817    521 257 4252  -1
   818    2714 3370 4892  -1
   819    3521 2026 6054  -1
   820    2826 365 5702  -1
   821    1900 858 5103  -1
   822    3294 2442 5245  -1
   823    5555 2962 6497  -1
   824    3012 1230 1872  -1
   825    3180 5827 2202  -1
   826    5412 2124 4038  -1
   827    5412 4038 2859  -1
   828    3909 4031 2473  -1
   829    4998 4877 1641  -1
   830    1096 5946 5947  -1
   831    4226 2099 39  -1
   832    2760 6038 259  -1
   833    4755 71 2949  -1
   834    3772 952 1598  -1
   835    6713 535 2004  -1
   836    375 2403 623  -1
   837    6882 2726 4848  -1
   838    2290 4735 1074  -1
   839    5901 3911 740  -1
   840    3530 911 2163  -1
   841    656 6335 1539  -1
   842    1874 1539 6335  -1
   843    6751 1211 864  -1
   844    5020 583 6583  -1
   845    1482 6229 4699  -1
   846    580 5117 79  -1
   847    1588 3858 5293  -1
   848    4462 2028 6580  -1
   849    1146 5970 2423  -1
   850    1381 3645 2398  -1
   851    5581 3588 1216  -1
   852    5221 1978 2601  -1
   853    2597 3935 6087  -1
   854    5920 5107 2765  -1
   855    6070 75 5760  -1
   856    2378 2377 2360  -1
   857    584 3692 2122  -1
   858    2753 1709 4147  -1
   859    3497 6204 2864  -1
   860    2647 2521 4080  -1
   861    5429 1984 5153  -1
   862    2941 2770 4911  -1
   863    2591 4073 5209  -1
   864    5014 1740 3246  -1
   865    4523 5764 5763  -1
   866    2181 6246 5170  -1
   867    3738 2083 5738  -1
   868    3738 43 2083  -1
   869    4770 5029 1859  -1
   870    5136 2339 3105  -1
   871    5136 1957 2339  -1
   872    3769 6571 640  -1
   873    6657 937 5668  -1
   874    1888 5097 718  -1
   875    710 1997 2823  -1
   876    1271 2486 5809  -1
   877    1416 6673 3037  -1
   878    3243 1465 4679  -1
   879    1949 3997 5645  -1
   880    1949 6834 3997  -1
   881    4367 1960 2695  -1
   882    6677 2314 627  -1
   883    5834 2668 5196  -1
   884    4552 6578 2375  -1
   885    2445 6416 5118  -1
   886    2996 6546 5538  -1
   887    286 4905 6487  -1
   888    6460 4143 3066  -1
   889    993 6053 2947  -1
   890    993 4910 6053  -1
   891    2656 5705 1294  -1
   892    3500 6294 673  -1
   893    5874 4702 5430  -1
   894    1554 2653 5840  -1
   895    300 1191 909  -1
   896    6515 622 4653  -1
   897    2176 6478 3308  -1
   898    2504 5522 3297  -1
   899    255 4648 2036  -1
   900    3829 2828 166  -1
   901    1963 5399 4142  -1
   902    6304 881 4810  -1
   903    6938 4135 2027  -1
   904    513 3775 4778  -1
   905    5005 1915 3447  -1
   906    2226 2225 6553  -1
   907    595 5174 2213  -1
   908    1399 5707 4084  -1
   909    6322 3080 995  -1
   910    2879 4501 1700  -1
   911    2831 1227 1967  -1
   912    4670 2216 1450  -1
   913    821 3159 6024  -1
   914    4601 4016 2736  -1
   915    1568 4380 504  -1
   916    214 2761 5825  -1
   917    415 2344 4261  -1
   918    2900 3236 1270  -1
   919    4900 453 3210  -1
   920    4300 1677 5662  -1
   921    5580 965 2981  -1
   922    71 5371 2949  -1
   923    437 3040 1555  -1
   924    437 1555 4024  -1
   925    2287 6038 3239  -1
   926    5644 5754 3075  -1
   927    5469 917 4240  -1
   928    3769 1159 6571  -1
   929    6058 5144 51  -1
   930    5401 2822 6307  -1
   931    5097 1287 2359  -1
   932    5639 1467 4261  -1
   933    1533 3607 5555  -1
   934    4697 1631 912  -1
   935    121 2363 5948  -1
   936    312 1231 3926  -1
   937    1540 331 6045  -1
   938    5776 5150 2149  -1
   939    4831 4588 973  -1
   940    3910 5802 5901  -1
   941    5176 3230 2166  -1
   942    5527 3230 5176  -1
   943    2249 6439 5631  -1
   944    1287 999 6362  -1
   945    3215 6362 999  -1
   946    5942 1039 4243  -1
   947    5957 118 6137  -1
   948    6205 1460 3971  -1
   949    6017 5002 3208  -1
   950    6017 1016 5002  -1
   951    4831 1375 4588  -1
   952    1814 401 2921  -1
   953    807 6517 3020  -1
   954    1614 2780 1369  -1
   955    5268 237 5152  -1
   956    2147 2960 5774  -1
   957    30 5774 2960  -1
   958    3647 2214 6567  -1
   959    3647 570 2214  -1
   960    4127 1066 696  -1
   961    2406 2932 3859  -1
   962    6282 2195 1324  -1
   963    1965 1319 4624  -1
   964    5723 4337 5722  -1
   965    3967 2448 4515  -1
   966    407 2637 2474  -1
   967    2647 3913 75  -1
   968    2928 5844 292  -1
   969    1629 837 4782  -1
   970    3164 6079 5299  -1
   971    790 3817 2300  -1
   972    253 2075 1362  -1
   973    253 2683 2075  -1
   974    2026 3474 451  -1
   975    3369 6743 2906  -1
   976    3369 6744 6743  -1
   977    6771 1869 422  -1
   978    1657 2822 5401  -1
   979    1378 5908 5056  -1
   980    5507 2014 315  -1
   981    2422 2925 1990  -1
   982    2425 1959 4257  -1
   983    3075 4257 1959  -1
   984    4290 3755 6766  -1
   985    887 2197 2950  -1
   986    3497 2904 950  -1
   987    6824 238 239  -1
   988    1772 25 6368  -1
   989    1772 6170 25  -1
   990    4294 3112 440  -1
   991    2895 1245 91  -1
   992    2895 3991 1245  -1
   993    4620 2471 1046  -1
   994    4951 4952 6876  -1
   995    2720 966 3952  -1
   996    1625 3292 3049  -1
   997    6218 1104 2741  -1
   998    930 1937 2790  -1
   999    1305 5504 5517  -1
   1000    2077 1218 6588  -1
   1001    25 6170 4695  -1
   1002    5518 5151 1298  -1
   1003    3992 6900 2298  -1
   1004    2032 4690 6630  -1
   1005    1275 3572 2601  -1
   1006    5325 842 217  -1
   1007    3868 2323 4926  -1
   1008    4020 5873 5872  -1
   1009    5779 4524 4755  -1
   1010    603 1061 5160  -1
   1011    6081 3225 1009  -1
   1012    6081 1009 6773  -1
   1013    5030 1661 4143  -1
   1014    4194 5027 2934  -1
   1015    416 2785 3895  -1
   1016    3667 416 3895  -1
   1017    3571 5110 1275  -1
   1018    2913 502 3003  -1
   1019    4908 504 2723  -1
   1020    5406 3688 300  -1
   1021    713 2339 5402  -1
   1022    5191 1819 271  -1
   1023    1611 4164 3179  -1
   1024    903 5839 6728  -1
   1025    5817 3153 1919  -1
   1026    5738 6606 447  -1
   1027    5219 724 2279  -1
   1028    1254 5499 3382  -1
   1029    5134 4186 4056  -1
   1030    340 6111 2104  -1
   1031    887 1321 6985  -1
   1032    5453 803 2612  -1
   1033    3719 2854 4850  -1
   1034    1022 2749 2107  -1
   1035    6577 4637 367  -1
   1036    1546 4214 3352  -1
   1037    4167 6386 6839  -1
   1038    3308 6478 1857  -1
   1039    1959 6562 3075  -1
   1040    2049 3856 4703  -1
   1041    3159 6498 6024  -1
   1042    194 4492 1830  -1
   1043    5309 665 6060  -1
   1044    3402 6513 1526  -1
   1045    5883 6207 2876  -1
   1046    3207 6841 1012  -1
   1047    1769 3916 6709  -1
   1048    2895 6566 3991  -1
   1049    636 5568 2174  -1
   1050    3063 6535 5716  -1
   1051    3467 6826 3981  -1
   1052    932 2431 6870  -1
   1053    1596 4322 369  -1
   1054    1435 3227 3545  -1
   1055    5541 942 3906  -1
   1056    2971 3531 5861  -1
   1057    71 1015 1882  -1
   1058    2752 6879 4986  -1
   1059    4926 2323 88  -1
   1060    898 3646 6377  -1
   1061    352 2291 4292  -1
   1062    4526 2872 4422  -1
   1063    2981 5614 6781  -1
   1064    595 4249 3526  -1
   1065    4386 5991 859  -1
   1066    3491 5848 2111  -1
   1067    896 2570 3737  -1
   1068    2915 6517 807  -1
   1069    2670 4465 2192  -1
   1070    5522 6925 6935  -1
   1071    2100 927 3754  -1
   1072    1264 2657 3794  -1
   1073    5995 1170 2186  -1
   1074    1901 6175 1151  -1
   1075    2923 4871 223  -1
   1076    869 2607 1836  -1
   1077    1882 2484 552  -1
   1078    239 6968 4456  -1
   1079    266 981 2767  -1
   1080    1018 4818 6132  -1
   1081    2352 936 6517  -1
   1082    6646 1890 1353  -1
   1083    99 6246 5495  -1
   1084    2163 599 4402  -1
   1085    162 3858 1588  -1
   1086    2805 206 5666  -1
   1087    2983 186 5283  -1
   1088    644 3114 6707  -1
   1089    3781 1736 4720  -1
   1090    6572 1374 2751  -1
   1091    1458 3291 2738  -1
   1092    4222 788 1502  -1
   1093    2804 271 2310  -1
   1094    1830 6628 5062  -1
   1095    5024 1722 5025  -1
   1096    3619 2755 4988  -1
   1097    2730 4176 2074  -1
   1098    3856 6370 6862  -1
   1099    5279 2589 5034  -1
   1100    6980 6260 2472  -1
   1101    5617 986 3751  -1
   1102    6965 208 1888  -1
   1103    6687 1911 857  -1
   1104    2634 5829 1944  -1
   1105    3897 3939 1666  -1
   1106    3794 2657 1173  -1
   1107    6041 2797 1263  -1
   1108    2559 6851 4049  -1
   1109    3125 357 4272  -1
   1110    5337 5336 1510  -1
   1111    2304 6231 4116  -1
   1112    2769 5310 1753  -1
   1113    2513 676 1250  -1
   1114    424 4476 5645  -1
   1115    5874 5430 379  -1
   1116    879 4794 4304  -1
   1117    5591 1979 1711  -1
   1118    1212 6951 4368  -1
   1119    964 4047 6888  -1
   1120    5335 5336 2311  -1
   1121    5607 3787 2309  -1
   1122    366 3873 6136  -1
   1123    6253 6108 439  -1
   1124    599 3097 2948  -1
   1125    4988 2755 3966  -1
   1126    279 4629 1411  -1
   1127    5103 3184 1899  -1
   1128    4658 94 3302  -1
   1129    53 3623 6713  -1
   1130    1721 5006 3161  -1
   1131    4625 6040 744  -1
   1132    3068 4066 3067  -1
   1133    5026 2147 6214  -1
   1134    3509 2277 770  -1
   1135    3255 5065 2812  -1
   1136    6196 3375 1112  -1
   1137    6252 4302 6316  -1
   1138    3258 5900 5899  -1
   1139    5526 8 6014  -1
   1140    6590 1524 4973  -1
   1141    5507 125 2014  -1
   1142    64 5095 1904  -1
   1143    1979 5590 6435  -1
   1144    244 2730 2074  -1
   1145    223 4377 3486  -1
   1146    5409 1112 3375  -1
   1147    1461 6065 6064  -1
   1148    6367 4125 4124  -1
   1149    6367 5745 4125  -1
   1150    5677 2020 2019  -1
   1151    3720 1348 1644  -1
   1152    5626 1531 3185  -1
   1153    5771 1795 3844  -1
   1154    627 6455 1835  -1
   1155    5788 5216 1683  -1
   1156    1597 3634 5750  -1
   1157    1597 5750 2865  -1
   1158    150 2392 4005  -1
   1159    1146 4204 6417  -1
   1160    5491 3428 3478  -1
   1161    1152 5703 6066  -1
   1162    6535 4141 1276  -1
   1163    5446 2148 1495  -1
   1164    1667 5088 5191  -1
   1165    390 1105 2673  -1
   1166    80 589 3860  -1
   1167    3764 5333 2917  -1
   1168    5929 1417 311  -1
   1169    5033 1482 2474  -1
   1170    5523 1750 4378  -1
   1171    5244 509 2588  -1
   1172    5628 788 1237  -1
   1173    4737 2036 2784  -1
   1174    4807 61 2897  -1
   1175    3321 4293 4294  -1
   1176    1622 3843 6518  -1
   1177    4392 1914 4760  -1
   1178    5589 3700 4480  -1
   1179    2689 4185 5074  -1
   1180    3639 1873 488  -1
   1181    6903 410 3635  -1
   1182    3226 4421 6988  -1
   1183    6446 3226 6988  -1
   1184    5566 2583 155  -1
   1185    2974 6796 4621  -1
   1186    802 4040 5373  -1
   1187    5642 1822 4628  -1
   1188    2374 4262 1034  -1
   1189    572 5138 3477  -1
   1190    5564 3865 1639  -1
   1191    4115 3414 37  -1
   1192    4115 37 3576  -1
   1193    6665 132 5405  -1
   1194    352 3409 5462  -1
   1195    1435 3545 5850  -1
   1196    595 2213 3970  -1
   1197    3298 1471 3823  -1
   1198    1751 5541 2881  -1
   1199    4744 1793 5472  -1
   1200    2607 1642 5414  -1
   1201    4431 1143 92  -1
   1202    1436 2264 4015  -1
   1203    1871 4504 162  -1
   1204    4950 981 6287  -1
   1205    5762 1429 518  -1
   1206    213 5490 6022  -1
   1207    386 6014 464  -1
   1208    4609 6014 386  -1
   1209    5902 485 2267  -1
   1210    6737 5814 6046  -1
   1211    6840 6046 5814  -1
   1212    6552 1850 273  -1
   1213    2980 1082 3338  -1
   1214    3303 6996 1296  -1
   1215    989 4642 6078  -1
   1216    6307 2823 1997  -1
   1217    2664 3234 4385  -1
   1218    4920 3053 5323  -1
   1219    2480 1558 127  -1
   1220    5449 248 4694  -1
   1221    1635 5703 2866  -1
   1222    1916 5896 3757  -1
   1223    6292 5896 1916  -1
   1224    1604 3886 993  -1
   1225    5702 2102 2826  -1
   1226    3852 149 1608  -1
   1227    3130 3132 5886  -1
   1228    3130 1343 3132  -1
   1229    2747 6581 4515  -1
   1230    4540 653 2261  -1
   1231    3293 1312 5455  -1
   1232    5944 2299 1994  -1
   1233    1147 3528 3274  -1
   1234    1663 647 3045  -1
   1235    1446 6807 4535  -1
   1236    3030 900 5926  -1
   1237    3905 1099 1870  -1
   1238    143 2394 3060  -1
   1239    1722 831 3774  -1
   1240    1722 2082 831  -1
   1241    306 4668 5485  -1
   1242    5280 927 2100  -1
   1243    6953 4153 432  -1
   1244    6028 4425 1552  -1
   1245    3138 329 2635  -1
   1246    6564 6148 1550  -1
   1247    4991 2582 508  -1
   1248    6919 501 2015  -1
   1249    5517 4237 1305  -1
   1250    2882 4968 3421  -1
   1251    3757 4237 849  -1
   1252    6935 6925 3145  -1
   1253    6038 5220 3239  -1
   1254    4841 594 4754  -1
   1255    3117 726 6766  -1
   1256    3274 406 6860  -1
   1257    575 3021 6798  -1
   1258    855 5204 1925  -1
   1259    4237 5896 6102  -1
   1260    2409 4883 497  -1
   1261    399 3094 4412  -1
   1262    1065 2558 4050  -1
   1263    6573 4976 579  -1
   1264    1446 4534 5058  -1
   1265    2261 3354 5981  -1
   1266    1741 3234 1208  -1
   1267    6737 3625 2116  -1
   1268    3609 3608 5113  -1
   1269    5885 3364 4814  -1
   1270    4490 6286 2387  -1
   1271    5458 2718 1394  -1
   1272    5370 3124 500  -1
   1273    4723 3864 4678  -1
   1274    5543 248 3807  -1
   1275    533 5590 5060  -1
   1276    5687 5688 147  -1
   1277    1020 3871 6421  -1
   1278    4248 6102 329  -1
   1279    3808 4248 329  -1
   1280    3138 5543 329  -1
   1281    6433 4748 992  -1
   1282    4304 5721 879  -1
   1283    1262 1897 3881  -1
   1284    1761 5800 497  -1
   1285    4688 5994 106  -1
   1286    1415 5994 4688  -1
   1287    2113 1171 3074  -1
   1288    6012 1113 2046  -1
   1289    3440 4646 772  -1
   1290    3400 5438 1730  -1
   1291    1617 4191 469  -1
   1292    6240 2256 4130  -1
   1293    515 2232 4713  -1
   1294    5691 4856 848  -1
   1295    6926 6521 4874  -1
   1296    4397 1386 4862  -1
   1297    4116 6231 1444  -1
   1298    1065 4050 4110  -1
   1299    1999 2893 4855  -1
   1300    2860 5734 4703  -1
   1301    1589 6689 6215  -1
   1302    4440 548 6028  -1
   1303    4330 179 2975  -1
   1304    3501 1103 4528  -1
   1305    6761 5301 2123  -1
   1306    5791 6732 1342  -1
   1307    4846 4450 954  -1
   1308    6019 6712 285  -1
   1309    4348 5927 5485  -1
   1310    306 5485 5927  -1
   1311    3911 4136 1379  -1
   1312    1725 4772 6675  -1
   1313    2142 5425 1881  -1
   1314    4227 3313 5353  -1
   1315    6675 4772 1263  -1
   1316    6585 986 1720  -1
   1317    6749 3273 2146  -1
   1318    1998 14 4892  -1
   1319    5955 4892 14  -1
   1320    3993 3994 922  -1
   1321    2703 2542 760  -1
   1322    3448 1725 6675  -1
   1323    2066 3529 5549  -1
   1324    4508 4509 2342  -1
   1325    1085 3610 6265  -1
   1326    6849 6538 3016  -1
   1327    3370 2714 6520  -1
   1328    3370 6520 4327  -1
   1329    3609 5113 3610  -1
   1330    6732 5791 1998  -1
   1331    5458 4241 5791  -1
   1332    2846 5864 470  -1
   1333    5955 714 6791  -1
   1334    2415 6351 2003  -1
   1335    2848 1110 4225  -1
   1336    4421 3771 685  -1
   1337    4682 1104 6218  -1
   1338    4584 6525 259  -1
   1339    6481 1493 3024  -1
   1340    5331 3069 6064  -1
   1341    5022 4313 6138  -1
   1342    6010 3819 1840  -1
   1343    663 2932 2406  -1
   1344    1571 6265 772  -1
   1345    1851 5172 3092  -1
   1346    3364 5814 6737  -1
   1347    5589 1445 3700  -1
   1348    2335 5946 629  -1
   1349    1571 5885 58  -1
   1350    1571 58 6265  -1
   1351    1429 5830 6597  -1
   1352    1057 1593 4307  -1
   1353    4434 4814 3017  -1
   1354    2921 2022 5675  -1
   1355    773 4385 3030  -1
   1356    766 1866 5943  -1
   1357    865 4721 6780  -1
   1358    3397 4919 6854  -1
   1359    3625 6066 2248  -1
   1360    3622 6066 5703  -1
   1361    303 1733 6512  -1
   1362    303 1840 1733  -1
   1363    4646 5814 3364  -1
   1364    6840 5814 4646  -1
   1365    2493 548 4440  -1
   1366    4616 3541 3225  -1
   1367    6840 3440 5703  -1
   1368    1344 14 2030  -1
   1369    1152 6046 189  -1
   1370    1152 189 5703  -1
   1371    3625 6737 1152  -1
   1372    2713 527 5419  -1
   1373    4890 135 3637  -1
   1374    550 4844 1526  -1
   1375    4403 5039 1350  -1
   1376    2476 6043 4148  -1
   1377    4579 3693 6108  -1
   1378    2123 5301 6406  -1
   1379    393 2487 273  -1
   1380    3430 4533 2183  -1
   1381    4287 6508 568  -1
   1382    3985 773 1851  -1
   1383    3985 4917 773  -1
   1384    6406 5301 2852  -1
   1385    2664 773 4917  -1
   1386    3617 2373 1155  -1
   1387    6801 635 6224  -1
   1388    4360 3343 1871  -1
   1389    0 3136 5379  -1
   1390    1763 900 3030  -1
   1391    1763 3030 4385  -1
   1392    3743 1840 303  -1
   1393    3743 6877 1840  -1
   1394    3399 4821 1625  -1
   1395    157 498 5796  -1
   1396    4335 402 5642  -1
   1397    3001 5010 5588  -1
   1398    1425 6939 4008  -1
   1399    6852 1351 5773  -1
   1400    6300 1039 6497  -1
   1401    5555 6497 1039  -1
   1402    4752 3871 681  -1
   1403    6877 3743 2433  -1
   1404    6418 6877 2433  -1
   1405    2469 1841 4497  -1
   1406    3546 2469 4497  -1
   1407    3905 1916 4510  -1
   1408    4246 5612 1318  -1
   1409    3602 5019 555  -1
   1410    2116 4814 3364  -1
   1411    1857 6478 746  -1
   1412    2879 4045 1382  -1
   1413    5437 1124 4199  -1
   1414    4339 1429 5633  -1
   1415    3234 5633 5762  -1
   1416    5234 2224 4253  -1
   1417    4797 6406 3958  -1
   1418    872 4068 2203  -1
   1419    5339 3841 2159  -1
   1420    4883 1761 497  -1
   1421    6000 6597 5830  -1
   1422    4156 2428 6592  -1
   1423    1640 1299 2577  -1
   1424    3023 2469 948  -1
   1425    5157 4742 3838  -1
   1426    3541 1551 2894  -1
   1427    1526 1131 3787  -1
   1428    6091 5684 4925  -1
   1429    2428 1812 3538  -1
   1430    1849 5953 2346  -1
   1431    6341 4897 6715  -1
   1432    1767 1272 6694  -1
   1433    1907 2835 4266  -1
   1434    4502 2598 493  -1
   1435    743 6830 6930  -1
   1436    220 1670 6050  -1
   1437    4320 1670 220  -1
   1438    1286 2935 1716  -1
   1439    5454 6802 3685  -1
   1440    1675 5482 3902  -1
   1441    4042 206 2805  -1
   1442    3084 1906 6144  -1
   1443    5845 6941 4356  -1
   1444    1601 4594 3660  -1
   1445    1877 6404 6334  -1
   1446    3929 657 3847  -1
   1447    3494 5841 4229  -1
   1448    3819 4596 5569  -1
   1449    6007 6247 1168  -1
   1450    4568 2063 2637  -1
   1451    1564 6275 3859  -1
   1452    1311 4319 6200  -1
   1453    4815 1186 5344  -1
   1454    1732 6512 4057  -1
   1455    6797 259 6038  -1
   1456    4265 1689 3350  -1
   1457    6156 186 2018  -1
   1458    4553 980 6924  -1
   1459    5294 1580 2315  -1
   1460    2760 6525 3504  -1
   1461    5805 1093 3504  -1
   1462    259 6525 2760  -1
   1463    3504 6525 5805  -1
   1464    3016 4455 3198  -1
   1465    680 4067 1930  -1
   1466    6513 4629 4286  -1
   1467    1870 5944 1994  -1
   1468    14 3132 5956  -1
   1469    14 1344 3132  -1
   1470    3395 4111 1309  -1
   1471    2193 6184 939  -1
   1472    3593 785 5202  -1
   1473    4605 4606 1523  -1
   1474    1269 1534 3498  -1
   1475    3776 5961 5923  -1
   1476    4642 4576 2938  -1
   1477    3233 3234 305  -1
   1478    2340 4153 934  -1
   1479    6895 2460 4812  -1
   1480    5612 4246 6251  -1
   1481    5243 4166 1321  -1
   1482    482 3320 5593  -1
   1483    1040 5290 6498  -1
   1484    5209 4072 5783  -1
   1485    6912 4663 5631  -1
   1486    691 5914 4746  -1
   1487    4021 1941 5545  -1
   1488    4320 6104 3577  -1
   1489    2228 4378 905  -1
   1490    5035 3916 1769  -1
   1491    1698 6595 6048  -1
   1492    3490 336 4382  -1
   1493    905 1750 4605  -1
   1494    1344 3610 5886  -1
   1495    3609 3610 1344  -1
   1496    984 5152 2218  -1
   1497    6004 2392 2902  -1
   1498    752 2247 3435  -1
   1499    2279 2627 4881  -1
   1500    4555 3272 4556  -1
   1501    4919 2307 6854  -1
   1502    3581 4809 2609  -1
   1503    3074 511 2370  -1
   1504    2191 1389 6353  -1
   1505    2191 6536 1389  -1
   1506    2410 4569 5758  -1
   1507    4340 1279 170  -1
   1508    3333 4051 398  -1
   1509    1878 4522 2734  -1
   1510    5593 1674 482  -1
   1511    3143 3667 274  -1
   1512    793 5099 2641  -1
   1513    6982 5163 6272  -1
   1514    2228 905 4349  -1
   1515    145 4231 2774  -1
   1516    4711 915 5759  -1
   1517    5878 14 1998  -1
   1518    2030 14 5878  -1
   1519    143 5351 632  -1
   1520    4874 3487 4297  -1
   1521    4874 5863 3487  -1
   1522    3669 2634 372  -1
   1523    6516 2809 5882  -1
   1524    4290 5439 2179  -1
   1525    4146 1232 5436  -1
   1526    1988 6878 6499  -1
   1527    470 2168 3791  -1
   1528    2339 75 3105  -1
   1529    6926 2718 5452  -1
   1530    2201 4289 924  -1
   1531    39 3330 2274  -1
   1532    6914 1855 6105  -1
   1533    5385 2036 4737  -1
   1534    4297 974 4874  -1
   1535    4297 2718 974  -1
   1536    1358 691 4746  -1
   1537    5791 5878 1998  -1
   1538    3762 4258 5225  -1
   1539    3845 6873 6183  -1
   1540    3570 4843 6280  -1
   1541    2065 5863 2064  -1
   1542    5878 871 2030  -1
   1543    4109 2709 2710  -1
   1544    1390 4880 3462  -1
   1545    2341 4426 5960  -1
   1546    5190 6973 3950  -1
   1547    5070 3789 2777  -1
   1548    185 5113 3608  -1
   1549    1879 5373 6529  -1
   1550    6420 5489 2161  -1
   1551    1006 3323 2757  -1
   1552    3378 446 3379  -1
   1553    3398 1368 4920  -1
   1554    2972 838 2909  -1
   1555    4001 2606 4444  -1
   1556    2727 2714 928  -1
   1557    3278 6967 6536  -1
   1558    5161 3087 3527  -1
   1559    2667 5835 4483  -1
   1560    5137 6760 483  -1
   1561    914 42 2188  -1
   1562    516 2105 3279  -1
   1563    2092 5864 960  -1
   1564    6499 4983 224  -1
   1565    6336 6220 1477  -1
   1566    242 1766 3301  -1
   1567    4126 5426 2377  -1
   1568    6082 3911 5901  -1
   1569    3087 202 3527  -1
   1570    2079 4661 5912  -1
   1571    2441 3071 3697  -1
   1572    3581 869 4809  -1
   1573    795 3871 3433  -1
   1574    4400 2281 2531  -1
   1575    2698 668 1469  -1
   1576    5884 3755 3928  -1
   1577    1817 443 6522  -1
   1578    3199 4107 725  -1
   1579    3641 6253 748  -1
   1580    207 3559 4848  -1
   1581    2196 747 5897  -1
   1582    3316 5544 2157  -1
   1583    5638 3542 1457  -1
   1584    5059 4631 3593  -1
   1585    5510 516 796  -1
   1586    5510 2105 516  -1
   1587    1207 4734 5393  -1
   1588    2783 3986 1784  -1
   1589    3254 2977 6965  -1
   1590    946 4443 1655  -1
   1591    5759 6897 2943  -1
   1592    2862 2113 6363  -1
   1593    796 5884 2212  -1
   1594    3209 1395 6448  -1
   1595    294 6199 3109  -1
   1596    4944 3157 5663  -1
   1597    4700 3067 2498  -1
   1598    10 2017 5595  -1
   1599    6086 1721 4110  -1
   1600    4933 2200 1744  -1
   1601    4051 1286 2610  -1
   1602    1176 299 4499  -1
   1603    49 6376 1244  -1
   1604    3254 6400 5710  -1
   1605    4271 6547 1894  -1
   1606    4126 6723 6404  -1
   1607    3337 4520 4668  -1
   1608    3337 4668 306  -1
   1609    4271 1894 5138  -1
   1610    346 6085 2666  -1
   1611    3642 6880 3577  -1
   1612    5313 715 2887  -1
   1613    594 3722 1161  -1
   1614    594 4414 3722  -1
   1615    2123 6406 4797  -1
   1616    2826 4888 1441  -1
   1617    5697 6969 719  -1
   1618    4263 3378 6349  -1
   1619    1299 1640 2972  -1
   1620    3429 4443 946  -1
   1621    306 5927 3337  -1
   1622    4689 2238 3291  -1
   1623    2585 4668 1552  -1
   1624    2585 5485 4668  -1
   1625    6936 347 6587  -1
   1626    3347 171 6734  -1
   1627    6809 2516 412  -1
   1628    4566 972 6754  -1
   1629    6623 356 3507  -1
   1630    4635 5623 1144  -1
   1631    4882 347 6936  -1
   1632    1178 5620 3978  -1
   1633    4668 4520 1552  -1
   1634    2624 1246 1695  -1
   1635    5778 4636 5290  -1
   1636    1617 965 4352  -1
   1637    5631 6506 1280  -1
   1638    3502 6506 5631  -1
   1639    3928 6360 6361  -1
   1640    6506 6505 3928  -1
   1641    1280 6506 3928  -1
   1642    4996 559 4884  -1
   1643    3123 4135 6938  -1
   1644    240 4048 4260  -1
   1645    2489 2490 113  -1
   1646    2596 6498 5290  -1
   1647    873 4989 1278  -1
   1648    5853 4151 2144  -1
   1649    1275 5110 5111  -1
   1650    3198 3130 6962  -1
   1651    6164 2796 5182  -1
   1652    4377 2269 3486  -1
   1653    3175 1608 749  -1
   1654    3981 783 3466  -1
   1655    971 369 4762  -1
   1656    3628 80 4713  -1
   1657    3468 1192 4221  -1
   1658    1348 4710 6099  -1
   1659    1579 5119 1892  -1
   1660    1514 3193 3194  -1
   1661    1533 185 3607  -1
   1662    6853 515 2093  -1
   1663    3893 4877 781  -1
   1664    3806 2230 1197  -1
   1665    3157 4944 4945  -1
   1666    4373 207 3273  -1
   1667    4345 3443 1960  -1
   1668    5772 6583 68  -1
   1669    5927 4688 2238  -1
   1670    6091 2316 339  -1
   1671    194 4923 2691  -1
   1672    4357 5264 2051  -1
   1673    6226 6294 163  -1
   1674    1019 5059 3593  -1
   1675    1993 5807 270  -1
   1676    2512 3150 99  -1
   1677    5482 1675 2569  -1
   1678    2466 343 2245  -1
   1679    5001 4200 6423  -1
   1680    4995 661 6692  -1
   1681    3534 3791 2220  -1
   1682    3093 3212 107  -1
   1683    903 5310 2769  -1
   1684    278 4739 2927  -1
   1685    3447 4902 4901  -1
   1686    800 5380 6143  -1
   1687    5051 581 6696  -1
   1688    5916 6696 581  -1
   1689    286 6487 6209  -1
   1690    3134 735 4016  -1
   1691    875 6858 1974  -1
   1692    3820 3689 5980  -1
   1693    372 3882 2045  -1
   1694    1558 2884 127  -1
   1695    6244 105 2901  -1
   1696    1377 5483 2274  -1
   1697    2675 1438 4914  -1
   1698    6721 1488 28  -1
   1699    4193 1404 3140  -1
   1700    1268 1267 5203  -1
   1701    6081 6773 1489  -1
   1702    6728 5839 2951  -1
   1703    4480 1183 2791  -1
   1704    5595 6809 3238  -1
   1705    5093 2250 6494  -1
   1706    4568 1129 2851  -1
   1707    1510 3619 4988  -1
   1708    6515 3857 2308  -1
   1709    5596 4427 639  -1
   1710    5352 3562 143  -1
   1711    4526 5725 2871  -1
   1712    3993 922 1664  -1
   1713    1655 4443 6062  -1
   1714    1595 133 4647  -1
   1715    3904 4855 2681  -1
   1716    6749 4373 3273  -1
   1717    3752 1594 5599  -1
   1718    6689 2205 6215  -1
   1719    4551 6263 5916  -1
   1720    1896 3070 5636  -1
   1721    6670 6381 2984  -1
   1722    5350 2958 2302  -1
   1723    2884 5411 127  -1
   1724    2892 683 4482  -1
   1725    295 3977 2167  -1
   1726    307 2563 2628  -1
   1727    1716 2004 1286  -1
   1728    6085 122 3261  -1
   1729    3625 2248 2116  -1
   1730    2221 3799 3710  -1
   1731    6291 2922 317  -1
   1732    6385 3627 1646  -1
   1733    292 1706 6424  -1
   1734    192 2840 2260  -1
   1735    2032 6703 4690  -1
   1736    4094 6806 52  -1
   1737    826 5550 2595  -1
   1738    2000 6113 4177  -1
   1739    1474 1896 5219  -1
   1740    6873 1499 792  -1
   1741    1839 3596 1273  -1
   1742    2002 1495 3353  -1
   1743    2812 4605 5990  -1
   1744    2141 6614 3654  -1
   1745    6598 449 1936  -1
   1746    2096 2117 4621  -1
   1747    3568 6942 5433  -1
   1748    2375 5859 898  -1
   1749    1894 6547 1069  -1
   1750    2274 4652 4226  -1
   1751    6876 4952 2627  -1
   1752    1132 5384 3698  -1
   1753    5191 271 6664  -1
   1754    5701 3465 6922  -1
   1755    1705 5370 5681  -1
   1756    716 1984 2786  -1
   1757    5664 1925 5665  -1
   1758    5078 2742 5471  -1
   1759    3411 1970 4010  -1
   1760    4889 3584 2497  -1
   1761    1177 6904 384  -1
   1762    5067 2201 924  -1
   1763    3441 1705 5681  -1
   1764    3836 2127 1199  -1
   1765    6721 4551 1488  -1
   1766    143 3861 2394  -1
   1767    6198 4787 6569  -1
   1768    130 1236 5584  -1
   1769    4076 1517 5297  -1
   1770    6274 3990 4819  -1
   1771    425 4391 4392  -1
   1772    6563 5621 2488  -1
   1773    1666 956 3897  -1
   1774    1193 1989 4377  -1
   1775    4702 1079 6642  -1
   1776    1563 6262 6275  -1
   1777    1895 3799 5862  -1
   1778    4307 4173 1057  -1
   1779    5957 5295 118  -1
   1780    1017 2500 355  -1
   1781    5858 4589 570  -1
   1782    4055 582 3372  -1
   1783    5344 690 4980  -1
   1784    6690 1599 1848  -1
   1785    4414 594 4841  -1
   1786    2311 5336 641  -1
   1787    6310 3756 1398  -1
   1788    6897 4677 1217  -1
   1789    418 2081 1284  -1
   1790    2359 2208 5462  -1
   1791    4836 5804 1845  -1
   1792    1294 6797 2287  -1
   1793    6854 2452 3965  -1
   1794    5645 6977 424  -1
   1795    3564 1326 3483  -1
   1796    2957 1894 1069  -1
   1797    1099 4510 6592  -1
   1798    5690 1021 2006  -1
   1799    2933 1217 161  -1
   1800    3579 1434 3595  -1
   1801    4908 885 3299  -1
   1802    494 2057 2572  -1
   1803    3120 4733 6533  -1
   1804    2432 5444 5443  -1
   1805    5155 5476 3363  -1
   1806    703 6378 4533  -1
   1807    3762 6453 4258  -1
   1808    6764 6453 3762  -1
   1809    32 908 4306  -1
   1810    2778 567 6202  -1
   1811    4160 1414 6502  -1
   1812    424 3904 4476  -1
   1813    6357 1621 6068  -1
   1814    636 2174 4139  -1
   1815    704 3151 2183  -1
   1816    2489 1163 4815  -1
   1817    1345 1470 669  -1
   1818    4097 2863 520  -1
   1819    3761 2005 5303  -1
   1820    3357 5644 4780  -1
   1821    6668 2270 2795  -1
   1822    5779 4755 6150  -1
   1823    1832 4634 6847  -1
   1824    3730 5399 1077  -1
   1825    1667 923 5088  -1
   1826    1667 2404 923  -1
   1827    5028 2787 1835  -1
   1828    2422 1990 692  -1
   1829    2650 5449 4694  -1
   1830    3380 4226 4652  -1
   1831    5530 266 4779  -1
   1832    6117 4350 1172  -1
   1833    1340 5342 5395  -1
   1834    2730 5534 6636  -1
   1835    1642 4178 47  -1
   1836    4014 3043 1693  -1
   1837    1847 3435 6056  -1
   1838    1968 24 2855  -1
   1839    3105 75 6070  -1
   1840    3032 2211 6050  -1
   1841    6829 5145 1515  -1
   1842    1895 3710 3799  -1
   1843    3134 4016 6598  -1
   1844    2237 4877 87  -1
   1845    2099 4131 39  -1
   1846    5355 3004 5888  -1
   1847    2344 5897 2741  -1
   1848    3030 1851 773  -1
   1849    6502 848 4856  -1
   1850    6516 334 2244  -1
   1851    2422 1235 354  -1
   1852    156 6615 4162  -1
   1853    5489 3880 2161  -1
   1854    608 4648 3973  -1
   1855    460 1167 3165  -1
   1856    144 2537 5015  -1
   1857    144 3148 2537  -1
   1858    2209 4418 5443  -1
   1859    5522 2920 6228  -1
   1860    6272 5163 1410  -1
   1861    3197 6430 2690  -1
   1862    2585 2586 5485  -1
   1863    5275 4348 5485  -1
   1864    5275 5485 2586  -1
   1865    2585 1552 4425  -1
   1866    3898 4194 6179  -1
   1867    4440 6028 6439  -1
   1868    6582 3882 1944  -1
   1869    4477 1951 3302  -1
   1870    5530 3452 6252  -1
   1871    6047 6462 2065  -1
   1872    6047 2065 2064  -1
   1873    3190 6180 6837  -1
   1874    3190 2234 6180  -1
   1875    3061 5384 4161  -1
   1876    6673 981 4950  -1
   1877    2548 1424 465  -1
   1878    5276 968 2682  -1
   1879    1343 3130 3198  -1
   1880    5089 1142 5121  -1
   1881    4578 1975 2913  -1
   1882    3577 2813 4320  -1
   1883    3794 1173 5324  -1
   1884    6162 3326 123  -1
   1885    5191 763 1667  -1
   1886    4745 3135 1262  -1
   1887    2556 6496 5358  -1
   1888    3632 5539 1303  -1
   1889    2743 5413 2508  -1
   1890    4010 1970 3753  -1
   1891    2856 1679 3996  -1
   1892    4613 2700 2193  -1
   1893    2475 4519 3303  -1
   1894    28 1488 6887  -1
   1895    1291 4883 2409  -1
   1896    131 3492 6186  -1
   1897    6268 3846 969  -1
   1898    2371 4388 1536  -1
   1899    4273 357 3125  -1
   1900    1958 5496 226  -1
   1901    3789 2390 5586  -1
   1902    276 4728 4547  -1
   1903    363 3866 762  -1
   1904    6779 6865 3497  -1
   1905    1951 501 3302  -1
   1906    4926 4198 1058  -1
   1907    926 4156 6592  -1
   1908    6067 2538 3908  -1
   1909    1970 245 3753  -1
   1910    6199 3756 850  -1
   1911    4601 449 4016  -1
   1912    2753 4147 5917  -1
   1913    5289 577 3468  -1
   1914    403 786 3932  -1
   1915    1466 5169 6752  -1
   1916    5288 506 3300  -1
   1917    1288 5797 2619  -1
   1918    4084 690 5344  -1
   1919    6443 5804 3651  -1
   1920    2159 338 6762  -1
   1921    1930 2306 4390  -1
   1922    6977 3904 424  -1
   1923    1078 2285 5752  -1
   1924    3880 4707 3930  -1
   1925    6221 1477 6220  -1
   1926    4141 2020 2614  -1
   1927    2666 6085 3261  -1
   1928    6587 347 3122  -1
   1929    1708 3025 4658  -1
   1930    93 4606 2442  -1
   1931    214 5825 5824  -1
   1932    1472 2289 3877  -1
   1933    6636 5534 1546  -1
   1934    2993 609 5702  -1
   1935    1351 6850 6602  -1
   1936    3962 6416 916  -1
   1937    5903 2595 4657  -1
   1938    81 6000 5830  -1
   1939    3968 978 2793  -1
   1940    4980 690 5416  -1
   1941    3311 6257 1685  -1
   1942    4997 3849 2346  -1
   1943    6327 1610 5571  -1
   1944    1293 161 3284  -1
   1945    6552 5849 507  -1
   1946    6287 1306 4301  -1
   1947    2292 6931 1630  -1
   1948    1725 1971 440  -1
   1949    1935 3537 6982  -1
   1950    4878 4562 6280  -1
   1951    4878 6271 4562  -1
   1952    4071 3500 5627  -1
   1953    771 2090 5282  -1
   1954    4497 6418 97  -1
   1955    2989 1507 6121  -1
   1956    4830 5741 2454  -1
   1957    5935 1667 763  -1
   1958    440 1262 4772  -1
   1959    1569 6714 588  -1
   1960    3018 760 2542  -1
   1961    5879 2810 1478  -1
   1962    2053 5460 3641  -1
   1963    1485 5540 1981  -1
   1964    6868 3730 1077  -1
   1965    265 5499 1254  -1
   1966    5966 4899 1845  -1
   1967    378 5029 1954  -1
   1968    4388 5183 1971  -1
   1969    1819 5088 5911  -1
   1970    2243 5844 746  -1
   1971    1775 739 5074  -1
   1972    2183 3151 3430  -1
   1973    96 1778 6902  -1
   1974    794 6408 2330  -1
   1975    6114 1837 269  -1
   1976    4268 3671 6077  -1
   1977    739 1775 3321  -1
   1978    6719 6661 4731  -1
   1979    1418 5321 6157  -1
   1980    2154 6973 5190  -1
   1981    2154 3405 6973  -1
   1982    5578 6712 854  -1
   1983    2177 4144 1547  -1
   1984    359 6610 4313  -1
   1985    5387 2172 5997  -1
   1986    1185 4293 5842  -1
   1987    1431 2583 6471  -1
   1988    1418 3405 2153  -1
   1989    1418 6973 3405  -1
   1990    304 3624 2252  -1
   1991    3840 3657 1251  -1
   1992    2761 413 6397  -1
   1993    3005 5910 1135  -1
   1994    1891 3383 1057  -1
   1995    4745 3112 4396  -1
   1996    1775 1184 4293  -1
   1997    5223 3654 6412  -1
   1998    2699 4332 6479  -1
   1999    3265 3619 1510  -1
   2000    3541 1010 4415  -1
   2001    2847 6676 6501  -1
   2002    5896 4938 2635  -1
   2003    56 4396 923  -1
   2004    1304 2746 1299  -1
   2005    3432 120 4177  -1
   2006    4134 3165 5404  -1
   2007    6451 3735 2850  -1
   2008    4258 6453 6452  -1
   2009    631 3450 2059  -1
   2010    2562 5564 3614  -1
   2011    5872 4019 5871  -1
   2012    641 2332 4054  -1
   2013    4684 1374 1469  -1
   2014    6522 3073 2621  -1
   2015    651 6718 5245  -1
   2016    1487 3613 839  -1
   2017    113 5048 5377  -1
   2018    2052 3820 5980  -1
   2019    6555 6993 5993  -1
   2020    2759 3415 4383  -1
   2021    1106 6453 6764  -1
   2022    1106 6452 6453  -1
   2023    4258 176 5225  -1
   2024    4258 3850 176  -1
   2025    3846 2616 3845  -1
   2026    5851 5054 2024  -1
   2027    5041 12 1516  -1
   2028    6194 668 3180  -1
   2029    4861 1541 2561  -1
   2030    4696 2565 1433  -1
   2031    3452 4779 3029  -1
   2032    2059 3450 1695  -1
   2033    629 4776 2335  -1
   2034    3798 901 3121  -1
   2035    5408 4322 6030  -1
   2036    3468 1467 1192  -1
   2037    2445 6147 4999  -1
   2038    3507 356 4660  -1
   2039    2760 5220 6038  -1
   2040    123 3326 5025  -1
   2041    2850 4594 6451  -1
   2042    3654 6614 6412  -1
   2043    3574 1413 4754  -1
   2044    4556 3608 3609  -1
   2045    4259 2310 5741  -1
   2046    1873 1050 241  -1
   2047    75 3086 2647  -1
   2048    4080 3913 2647  -1
   2049    4472 2750 144  -1
   2050    4074 3 894  -1
   2051    5373 955 802  -1
   2052    5542 2306 517  -1
   2053    244 5534 2730  -1
   2054    1931 2778 1413  -1
   2055    4106 5747 549  -1
   2056    1007 4291 6680  -1
   2057    6415 2310 271  -1
   2058    1123 5666 2002  -1
   2059    5638 5606 2478  -1
   2060    5408 1951 3836  -1
   2061    3976 6537 1850  -1
   2062    2651 3264 270  -1
   2063    3690 977 6490  -1
   2064    3421 4968 5033  -1
   2065    1943 6746 6836  -1
   2066    6465 2325 4732  -1
   2067    4007 2008 4063  -1
   2068    5153 4613 939  -1
   2069    2881 5541 6266  -1
   2070    6958 1356 1913  -1
   2071    4631 2400 442  -1
   2072    2893 2126 4128  -1
   2073    4534 5304 929  -1
   2074    5353 3412 6681  -1
   2075    1532 5846 70  -1
   2076    936 3760 3020  -1
   2077    4760 6073 1155  -1
   2078    2371 4185 2689  -1
   2079    5670 6467 2870  -1
   2080    6128 1074 3831  -1
   2081    2442 3294 93  -1
   2082    5379 3314 0  -1
   2083    4518 2826 875  -1
   2084    87 4574 5236  -1
   2085    6926 974 2718  -1
   2086    6926 4874 974  -1
   2087    5940 1394 2718  -1
   2088    1564 5668 3760  -1
   2089    1884 5406 2567  -1
   2090    4009 5254 6735  -1
   2091    4077 464 2953  -1
   2092    2230 213 2232  -1
   2093    5476 2284 6886  -1
   2094    5693 921 1964  -1
   2095    5969 617 6520  -1
   2096    3593 5202 3956  -1
   2097    2526 6040 4546  -1
   2098    4447 776 6148  -1
   2099    6308 3799 2221  -1
   2100    5127 1544 2802  -1
   2101    5969 2714 6521  -1
   2102    793 6775 5099  -1
   2103    3937 6414 5405  -1
   2104    2987 6414 3937  -1
   2105    4387 5674 6049  -1
   2106    6141 5015 2537  -1
   2107    6462 176 1818  -1
   2108    1982 5037 2673  -1
   2109    3371 4874 6521  -1
   2110    176 6462 6047  -1
   2111    176 6047 2064  -1
   2112    5466 2353 866  -1
   2113    5466 4265 2353  -1
   2114    2061 4774 435  -1
   2115    2023 6248 2675  -1
   2116    4155 2883 1148  -1
   2117    6783 1072 2955  -1
   2118    6482 1674 5593  -1
   2119    1787 5903 778  -1
   2120    5452 617 5969  -1
   2121    5452 2718 617  -1
   2122    2007 4585 4254  -1
   2123    5969 6520 2714  -1
   2124    5118 6416 3962  -1
   2125    3371 6521 2714  -1
   2126    807 2129 3406  -1
   2127    4974 3618 6181  -1
   2128    1703 2762 1188  -1
   2129    3549 73 1891  -1
   2130    315 3270 6396  -1
   2131    958 4244 216  -1
   2132    2679 1941 592  -1
   2133    3522 604 4824  -1
   2134    3850 1818 176  -1
   2135    5225 176 2064  -1
   2136    4872 1655 3539  -1
   2137    3599 264 41  -1
   2138    1158 4486 5826  -1
   2139    2987 4378 1521  -1
   2140    5728 3585 2098  -1
   2141    2838 3350 41  -1
   2142    6626 5082 625  -1
   2143    2752 4986 2010  -1
   2144    5204 764 1823  -1
   2145    3423 2376 505  -1
   2146    1996 5096 5999  -1
   2147    4982 5739 301  -1
   2148    2773 5739 4982  -1
   2149    1337 2496 6666  -1
   2150    1178 2258 337  -1
   2151    3165 6332 2843  -1
   2152    175 4337 3876  -1
   2153    2412 5334 4577  -1
   2154    486 3398 3397  -1
   2155    5456 5831 1442  -1
   2156    4145 1547 4144  -1
   2157    6872 6266 2097  -1
   2158    3930 5935 4282  -1
   2159    2952 6125 487  -1
   2160    2766 2504 3297  -1
   2161    6253 439 4826  -1
   2162    1369 366 3153  -1
   2163    3171 366 1369  -1
   2164    3909 5610 6324  -1
   2165    3732 2198 3257  -1
   2166    5266 236 2172  -1
   2167    810 6947 6165  -1
   2168    4124 397 6367  -1
   2169    2473 6367 397  -1
   2170    2315 2936 5294  -1
   2171    6558 5310 903  -1
   2172    1353 5212 6646  -1
   2173    4766 3145 6925  -1
   2174    393 5804 4836  -1
   2175    6893 3721 847  -1
   2176    6365 4311 5831  -1
   2177    5508 5352 3060  -1
   2178    5777 945 4079  -1
   2179    589 2557 2350  -1
   2180    5963 1714 1114  -1
   2181    4885 4887 976  -1
   2182    1577 2172 3855  -1
   2183    1384 1996 5898  -1
   2184    4959 1238 5726  -1
   2185    4661 4956 874  -1
   2186    4661 2079 4956  -1
   2187    1167 4726 5404  -1
   2188    3752 5599 2572  -1
   2189    1600 4427 5291  -1
   2190    474 6393 5724  -1
   2191    1627 5894 3170  -1
   2192    1568 5247 4380  -1
   2193    2267 485 2266  -1
   2194    4197 6495 1648  -1
   2195    5144 731 1204  -1
   2196    723 3791 3125  -1
   2197    901 2022 3121  -1
   2198    4602 5019 3602  -1
   2199    3716 5358 209  -1
   2200    2416 327 3747  -1
   2201    6225 2416 3747  -1
   2202    1560 1105 3695  -1
   2203    2602 6652 4715  -1
   2204    5750 3634 662  -1
   2205    5877 4137 5562  -1
   2206    4550 3356 5695  -1
   2207    6169 603 5160  -1
   2208    6409 1567 2527  -1
   2209    1183 1947 1889  -1
   2210    5375 4821 267  -1
   2211    2316 6090 1856  -1
   2212    783 6146 1557  -1
   2213    783 1557 3466  -1
   2214    2602 532 6652  -1
   2215    2602 5060 532  -1
   2216    3240 2426 6630  -1
   2217    4310 332 1808  -1
   2218    4441 2549 2365  -1
   2219    2920 1593 6033  -1
   2220    6528 1176 26  -1
   2221    470 5864 2092  -1
   2222    2256 4747 727  -1
   2223    2256 727 4130  -1
   2224    3658 1240 6355  -1
   2225    1964 921 5391  -1
   2226    2807 3524 1929  -1
   2227    1709 2437 445  -1
   2228    6443 4548 5434  -1
   2229    5968 1627 3170  -1
   2230    5177 1627 5968  -1
   2231    1001 3040 6496  -1
   2232    150 4005 1159  -1
   2233    287 4130 5177  -1
   2234    727 5177 4130  -1
   2235    5027 53 6713  -1
   2236    519 5604 5726  -1
   2237    2809 6794 6279  -1
   2238    3629 4878 2189  -1
   2239    2498 3245 346  -1
   2240    6516 2244 2809  -1
   2241    5890 3739 880  -1
   2242    4924 33 1757  -1
   2243    6930 116 2693  -1
   2244    2825 1370 5570  -1
   2245    2243 292 5844  -1
   2246    2683 253 5800  -1
   2247    2603 5155 6652  -1
   2248    2603 6652 532  -1
   2249    5815 1329 5084  -1
   2250    6087 3935 2598  -1
   2251    4461 161 4160  -1
   2252    6252 3452 6933  -1
   2253    4682 6710 1952  -1
   2254    5713 2576 3969  -1
   2255    5119 1579 4171  -1
   2256    4460 2397 4838  -1
   2257    1321 2950 5243  -1
   2258    5153 5681 3341  -1
   2259    409 3275 5930  -1
   2260    1592 4255 6208  -1
   2261    744 2257 4625  -1
   2262    3447 794 2330  -1
   2263    2636 3183 1135  -1
   2264    3905 6292 1916  -1
   2265    6048 6595 2874  -1
   2266    2116 3364 6737  -1
   2267    5602 6649 3876  -1
   2268    3154 218 2081  -1
   2269    135 6183 4726  -1
   2270    6455 627 2314  -1
   2271    5815 3045 647  -1
   2272    3616 4747 5519  -1
   2273    6188 1478 1479  -1
   2274    1594 3144 5599  -1
   2275    3439 330 1367  -1
   2276    5739 2773 6407  -1
   2277    6363 2114 5428  -1
   2278    4281 3044 4280  -1
   2279    1668 5105 1669  -1
   2280    1547 4982 2177  -1
   2281    6812 6589 961  -1
   2282    5078 5471 5951  -1
   2283    582 3752 5269  -1
   2284    1503 3109 326  -1
   2285    5871 4019 2841  -1
   2286    4307 1593 3339  -1
   2287    432 2362 6468  -1
   2288    2873 409 2397  -1
   2289    4452 327 2416  -1
   2290    5701 327 4452  -1
   2291    1287 2326 999  -1
   2292    2642 1297 3529  -1
   2293    4497 97 3546  -1
   2294    530 3106 6365  -1
   2295    3776 6222 167  -1
   2296    2358 6578 4552  -1
   2297    3094 3971 1460  -1
   2298    4667 2288 6532  -1
   2299    2739 3346 1384  -1
   2300    2416 1508 4452  -1
   2301    494 3173 5222  -1
   2302    4988 6480 1510  -1
   2303    1372 228 5906  -1
   2304    1980 5049 1086  -1
   2305    3013 1087 1756  -1
   2306    4349 5092 706  -1
   2307    4349 706 2228  -1
   2308    2024 3884 5851  -1
   2309    6714 4305 588  -1
   2310    4319 6304 2336  -1
   2311    2548 465 4448  -1
   2312    1417 5929 4026  -1
   2313    5476 1508 2416  -1
   2314    2284 5476 2416  -1
   2315    1729 6778 3329  -1
   2316    4669 1934 1410  -1
   2317    4670 5598 1451  -1
   2318    6843 1260 5400  -1
   2319    2594 6927 5932  -1
   2320    4629 279 6888  -1
   2321    6164 1930 316  -1
   2322    5326 4017 1936  -1
   2323    5894 3616 662  -1
   2324    1157 3869 5939  -1
   2325    2550 3821 6198  -1
   2326    232 6325 2216  -1
   2327    6036 3253 1443  -1
   2328    4223 2207 2848  -1
   2329    3053 4178 5323  -1
   2330    3053 47 4178  -1
   2331    6792 2781 6770  -1
   2332    4167 4580 6386  -1
   2333    4957 4783 4710  -1
   2334    462 4710 4783  -1
   2335    4149 1100 4660  -1
   2336    1284 218 6154  -1
   2337    3069 6450 151  -1
   2338    1069 6547 5704  -1
   2339    6301 4924 1757  -1
   2340    4484 3741 153  -1
   2341    235 2106 6657  -1
   2342    3860 3303 1296  -1
   2343    5918 3174 5113  -1
   2344    3768 2801 4405  -1
   2345    3447 1915 4902  -1
   2346    534 1928 2930  -1
   2347    6014 8 2917  -1
   2348    3460 268 2483  -1
   2349    1966 2922 5962  -1
   2350    2196 4371 13  -1
   2351    1557 5286 3466  -1
   2352    3239 5220 574  -1
   2353    5474 1530 3785  -1
   2354    5171 433 1668  -1
   2355    1637 4095 536  -1
   2356    1048 4736 5129  -1
   2357    5978 6557 1707  -1
   2358    5082 3073 5081  -1
   2359    3049 2277 1625  -1
   2360    3819 6009 4596  -1
   2361    4504 5023 1990  -1
   2362    3605 6237 475  -1
   2363    3135 923 2404  -1
   2364    65 3489 5046  -1
   2365    1386 4397 804  -1
   2366    1644 1348 2715  -1
   2367    2590 5000 5733  -1
   2368    5032 5739 2417  -1
   2369    3058 4947 1404  -1
   2370    1198 3835 181  -1
   2371    5657 6890 737  -1
   2372    2473 397 3909  -1
   2373    4582 6994 2244  -1
   2374    636 1745 5568  -1
   2375    6367 2473 5745  -1
   2376    1077 6324 5610  -1
   2377    6932 1662 3044  -1
   2378    1076 4124 5277  -1
   2379    397 4124 1076  -1
   2380    4733 5396 6786  -1
   2381    145 6407 2773  -1
   2382    145 2774 6407  -1
   2383    4113 3222 2364  -1
   2384    5610 397 1076  -1
   2385    3909 397 5610  -1
   2386    4031 6324 4142  -1
   2387    5924 3116 6488  -1
   2388    5924 6488 6026  -1
   2389    1034 649 5484  -1
   2390    4982 1547 2773  -1
   2391    6752 5169 1886  -1
   2392    139 6697 3957  -1
   2393    48 2758 5186  -1
   2394    48 5186 5187  -1
   2395    4407 5866 3966  -1
   2396    1833 4827 3771  -1
   2397    4616 1010 3541  -1
   2398    5150 4976 3444  -1
   2399    6313 3919 1109  -1
   2400    225 6313 1109  -1
   2401    4389 5610 1076  -1
   2402    4389 1077 5610  -1
   2403    3989 873 1422  -1
   2404    3575 4712 604  -1
   2405    2461 3753 6305  -1
   2406    373 5478 4168  -1
   2407    6244 2901 4597  -1
   2408    4472 1334 2750  -1
   2409    5739 1076 2417  -1
   2410    4389 1076 5739  -1
   2411    5368 649 3843  -1
   2412    446 5040 1829  -1
   2413    4670 648 2807  -1
   2414    6545 3741 4484  -1
   2415    894 2468 2035  -1
   2416    2245 343 5478  -1
   2417    6912 5631 1280  -1
   2418    3180 2202 6194  -1
   2419    4421 3226 5657  -1
   2420    4421 5657 737  -1
   2421    3041 5358 3716  -1
   2422    2472 4125 6980  -1
   2423    1946 6980 4125  -1
   2424    6910 5443 4418  -1
   2425    6396 2345 315  -1
   2426    2292 1859 4513  -1
   2427    2605 6659 5278  -1
   2428    6242 6659 2605  -1
   2429    6208 6934 1073  -1
   2430    4767 1407 2219  -1
   2431    157 4808 3009  -1
   2432    173 3226 6260  -1
   2433    2975 179 731  -1
   2434    3771 4792 685  -1
   2435    6289 2858 211  -1
   2436    125 5755 5257  -1
   2437    125 5257 2014  -1
   2438    6539 1010 5696  -1
   2439    6539 4415 1010  -1
   2440    1542 6437 2303  -1
   2441    3921 6457 6649  -1
   2442    22 978 572  -1
   2443    3987 2952 487  -1
   2444    3987 36 2952  -1
   2445    566 3181 3729  -1
   2446    665 1752 6824  -1
   2447    5309 1752 665  -1
   2448    6660 1804 2255  -1
   2449    6660 6866 1804  -1
   2450    4792 4337 2255  -1
   2451    5217 2604 1880  -1
   2452    6261 4758 4757  -1
   2453    6659 392 6866  -1
   2454    1256 2617 6972  -1
   2455    3845 2616 6873  -1
   2456    1542 6649 6457  -1
   2457    1542 2303 6649  -1
   2458    5722 4337 4792  -1
   2459    6242 392 6659  -1
   2460    6242 3422 392  -1
   2461    5457 34 4375  -1
   2462    233 4532 2604  -1
   2463    5061 222 1834  -1
   2464    791 1459 1008  -1
   2465    4747 2256 5519  -1
   2466    1551 392 3422  -1
   2467    4902 3097 599  -1
   2468    4429 2286 1485  -1
   2469    4421 685 6988  -1
   2470    6446 6988 685  -1
   2471    4792 3771 4827  -1
   2472    2236 6358 5236  -1
   2473    3607 185 2540  -1
   2474    4393 3391 1028  -1
   2475    1009 3225 3541  -1
   2476    2254 5746 6376  -1
   2477    2007 4559 705  -1
   2478    6457 5217 174  -1
   2479    506 1222 2086  -1
   2480    1587 6475 3839  -1
   2481    1475 216 6375  -1
   2482    3968 295 2167  -1
   2483    1857 843 3308  -1
   2484    647 1663 1662  -1
   2485    5723 3876 4337  -1
   2486    580 1717 2724  -1
   2487    5186 5822 5187  -1
   2488    6458 5187 711  -1
   2489    2758 590 2039  -1
   2490    5186 2758 2039  -1
   2491    1542 6457 174  -1
   2492    48 6458 2758  -1
   2493    3876 6649 2303  -1
   2494    5217 3422 174  -1
   2495    1542 6848 6437  -1
   2496    1542 174 6848  -1
   2497    1849 2702 5953  -1
   2498    6848 175 6437  -1
   2499    3684 5439 5072  -1
   2500    1715 221 5817  -1
   2501    175 3876 6437  -1
   2502    174 6242 6848  -1
   2503    2605 6848 6242  -1
   2504    2605 175 6848  -1
   2505    174 3422 6242  -1
   2506    1562 5754 5822  -1
   2507    5787 6459 3876  -1
   2508    1731 5217 6457  -1
   2509    711 3921 4530  -1
   2510    5787 3876 5723  -1
   2511    1731 3921 711  -1
   2512    1543 6458 4530  -1
   2513    1543 4530 5602  -1
   2514    711 4530 6458  -1
   2515    48 5187 6458  -1
   2516    2991 3237 5787  -1
   2517    4257 3075 5754  -1
   2518    2145 4757 5839  -1
   2519    3374 4083 1136  -1
   2520    2758 6458 1543  -1
   2521    6459 2758 1543  -1
   2522    1898 711 5187  -1
   2523    1898 233 711  -1
   2524    3729 5187 5822  -1
   2525    1959 2425 5755  -1
   2526    1562 5822 5186  -1
   2527    1562 5186 2039  -1
   2528    5723 1242 2991  -1
   2529    5723 2991 5787  -1
   2530    1731 711 233  -1
   2531    6035 4067 3336  -1
   2532    416 5446 2785  -1
   2533    376 1562 2039  -1
   2534    6822 376 2039  -1
   2535    4697 1859 2292  -1
   2536    4917 5008 1208  -1
   2537    5975 1960 3443  -1
   2538    590 5787 3237  -1
   2539    117 6779 5965  -1
   2540    2329 1188 2762  -1
   2541    3270 315 2014  -1
   2542    6793 819 5165  -1
   2543    3237 6822 590  -1
   2544    5928 3371 5259  -1
   2545    2607 869 3581  -1
   2546    5754 1562 376  -1
   2547    1642 6823 3580  -1
   2548    754 6563 4467  -1
   2549    5258 2991 1242  -1
   2550    5257 3270 2014  -1
   2551    1537 3678 2122  -1
   2552    376 6822 2425  -1
   2553    832 2425 6822  -1
   2554    6057 376 2425  -1
   2555    5686 1959 6504  -1
   2556    5686 6562 1959  -1
   2557    6286 4490 4977  -1
   2558    6893 5154 5299  -1
   2559    1836 6918 869  -1
   2560    6935 2920 5522  -1
   2561    6146 2485 4311  -1
   2562    6504 1959 125  -1
   2563    6504 125 5507  -1
   2564    4393 1028 6314  -1
   2565    3076 6562 5686  -1
   2566    1019 1852 3034  -1
   2567    4785 1660 5997  -1
   2568    2537 2804 6141  -1
   2569    6823 5979 3580  -1
   2570    6898 1921 4183  -1
   2571    6898 3793 1921  -1
   2572    5804 3556 1845  -1
   2573    2472 6260 1459  -1
   2574    247 3616 5519  -1
   2575    3679 1638 2009  -1
   2576    2623 5287 3946  -1
   2577    3689 2199 2873  -1
   2578    1489 5143 4708  -1
   2579    5206 1771 2959  -1
   2580    2361 1437 6122  -1
   2581    1997 710 3493  -1
   2582    1243 2473 4031  -1
   2583    3076 1645 3075  -1
   2584    4133 1300 2043  -1
   2585    5283 4862 2983  -1
   2586    2607 3581 1642  -1
   2587    1023 5231 6116  -1
   2588    2451 3397 3965  -1
   2589    3181 6006 1898  -1
   2590    5484 539 5985  -1
   2591    2079 4989 873  -1
   2592    5292 488 1873  -1
   2593    6726 5841 193  -1
   2594    844 1241 4549  -1
   2595    507 3976 6552  -1
   2596    6487 1572 6209  -1
   2597    82 4521 5488  -1
   2598    3119 1034 5620  -1
   2599    1150 6663 4835  -1
   2600    5985 970 2258  -1
   2601    5447 5979 562  -1
   2602    5447 562 2307  -1
   2603    3368 4413 1448  -1
   2604    1714 5963 5390  -1
   2605    4058 6512 1732  -1
   2606    2472 1459 6303  -1
   2607    5574 2363 4152  -1
   2608    4181 199 2857  -1
   2609    1314 5398 1955  -1
   2610    149 4043 1608  -1
   2611    2897 4786 2199  -1
   2612    1265 1856 6013  -1
   2613    5904 2733 5875  -1
   2614    4325 5139 1791  -1
   2615    377 2846 4011  -1
   2616    5159 4371 415  -1
   2617    2611 4736 1654  -1
   2618    5166 6854 2307  -1
   2619    3689 5185 5980  -1
   2620    5447 3580 5979  -1
   2621    4186 5533 4056  -1
   2622    6316 4093 4301  -1
   2623    5740 4314 3867  -1
   2624    840 2135 2639  -1
   2625    101 3578 6084  -1
   2626    2880 5059 5719  -1
   2627    1112 3519 6196  -1
   2628    6019 2095 1909  -1
   2629    1448 4412 3368  -1
   2630    4581 35 6329  -1
   2631    1718 4716 3282  -1
   2632    3904 2681 4476  -1
   2633    526 5417 5122  -1
   2634    6823 1642 3581  -1
   2635    2915 152 3954  -1
   2636    6329 2302 4581  -1
   2637    1683 5216 3554  -1
   2638    4356 5287 2623  -1
   2639    3634 3170 5894  -1
   2640    2873 6540 5185  -1
   2641    3188 1660 2749  -1
   2642    1451 5598 6161  -1
   2643    2884 6894 5411  -1
   2644    6527 4277 824  -1
   2645    2467 4437 544  -1
   2646    4482 2100 467  -1
   2647    1805 3181 5644  -1
   2648    4485 3741 6545  -1
   2649    520 4959 3251  -1
   2650    2149 1140 351  -1
   2651    4699 1736 3781  -1
   2652    764 4114 1823  -1
   2653    1507 2535 6121  -1
   2654    2508 1454 2436  -1
   2655    2508 5413 1454  -1
   2656    5009 5213 2970  -1
   2657    1454 5413 328  -1
   2658    6219 1362 5658  -1
   2659    4050 2558 4049  -1
   2660    55 6932 3044  -1
   2661    55 3044 791  -1
   2662    3473 853 6151  -1
   2663    2835 6665 3073  -1
   2664    739 2371 2689  -1
   2665    3021 575 5003  -1
   2666    2029 1460 4945  -1
   2667    3082 3472 229  -1
   2668    5598 2807 970  -1
   2669    5598 539 5368  -1
   2670    2530 1025 4573  -1
   2671    6770 2780 6792  -1
   2672    6940 5971 1238  -1
   2673    1513 5136 5760  -1
   2674    4731 2133 1749  -1
   2675    3839 6162 123  -1
   2676    3473 6151 5322  -1
   2677    6792 853 2781  -1
   2678    5102 3225 55  -1
   2679    4842 4843 3570  -1
   2680    6967 1390 3462  -1
   2681    2302 1291 5350  -1
   2682    647 1928 5815  -1
   2683    5134 6123 2587  -1
   2684    3329 6778 1783  -1
   2685    560 5833 5562  -1
   2686    4281 791 3044  -1
   2687    2624 3926 112  -1
   2688    1807 6428 3215  -1
   2689    5577 4268 663  -1
   2690    6958 3917 1356  -1
   2691    2465 5560 3918  -1
   2692    4311 5286 1557  -1
   2693    1728 4308 925  -1
   2694    5521 4276 5392  -1
   2695    6801 3346 635  -1
   2696    4311 1557 6146  -1
   2697    4387 72 5674  -1
   2698    4882 708 347  -1
   2699    3992 347 708  -1
   2700    2408 3374 6241  -1
   2701    3642 3577 2035  -1
   2702    3964 3080 1118  -1
   2703    6973 2734 3950  -1
   2704    5457 2453 34  -1
   2705    136 2814 6579  -1
   2706    619 6558 6728  -1
   2707    619 6733 6558  -1
   2708    1706 1447 5128  -1
   2709    261 6354 6850  -1
   2710    2910 6564 1550  -1
   2711    2315 5470 3478  -1
   2712    2779 2453 5457  -1
   2713    3079 6445 2250  -1
   2714    3428 2025 1055  -1
   2715    1360 3359 6395  -1
   2716    4622 1966 5962  -1
   2717    951 1267 6373  -1
   2718    4685 85 1235  -1
   2719    5254 6770 2781  -1
   2720    3666 2759 4383  -1
   2721    4628 1822 6344  -1
   2722    3600 3840 2913  -1
   2723    1098 5470 2038  -1
   2724    1276 2154 5190  -1
   2725    2413 5748 600  -1
   2726    5430 4611 379  -1
   2727    2118 2988 2845  -1
   2728    2002 2785 1495  -1
   2729    3197 4825 324  -1
   2730    3323 4444 2757  -1
   2731    2423 5933 5179  -1
   2732    2206 2927 4993  -1
   2733    5675 3142 19  -1
   2734    3987 6875 6519  -1
   2735    36 3987 6519  -1
   2736    4565 2849 822  -1
   2737    97 6418 5942  -1
   2738    2213 5174 2447  -1
   2739    4758 5839 4757  -1
   2740    2779 6875 487  -1
   2741    2779 5016 1614  -1
   2742    6390 5290 4636  -1
   2743    6434 2896 3550  -1
   2744    3839 6100 6162  -1
   2745    1731 233 2604  -1
   2746    3312 5084 6072  -1
   2747    1369 221 5945  -1
   2748    5694 221 3152  -1
   2749    5694 5945 221  -1
   2750    5353 3313 3412  -1
   2751    2721 218 1222  -1
   2752    3895 2785 3665  -1
   2753    2926 5839 903  -1
   2754    2926 2145 5839  -1
   2755    4672 34 2453  -1
   2756    5294 963 4672  -1
   2757    60 3991 6566  -1
   2758    60 6566 6968  -1
   2759    1098 2038 892  -1
   2760    4106 4175 2493  -1
   2761    3987 487 6875  -1
   2762    6489 1394 1703  -1
   2763    4758 2952 36  -1
   2764    3023 1591 2469  -1
   2765    499 3413 6862  -1
   2766    3896 6594 1520  -1
   2767    660 5369 2924  -1
   2768    1339 6125 6261  -1
   2769    904 1523 4606  -1
   2770    5322 1338 4757  -1
   2771    1639 3865 5315  -1
   2772    2740 2458 6002  -1
   2773    6434 251 3473  -1
   2774    474 5036 6937  -1
   2775    474 5724 5036  -1
   2776    5444 2372 6051  -1
   2777    5251 2069 621  -1
   2778    5436 6428 1807  -1
   2779    853 6792 5660  -1
   2780    853 5660 6151  -1
   2781    4573 1025 2625  -1
   2782    5101 1119 1808  -1
   2783    407 4699 3781  -1
   2784    1839 1273 5807  -1
   2785    6434 3473 2896  -1
   2786    4671 1339 1338  -1
   2787    3959 1339 4671  -1
   2788    5322 4671 1338  -1
   2789    3823 1471 4091  -1
   2790    6839 4197 1648  -1
   2791    2780 3959 6792  -1
   2792    6493 1000 4494  -1
   2793    147 4906 5687  -1
   2794    5470 3152 2038  -1
   2795    375 6488 3116  -1
   2796    251 853 3473  -1
   2797    251 2781 853  -1
   2798    3792 4757 2145  -1
   2799    1614 1369 5945  -1
   2800    4757 3792 2896  -1
   2801    1614 5016 2780  -1
   2802    3473 5322 4757  -1
   2803    5071 1690 1115  -1
   2804    5721 129 3059  -1
   2805    6054 3792 353  -1
   2806    4383 3665 3666  -1
   2807    221 1369 3153  -1
   2808    5175 4631 442  -1
   2809    3792 6054 451  -1
   2810    3552 475 3553  -1
   2811    5711 353 3792  -1
   2812    3171 6770 1160  -1
   2813    6627 3268 4494  -1
   2814    1520 3667 3895  -1
   2815    447 6175 1901  -1
   2816    2901 1713 5959  -1
   2817    3241 1031 6444  -1
   2818    3241 4680 1031  -1
   2819    519 4569 5604  -1
   2820    1237 2361 342  -1
   2821    4266 443 6619  -1
   2822    4266 6522 443  -1
   2823    410 2229 3932  -1
   2824    2294 4724 1626  -1
   2825    337 6773 5420  -1
   2826    4828 2860 3495  -1
   2827    3866 363 5638  -1
   2828    2816 3852 5246  -1
   2829    1491 2655 5705  -1
   2830    4938 3138 2635  -1
   2831    1350 5039 3482  -1
   2832    6026 1464 2215  -1
   2833    6026 6488 1464  -1
   2834    5924 2534 6337  -1
   2835    5924 6337 3116  -1
   2836    6421 2241 1020  -1
   2837    5083 2534 5924  -1
   2838    2557 5409 4304  -1
   2839    2499 5689 1439  -1
   2840    4999 6952 6416  -1
   2841    5254 4009 6770  -1
   2842    1235 5382 817  -1
   2843    553 6467 4284  -1
   2844    6309 2297 1120  -1
   2845    6738 738 4225  -1
   2846    2534 6989 6176  -1
   2847    2534 1032 6989  -1
   2848    4009 3873 1160  -1
   2849    1160 6770 4009  -1
   2850    3424 1330 2856  -1
   2851    1453 3482 2382  -1
   2852    794 4901 2547  -1
   2853    6111 6567 3646  -1
   2854    620 6385 1646  -1
   2855    3789 4122 2799  -1
   2856    4475 4474 1364  -1
   2857    4844 4845 753  -1
   2858    1032 3550 2848  -1
   2859    5819 5100 3550  -1
   2860    5015 5292 4472  -1
   2861    2875 236 1317  -1
   2862    6207 2181 5170  -1
   2863    1329 3524 6072  -1
   2864    2996 5308 890  -1
   2865    534 3523 3524  -1
   2866    2931 1984 5429  -1
   2867    2852 377 6309  -1
   2868    2852 5301 377  -1
   2869    6488 375 4681  -1
   2870    6860 1786 5179  -1
   2871    2516 1283 2515  -1
   2872    6463 4681 2781  -1
   2873    5254 2781 4681  -1
   2874    4791 3947 2477  -1
   2875    6579 1757 1121  -1
   2876    2835 132 6665  -1
   2877    3171 1369 2780  -1
   2878    1160 3873 3171  -1
   2879    1460 6205 4724  -1
   2880    4056 5533 1450  -1
   2881    3372 582 2990  -1
   2882    3171 2780 6770  -1
   2883    3630 4893 2242  -1
   2884    3407 3116 722  -1
   2885    3872 1089 2889  -1
   2886    1269 683 2892  -1
   2887    5392 5422 1827  -1
   2888    628 3784 5229  -1
   2889    6893 2484 5154  -1
   2890    6438 4210 2223  -1
   2891    3219 4910 4614  -1
   2892    2385 2775 1548  -1
   2893    77 6700 2941  -1
   2894    6241 3374 1136  -1
   2895    5093 1194 2403  -1
   2896    186 2983 3052  -1
   2897    3407 5093 2403  -1
   2898    6495 918 3050  -1
   2899    6877 6418 4497  -1
   2900    2860 422 6254  -1
   2901    566 5754 5644  -1
   2902    348 2333 6950  -1
   2903    3786 1808 332  -1
   2904    5151 6294 741  -1
   2905    1472 6614 2289  -1
   2906    2446 33 2549  -1
   2907    6978 4138 1676  -1
   2908    136 4246 2814  -1
   2909    722 6337 3733  -1
   2910    1298 5151 741  -1
   2911    3138 4938 1111  -1
   2912    4808 3449 1514  -1
   2913    2093 4952 4951  -1
   2914    4287 2907 6508  -1
   2915    4287 6774 2907  -1
   2916    3476 2793 776  -1
   2917    6490 5673 512  -1
   2918    3090 275 3555  -1
   2919    4462 6580 1025  -1
   2920    4368 3267 6749  -1
   2921    4922 4923 676  -1
   2922    4918 2194 3936  -1
   2923    5196 4318 5834  -1
   2924    5232 1563 1564  -1
   2925    2613 6481 925  -1
   2926    1377 3331 6584  -1
   2927    2250 3733 1613  -1
   2928    3644 3842 316  -1
   2929    1060 3912 1624  -1
   2930    1154 3310 5401  -1
   2931    1499 3832 792  -1
   2932    4208 2922 1966  -1
   2933    2288 6410 6532  -1
   2934    3466 4452 3467  -1
   2935    3090 4193 805  -1
   2936    6259 5339 2159  -1
   2937    6135 4582 751  -1
   2938    2214 3646 6567  -1
   2939    1441 4888 5608  -1
   2940    1685 3924 2592  -1
   2941    5083 2215 1032  -1
   2942    2311 4318 5196  -1
   2943    6330 6385 1361  -1
   2944    6329 6330 1361  -1
   2945    6015 5333 1518  -1
   2946    1123 2805 5666  -1
   2947    3249 2264 1734  -1
   2948    3498 654 4086  -1
   2949    539 5598 970  -1
   2950    1390 119 3279  -1
   2951    186 3312 2018  -1
   2952    4067 517 2306  -1
   2953    2665 3983 4834  -1
   2954    1749 4680 3241  -1
   2955    1749 2207 4680  -1
   2956    5183 4388 739  -1
   2957    5183 739 3321  -1
   2958    340 2104 3001  -1
   2959    2975 479 4330  -1
   2960    4084 5344 3800  -1
   2961    6922 6847 1943  -1
   2962    254 2551 1686  -1
   2963    2352 275 936  -1
   2964    6091 3612 3289  -1
   2965    4195 5588 1528  -1
   2966    3459 2627 2279  -1
   2967    830 30 3895  -1
   2968    6679 1709 798  -1
   2969    4739 715 2061  -1
   2970    1270 4637 3544  -1
   2971    1434 6071 6088  -1
   2972    4005 2392 2290  -1
   2973    6473 202 3087  -1
   2974    3553 935 3671  -1
   2975    6237 3605 2459  -1
   2976    4590 6219 2214  -1
   2977    3788 2617 2210  -1
   2978    308 2617 3788  -1
   2979    4316 3008 2062  -1
   2980    2826 2102 875  -1
   2981    3242 4223 6472  -1
   2982    3243 4223 3242  -1
   2983    5979 4090 5347  -1
   2984    178 468 5445  -1
   2985    6542 5303 2331  -1
   2986    4344 6798 4331  -1
   2987    4399 6655 154  -1
   2988    2267 4343 4912  -1
   2989    3291 2238 1161  -1
   2990    5609 170 2043  -1
   2991    3001 1529 340  -1
   2992    5858 6013 3351  -1
   2993    2455 3195 3479  -1
   2994    2565 147 3724  -1
   2995    1802 4563 4457  -1
   2996    6190 1558 630  -1
   2997    1863 381 4788  -1
   2998    1863 5106 381  -1
   2999    3534 6012 3791  -1
   3000    614 3650 5120  -1
   3001    144 1413 6202  -1
   3002    3731 1661 670  -1
   3003    2622 5681 5153  -1
   3004    4975 3494 4229  -1
   3005    4030 2683 2945  -1
   3006    4942 4619 4620  -1
   3007    6409 2527 1347  -1
   3008    2099 5596 4131  -1
   3009    3176 1250 676  -1
   3010    340 5124 6111  -1
   3011    4039 1615 6412  -1
   3012    4591 620 2978  -1
   3013    4591 5658 620  -1
   3014    3636 410 786  -1
   3015    4410 1443 6612  -1
   3016    3647 5407 570  -1
   3017    1950 4535 2783  -1
   3018    3139 2212 5884  -1
   3019    5659 5936 2672  -1
   3020    5659 2672 5658  -1
   3021    1561 3259 390  -1
   3022    423 2365 4123  -1
   3023    607 2202 1101  -1
   3024    4591 2978 3646  -1
   3025    5736 6593 3388  -1
   3026    2375 6578 5859  -1
   3027    437 4024 496  -1
   3028    1127 3606 2632  -1
   3029    4622 2898 1966  -1
   3030    6983 3120 2438  -1
   3031    5796 1303 3396  -1
   3032    3334 1455 5107  -1
   3033    4743 5472 1793  -1
   3034    2601 670 3571  -1
   3035    5328 784 2519  -1
   3036    1876 4303 5110  -1
   3037    1876 5110 5712  -1
   3038    1646 5480 6377  -1
   3039    1167 2142 4726  -1
   3040    1291 966 5350  -1
   3041    6460 2418 1004  -1
   3042    159 3552 3553  -1
   3043    3785 6978 2868  -1
   3044    1059 2920 6033  -1
   3045    4491 1830 6276  -1
   3046    1432 5144 5499  -1
   3047    4811 3540 3077  -1
   3048    664 4123 2365  -1
   3049    8 3519 1112  -1
   3050    2281 836 2531  -1
   3051    1033 5669 5247  -1
   3052    4703 6835 2049  -1
   3053    2459 935 3553  -1
   3054    1582 2131 2441  -1
   3055    1582 2441 4242  -1
   3056    4112 5250 2543  -1
   3057    6111 3646 3366  -1
   3058    600 3343 4360  -1
   3059    3268 6493 4494  -1
   3060    3952 966 1291  -1
   3061    2720 3952 988  -1
   3062    4738 2720 988  -1
   3063    1294 3394 6797  -1
   3064    4581 6881 35  -1
   3065    5123 5017 4256  -1
   3066    2367 3767 2589  -1
   3067    3963 423 3058  -1
   3068    3963 2365 423  -1
   3069    1855 643 6105  -1
   3070    1927 1190 698  -1
   3071    3458 2060 2867  -1
   3072    4052 2004 4979  -1
   3073    4865 2892 1071  -1
   3074    1584 507 5849  -1
   3075    2159 6762 6259  -1
   3076    1111 5543 3138  -1
   3077    1027 5565 5326  -1
   3078    6181 3618 4975  -1
   3079    5910 4525 4395  -1
   3080    5978 1707 3576  -1
   3081    748 6253 4826  -1
   3082    950 5964 4230  -1
   3083    5965 950 4230  -1
   3084    1 4572 6916  -1
   3085    2772 4410 6612  -1
   3086    2034 677 3576  -1
   3087    168 4519 6345  -1
   3088    6191 1364 1669  -1
   3089    6720 41 3350  -1
   3090    4231 6321 2775  -1
   3091    4962 2078 6319  -1
   3092    4724 6205 1626  -1
   3093    5255 1381 6754  -1
   3094    6654 1130 2637  -1
   3095    637 3374 2408  -1
   3096    1758 4845 4651  -1
   3097    1024 5689 224  -1
   3098    952 6729 1598  -1
   3099    159 6578 3552  -1
   3100    6431 815 5654  -1
   3101    6228 3565 5522  -1
   3102    5506 5616 1457  -1
   3103    339 2366 5684  -1
   3104    5161 967 4738  -1
   3105    3754 467 2100  -1
   3106    2820 2100 683  -1
   3107    3403 5496 1958  -1
   3108    6757 4603 2771  -1
   3109    462 3989 1422  -1
   3110    1750 4606 4605  -1
   3111    5604 4569 3288  -1
   3112    1090 5011 16  -1
   3113    1090 3454 5011  -1
   3114    1714 5390 3841  -1
   3115    338 3841 5390  -1
   3116    2419 3799 6308  -1
   3117    1293 3284 5489  -1
   3118    4850 989 6078  -1
   3119    4376 5273 3878  -1
   3120    4506 5693 1964  -1
   3121    1857 1603 843  -1
   3122    3745 2273 674  -1
   3123    3433 3871 4741  -1
   3124    5344 4980 2489  -1
   3125    6765 3690 5810  -1
   3126    2769 2926 903  -1
   3127    4195 3229 423  -1
   3128    9 4879 4092  -1
   3129    759 3689 3820  -1
   3130    2067 5679 3437  -1
   3131    6870 4219 932  -1
   3132    2590 4645 870  -1
   3133    3336 4741 4560  -1
   3134    2305 2776 1486  -1
   3135    6005 3748 453  -1
   3136    5448 4560 5193  -1
   3137    2241 5193 4560  -1
   3138    4935 1325 4190  -1
   3139    5362 3737 2570  -1
   3140    5395 5342 1341  -1
   3141    6907 6037 774  -1
   3142    1075 4658 3302  -1
   3143    2185 1170 5995  -1
   3144    4533 6378 3431  -1
   3145    6684 5411 2252  -1
   3146    5352 2578 3562  -1
   3147    1680 2418 6084  -1
   3148    3560 6436 495  -1
   3149    1508 3467 4452  -1
   3150    1886 4188 4080  -1
   3151    6499 224 1988  -1
   3152    2357 3314 5379  -1
   3153    5980 5185 1191  -1
   3154    6088 3320 1051  -1
   3155    3467 3981 3466  -1
   3156    2668 2667 4483  -1
   3157    3386 5502 170  -1
   3158    438 4425 4967  -1
   3159    2771 3578 381  -1
   3160    5783 4072 3661  -1
   3161    5695 6306 436  -1
   3162    5411 6894 2252  -1
   3163    2963 323 6133  -1
   3164    5300 3010 1718  -1
   3165    3988 5325 1739  -1
   3166    2748 5966 666  -1
   3167    3865 2643 5315  -1
   3168    5370 1080 2691  -1
   3169    6370 3856 2049  -1
   3170    181 6371 971  -1
   3171    705 2044 4585  -1
   3172    1832 5286 4311  -1
   3173    4250 4942 1013  -1
   3174    1234 1403 6795  -1
   3175    1362 2075 5659  -1
   3176    2816 5246 1033  -1
   3177    229 3472 1986  -1
   3178    5716 4730 3063  -1
   3179    4004 6821 1778  -1
   3180    5502 4340 170  -1
   3181    1566 4692 4749  -1
   3182    6184 940 3796  -1
   3183    2376 1223 5252  -1
   3184    2353 5175 866  -1
   3185    6245 2164 310  -1
   3186    1864 3169 5108  -1
   3187    2710 700 5801  -1
   3188    5049 4517 6120  -1
   3189    2436 6695 3053  -1
   3190    1454 6695 2436  -1
   3191    1880 2604 5479  -1
   3192    4847 1855 6914  -1
   3193    3764 1704 3568  -1
   3194    5393 4734 1784  -1
   3195    751 4582 3536  -1
   3196    3391 190 6075  -1
   3197    6083 6009 387  -1
   3198    1410 1934 6272  -1
   3199    3350 6764 3762  -1
   3200    6098 4371 2196  -1
   3201    1177 3061 4420  -1
   3202    2411 4570 1333  -1
   3203    5929 1163 4026  -1
   3204    4973 1253 6590  -1
   3205    4587 614 6235  -1
   3206    3113 1854 4570  -1
   3207    3588 2943 1216  -1
   3208    6633 2903 815  -1
   3209    4505 563 6531  -1
   3210    1077 1963 6324  -1
   3211    3520 2557 878  -1
   3212    6365 5831 530  -1
   3213    3081 3788 1978  -1
   3214    5625 203 2463  -1
   3215    5714 3458 5149  -1
   3216    4934 5934 320  -1
   3217    5965 6779 3497  -1
   3218    950 5965 3497  -1
   3219    601 3338 1082  -1
   3220    2018 4186 2701  -1
   3221    4221 5289 3468  -1
   3222    5221 3081 1978  -1
   3223    80 3860 1296  -1
   3224    5867 5757 808  -1
   3225    5873 5330 4019  -1
   3226    6062 4443 3429  -1
   3227    4532 4953 1178  -1
   3228    6785 2900 5501  -1
   3229    4604 2945 1291  -1
   3230    6020 2554 3374  -1
   3231    6092 2831 1967  -1
   3232    1701 1179 6905  -1
   3233    1805 4953 6006  -1
   3234    3747 327 5500  -1
   3235    6746 5500 327  -1
   3236    2686 868 29  -1
   3237    758 5734 4828  -1
   3238    2603 1508 5476  -1
   3239    3467 1508 2603  -1
   3240    6317 287 5177  -1
   3241    1604 2707 3886  -1
   3242    6126 712 3922  -1
   3243    1636 4796 156  -1
   3244    6916 6270 6477  -1
   3245    6916 4118 6270  -1
   3246    2737 5116 1346  -1
   3247    5088 3221 5911  -1
   3248    4745 56 3135  -1
   3249    6201 5469 142  -1
   3250    5986 2766 6210  -1
   3251    6664 763 5191  -1
   3252    1706 3582 1447  -1
   3253    2837 2005 4979  -1
   3254    4467 1271 1711  -1
   3255    4467 2486 1271  -1
   3256    5304 5197 6380  -1
   3257    4495 2989 1029  -1
   3258    5047 2850 3631  -1
   3259    312 3926 1116  -1
   3260    5670 3026 6467  -1
   3261    2218 5152 4896  -1
   3262    3313 4432 6142  -1
   3263    1008 1010 4616  -1
   3264    2102 3631 2850  -1
   3265    5014 1470 1345  -1
   3266    528 3142 5675  -1
   3267    273 6551 6552  -1
   3268    46 3015 2904  -1
   3269    3953 4750 4751  -1
   3270    261 6850 1351  -1
   3271    1974 364 5451  -1
   3272    4993 4739 2061  -1
   3273    4865 1071 2544  -1
   3274    4304 5409 5721  -1
   3275    3420 200 2966  -1
   3276    200 2626 2966  -1
   3277    977 6765 5919  -1
   3278    364 1974 6858  -1
   3279    2157 5544 2347  -1
   3280    3501 4528 4440  -1
   3281    2365 1014 664  -1
   3282    2366 664 1014  -1
   3283    3744 394 6156  -1
   3284    2092 960 4274  -1
   3285    6563 5809 2486  -1
   3286    6563 2488 5809  -1
   3287    2938 1307 2115  -1
   3288    503 5689 2801  -1
   3289    2713 3708 6466  -1
   3290    3836 1951 4477  -1
   3291    4372 2864 3866  -1
   3292    85 5382 1235  -1
   3293    335 5228 6682  -1
   3294    440 3112 1262  -1
   3295    173 6260 6980  -1
   3296    161 1293 6420  -1
   3297    1585 2246 1208  -1
   3298    4017 1066 1936  -1
   3299    1622 5473 3924  -1
   3300    4444 2606 741  -1
   3301    3924 3843 1622  -1
   3302    3631 2102 5702  -1
   3303    6657 5668 1564  -1
   3304    6751 2562 355  -1
   3305    3881 4772 1262  -1
   3306    488 2804 2310  -1
   3307    242 4480 3700  -1
   3308    4480 2791 5589  -1
   3309    470 3791 6012  -1
   3310    6602 5122 3296  -1
   3311    3129 6203 4469  -1
   3312    6238 1092 4850  -1
   3313    4317 5184 701  -1
   3314    4445 6373 2388  -1
   3315    46 3951 4675  -1
   3316    3015 46 4675  -1
   3317    912 3483 322  -1
   3318    2542 1124 4730  -1
   3319    4089 2275 4423  -1
   3320    2001 4326 4162  -1
   3321    4929 2313 6976  -1
   3322    5744 1511 6360  -1
   3323    1530 525 6080  -1
   3324    927 2386 3754  -1
   3325    6590 6213 1524  -1
   3326    712 4531 3307  -1
   3327    1157 3481 2322  -1
   3328    6766 119 3117  -1
   3329    5622 601 1082  -1
   3330    3479 1692 1867  -1
   3331    4351 5192 2040  -1
   3332    1207 5393 5194  -1
   3333    2866 6110 1635  -1
   3334    2607 5414 1836  -1
   3335    3015 358 5964  -1
   3336    3015 4675 358  -1
   3337    2501 6871 5338  -1
   3338    5351 4059 632  -1
   3339    701 4674 1780  -1
   3340    446 6686 2690  -1
   3341    1538 2574 815  -1
   3342    3994 3964 2858  -1
   3343    3994 995 3964  -1
   3344    147 5688 3724  -1
   3345    1248 4077 2953  -1
   3346    2380 31 811  -1
   3347    2575 2574 1842  -1
   3348    6754 1824 5255  -1
   3349    6730 4510 1916  -1
   3350    3554 5216 1138  -1
   3351    793 2641 5403  -1
   3352    78 1709 6679  -1
   3353    1176 6528 3984  -1
   3354    1576 2299 774  -1
   3355    3671 4268 3022  -1
   3356    576 2459 3605  -1
   3357    5036 6938 5035  -1
   3358    153 4357 6308  -1
   3359    1451 6161 6257  -1
   3360    2439 1289 2349  -1
   3361    4199 2542 2703  -1
   3362    2858 4725 211  -1
   3363    2495 6238 4851  -1
   3364    2068 1295 1107  -1
   3365    1456 4673 4325  -1
   3366    601 2979 3338  -1
   3367    6655 1325 4935  -1
   3368    4733 3120 5396  -1
   3369    96 3259 1778  -1
   3370    4509 4508 110  -1
   3371    2748 5673 6490  -1
   3372    1732 3030 5926  -1
   3373    4175 548 2493  -1
   3374    1355 701 1780  -1
   3375    4555 4556 2030  -1
   3376    5681 5370 3341  -1
   3377    434 3727 2989  -1
   3378    1356 5305 1913  -1
   3379    1276 2321 6535  -1
   3380    2463 203 5740  -1
   3381    5382 85 1620  -1
   3382    3099 5338 3098  -1
   3383    1018 5338 3099  -1
   3384    5010 3001 2104  -1
   3385    4159 6697 2554  -1
   3386    2111 5496 3491  -1
   3387    5265 1040 3027  -1
   3388    2383 4403 4729  -1
   3389    2463 5740 1572  -1
   3390    714 4251 6353  -1
   3391    1187 4052 4979  -1
   3392    2354 5707 3010  -1
   3393    5296 6534 103  -1
   3394    71 1882 6485  -1
   3395    4863 6648 1806  -1
   3396    6228 1059 20  -1
   3397    3483 1326 322  -1
   3398    3695 96 1560  -1
   3399    5595 1283 2516  -1
   3400    1361 2672 5936  -1
   3401    5877 3266 4218  -1
   3402    81 6592 6000  -1
   3403    6346 2015 2902  -1
   3404    1727 5313 3223  -1
   3405    4660 3508 4149  -1
   3406    3062 4730 1124  -1
   3407    5100 5819 967  -1
   3408    6233 1289 2645  -1
   3409    6308 4357 586  -1
   3410    1124 1991 3062  -1
   3411    1124 5437 1991  -1
   3412    2493 4528 4106  -1
   3413    4585 2007 705  -1
   3414    3353 205 3601  -1
   3415    1231 4885 3926  -1
   3416    4791 2477 6759  -1
   3417    1212 4368 5230  -1
   3418    5100 5161 2280  -1
   3419    3116 2403 375  -1
   3420    1150 4835 3940  -1
   3421    349 2294 1626  -1
   3422    3673 3672 736  -1
   3423    427 4608 4725  -1
   3424    2995 3854 319  -1
   3425    5521 3383 1806  -1
   3426    6759 5092 4791  -1
   3427    3256 4379 3563  -1
   3428    6210 3298 282  -1
   3429    5638 363 3542  -1
   3430    1155 5680 3617  -1
   3431    47 6695 328  -1
   3432    5986 1156 646  -1
   3433    381 5106 3902  -1
   3434    5743 4853 698  -1
   3435    6825 5920 282  -1
   3436    4904 6698 1747  -1
   3437    5465 2505 3618  -1
   3438    6030 4322 2902  -1
   3439    5798 6130 1313  -1
   3440    3434 2203 3982  -1
   3441    3237 832 6822  -1
   3442    5895 5210 3210  -1
   3443    5778 5290 6892  -1
   3444    1536 975 4185  -1
   3445    5715 5716 6535  -1
   3446    5190 441 2321  -1
   3447    2723 2722 885  -1
   3448    926 5178 4156  -1
   3449    2512 5505 3150  -1
   3450    559 2184 4884  -1
   3451    3525 395 1756  -1
   3452    4173 658 1057  -1
   3453    2474 1482 407  -1
   3454    4725 697 211  -1
   3455    6337 722 3116  -1
   3456    4096 4316 62  -1
   3457    3269 69 3200  -1
   3458    3039 1402 4931  -1
   3459    3617 6223 834  -1
   3460    5513 5512 6120  -1
   3461    4464 693 302  -1
   3462    1875 5359 4503  -1
   3463    3312 186 3052  -1
   3464    2283 878 6731  -1
   3465    3302 501 6074  -1
   3466    5851 2456 5054  -1
   3467    1908 3598 6721  -1
   3468    2614 2020 3484  -1
   3469    6827 3484 2020  -1
   3470    3830 2869 1193  -1
   3471    6402 5505 2512  -1
   3472    2243 746 2393  -1
   3473    5279 5034 1211  -1
   3474    1191 300 3688  -1
   3475    6232 5367 829  -1
   3476    2845 4157 2118  -1
   3477    50 5067 924  -1
   3478    3288 4209 5604  -1
   3479    3960 2514 428  -1
   3480    1498 5823 3419  -1
   3481    4438 512 6612  -1
   3482    336 6213 6590  -1
   3483    4590 1362 6219  -1
   3484    1764 6957 6007  -1
   3485    6591 198 3177  -1
   3486    6122 1437 5156  -1
   3487    217 1739 5325  -1
   3488    6056 2789 1847  -1
   3489    3426 1814 331  -1
   3490    2634 3882 372  -1
   3491    5046 2429 65  -1
   3492    1053 3505 5464  -1
   3493    271 1819 6415  -1
   3494    5464 3505 2178  -1
   3495    411 3063 4730  -1
   3496    1677 5365 4495  -1
   3497    5799 1688 2628  -1
   3498    3637 135 6356  -1
   3499    2864 1456 4325  -1
   3500    965 2470 2981  -1
   3501    4738 967 2026  -1
   3502    492 2722 2723  -1
   3503    6648 1891 73  -1
   3504    4385 773 2664  -1
   3505    2056 6776 6227  -1
   3506    388 4977 2935  -1
   3507    3577 544 2813  -1
   3508    5157 444 6776  -1
   3509    2101 5376 5047  -1
   3510    4708 6932 55  -1
   3511    1899 4261 268  -1
   3512    1863 4788 6421  -1
   3513    5267 4784 2875  -1
   3514    609 4209 2101  -1
   3515    2174 5567 4139  -1
   3516    3301 1766 29  -1
   3517    2684 4014 4929  -1
   3518    5203 1267 951  -1
   3519    5431 610 3534  -1
   3520    6975 1652 5270  -1
   3521    1225 2844 1816  -1
   3522    674 5549 184  -1
   3523    6341 6715 2218  -1
   3524    1297 5611 3529  -1
   3525    2564 2222 5511  -1
   3526    6471 2583 1119  -1
   3527    2519 321 6796  -1
   3528    4653 5887 1122  -1
   3529    4807 4478 3281  -1
   3530    6837 695 2754  -1
   3531    2908 3098 5021  -1
   3532    4321 1589 2206  -1
   3533    3859 2932 235  -1
   3534    5699 1727 6736  -1
   3535    2134 5427 1696  -1
   3536    3251 4959 2110  -1
   3537    3878 6647 2870  -1
   3538    5144 6058 731  -1
   3539    5306 1075 3302  -1
   3540    2110 5726 5604  -1
   3541    140 4966 3201  -1
   3542    2292 6152 4697  -1
   3543    4499 2594 6631  -1
   3544    2999 4169 1487  -1
   3545    3664 6023 1744  -1
   3546    1917 4340 5502  -1
   3547    3638 520 2863  -1
   3548    6625 4446 2681  -1
   3549    1496 5930 3275  -1
   3550    6518 4262 2374  -1
   3551    3563 811 4837  -1
   3552    305 6507 2248  -1
   3553    6605 3720 26  -1
   3554    6605 26 2863  -1
   3555    4003 1644 597  -1
   3556    673 6294 5151  -1
   3557    6053 6413 472  -1
   3558    5220 2760 4549  -1
   3559    303 6110 3743  -1
   3560    6758 666 4232  -1
   3561    4710 4097 2839  -1
   3562    294 3109 1503  -1
   3563    5990 1523 4769  -1
   3564    1880 5479 2894  -1
   3565    3499 2356 5662  -1
   3566    2406 5010 663  -1
   3567    3703 2823 2822  -1
   3568    1685 5368 3843  -1
   3569    6138 5410 3099  -1
   3570    552 6647 2381  -1
   3571    5337 2961 641  -1
   3572    5345 4029 1103  -1
   3573    3283 860 6296  -1
   3574    2840 2259 3979  -1
   3575    46 2904 6906  -1
   3576    2057 494 5222  -1
   3577    2673 5037 390  -1
   3578    850 3756 6310  -1
   3579    4679 2207 4223  -1
   3580    1921 3146 6954  -1
   3581    3027 1040 3159  -1
   3582    1318 3289 3612  -1
   3583    4519 4839 6345  -1
   3584    1927 4214 5205  -1
   3585    509 4111 3395  -1
   3586    580 2724 5547  -1
   3587    4373 1723 6756  -1
   3588    1799 3540 4397  -1
   3589    1799 6304 3540  -1
   3590    2146 5230 6749  -1
   3591    1942 370 5557  -1
   3592    4744 4696 1793  -1
   3593    1942 6302 5545  -1
   3594    3938 3973 1522  -1
   3595    4352 5580 6618  -1
   3596    793 5403 3851  -1
   3597    5653 3920 3629  -1
   3598    2345 6396 1242  -1
   3599    6022 3764 3568  -1
   3600    371 1145 6927  -1
   3601    3221 923 4396  -1
   3602    5433 6942 2283  -1
   3603    1361 6385 2672  -1
   3604    6064 658 1461  -1
   3605    5972 918 1649  -1
   3606    1310 6064 6065  -1
   3607    2397 409 4838  -1
   3608    2397 4460 2873  -1
   3609    1747 4431 92  -1
   3610    1747 1918 4431  -1
   3611    6310 4328 850  -1
   3612    74 2913 3003  -1
   3613    74 3003 2412  -1
   3614    4684 668 4105  -1
   3615    1103 4029 4832  -1
   3616    1239 2922 4284  -1
   3617    4429 1485 5895  -1
   3618    1548 5605 1547  -1
   3619    2775 6321 4994  -1
   3620    2751 1374 5149  -1
   3621    3995 2890 1796  -1
   3622    5844 3216 746  -1
   3623    3689 759 2199  -1
   3624    4323 263 3995  -1
   3625    669 1788 3081  -1
   3626    5977 4541 4542  -1
   3627    6677 1462 2314  -1
   3628    27 3348 2510  -1
   3629    6116 5231 4496  -1
   3630    6911 2082 5195  -1
   3631    6324 4031 3909  -1
   3632    4053 2297 6309  -1
   3633    6810 2182 4245  -1
   3634    5687 2180 5688  -1
   3635    6360 3928 3755  -1
   3636    4999 6416 2445  -1
   3637    2912 4335 5642  -1
   3638    1992 79 4386  -1
   3639    942 4548 2235  -1
   3640    5718 1537 2122  -1
   3641    6666 514 6859  -1
   3642    5041 3948 12  -1
   3643    973 2202 607  -1
   3644    5697 720 3408  -1
   3645    5896 6292 1111  -1
   3646    3760 5668 3020  -1
   3647    5162 2296 4427  -1
   3648    1316 3277 1292  -1
   3649    6227 5461 820  -1
   3650    1257 6227 820  -1
   3651    6344 1545 6632  -1
   3652    827 4748 2679  -1
   3653    3810 6455 626  -1
   3654    714 6353 6791  -1
   3655    1732 5926 4058  -1
   3656    2113 1172 6363  -1
   3657    1768 2464 729  -1
   3658    1270 3236 6216  -1
   3659    2081 218 1284  -1
   3660    6942 878 2283  -1
   3661    1918 6741 6811  -1
   3662    4132 6947 6716  -1
   3663    1143 2166 92  -1
   3664    3230 92 2166  -1
   3665    3936 2361 4918  -1
   3666    781 4998 4997  -1
   3667    6826 3980 6145  -1
   3668    6979 776 22  -1
   3669    3546 97 5850  -1
   3670    1656 4575 3453  -1
   3671    4756 2618 4399  -1
   3672    4756 1878 2618  -1
   3673    5882 2809 6279  -1
   3674    2417 1076 5277  -1
   3675    5249 2652 597  -1
   3676    3742 5781 3186  -1
   3677    1107 1041 6044  -1
   3678    3543 2634 3669  -1
   3679    2833 1954 1054  -1
   3680    4082 4852 1473  -1
   3681    4286 1131 6513  -1
   3682    743 3976 5708  -1
   3683    6042 454 5672  -1
   3684    108 2572 2057  -1
   3685    5943 770 2277  -1
   3686    5392 1827 4435  -1
   3687    4786 61 3275  -1
   3688    5094 2888 5537  -1
   3689    5736 6614 2141  -1
   3690    2950 6526 5243  -1
   3691    4114 1969 5559  -1
   3692    3281 1357 3324  -1
   3693    4405 1519 2367  -1
   3694    2024 5054 12  -1
   3695    2528 957 4627  -1
   3696    2391 3276 1483  -1
   3697    3460 2483 3675  -1
   3698    128 5616 2348  -1
   3699    1695 2440 302  -1
   3700    1105 4753 2673  -1
   3701    4753 1105 5235  -1
   3702    5065 4349 905  -1
   3703    5269 2990 582  -1
   3704    4558 6232 3155  -1
   3705    2679 592 827  -1
   3706    1433 2819 4696  -1
   3707    5835 1615 4483  -1
   3708    410 4704 6419  -1
   3709    6511 5486 2610  -1
   3710    5230 2146 360  -1
   3711    1817 2621 1106  -1
   3712    1817 6522 2621  -1
   3713    1887 3427 6075  -1
   3714    3606 3372 947  -1
   3715    5345 4663 3206  -1
   3716    4820 5393 1784  -1
   3717    6873 2616 1499  -1
   3718    6656 1428 2498  -1
   3719    5996 220 6050  -1
   3720    4279 1164 5133  -1
   3721    6216 1879 367  -1
   3722    3084 6144 1388  -1
   3723    3857 4274 2308  -1
   3724    5133 491 1540  -1
   3725    190 2080 1887  -1
   3726    2815 4721 98  -1
   3727    1689 1106 6764  -1
   3728    4074 3457 2924  -1
   3729    2835 6522 4266  -1
   3730    2835 3073 6522  -1
   3731    3182 2423 845  -1
   3732    4741 680 5182  -1
   3733    4445 951 6373  -1
   3734    5658 2672 620  -1
   3735    1561 390 4055  -1
   3736    2021 3121 2990  -1
   3737    5454 2437 6802  -1
   3738    1587 6907 774  -1
   3739    4930 1402 4334  -1
   3740    6491 4801 1977  -1
   3741    1634 3668 6435  -1
   3742    4880 2710 2709  -1
   3743    4554 980 4553  -1
   3744    2510 1164 4279  -1
   3745    6104 4320 220  -1
   3746    3392 4580 4167  -1
   3747    5074 2735 1775  -1
   3748    3975 1821 1210  -1
   3749    5580 1815 6071  -1
   3750    719 720 5697  -1
   3751    2824 5445 4538  -1
   3752    1261 6960 5192  -1
   3753    2971 5861 6944  -1
   3754    5548 6966 2235  -1
   3755    2395 4092 4612  -1
   3756    3375 129 5721  -1
   3757    6544 3348 3925  -1
   3758    3416 4693 565  -1
   3759    4766 1885 4184  -1
   3760    5922 2200 4659  -1
   3761    6890 3944 6063  -1
   3762    6609 4430 362  -1
   3763    2648 6609 362  -1
   3764    2464 5740 729  -1
   3765    679 6255 2653  -1
   3766    3296 3785 6080  -1
   3767    5122 3785 3296  -1
   3768    3296 6080 6602  -1
   3769    3517 521 4252  -1
   3770    4303 4692 1566  -1
   3771    4656 5477 4800  -1
   3772    5396 3120 6983  -1
   3773    6335 1592 3709  -1
   3774    1294 5705 3394  -1
   3775    1608 4043 2282  -1
   3776    3129 4469 6127  -1
   3777    4118 533 6270  -1
   3778    6653 6040 4625  -1
   3779    534 2930 5143  -1
   3780    2374 869 6518  -1
   3781    4656 331 1738  -1
   3782    936 5232 3760  -1
   3783    1296 6996 4374  -1
   3784    5779 6150 3564  -1
   3785    2615 6873 792  -1
   3786    5985 2258 1178  -1
   3787    5273 1423 3878  -1
   3788    4426 895 5652  -1
   3789    3135 56 923  -1
   3790    6952 272 2446  -1
   3791    1515 5145 4002  -1
   3792    2260 2840 2900  -1
   3793    596 3377 3617  -1
   3794    1729 1419 3328  -1
   3795    2297 5101 3786  -1
   3796    1436 3250 2272  -1
   3797    3302 94 4477  -1
   3798    3897 4612 2424  -1
   3799    4639 893 6816  -1
   3800    5991 413 214  -1
   3801    684 6400 4060  -1
   3802    4423 1232 4146  -1
   3803    2338 2337 5130  -1
   3804    1573 4691 2164  -1
   3805    6815 5685 3828  -1
   3806    6339 4070 6619  -1
   3807    5403 6018 3851  -1
   3808    4181 2857 1582  -1
   3809    3835 2905 5498  -1
   3810    2552 3943 406  -1
   3811    6037 5025 3325  -1
   3812    6597 6000 3082  -1
   3813    5853 1419 1729  -1
   3814    657 6586 1256  -1
   3815    1273 2800 5664  -1
   3816    465 1424 1425  -1
   3817    2106 937 6657  -1
   3818    1229 2393 3583  -1
   3819    672 2212 3139  -1
   3820    2681 4446 4476  -1
   3821    1580 5470 2315  -1
   3822    1448 6187 5050  -1
   3823    3016 6538 4814  -1
   3824    1827 5422 3298  -1
   3825    3985 5008 4917  -1
   3826    3693 691 1358  -1
   3827    3879 5495 6158  -1
   3828    4367 86 1960  -1
   3829    1715 5817 576  -1
   3830    2166 1143 6230  -1
   3831    3660 1885 5811  -1
   3832    3509 349 1626  -1
   3833    2193 2700 1387  -1
   3834    6093 3750 3686  -1
   3835    2017 1497 6869  -1
   3836    4268 6077 663  -1
   3837    2592 3924 3253  -1
   3838    630 6888 279  -1
   3839    2646 2539 703  -1
   3840    2477 6414 6759  -1
   3841    3877 5874 95  -1
   3842    549 4832 5504  -1
   3843    1255 5061 1834  -1
   3844    5143 2930 4708  -1
   3845    3975 1210 4047  -1
   3846    632 3861 143  -1
   3847    895 6768 5073  -1
   3848    786 403 2383  -1
   3849    2059 1695 302  -1
   3850    2484 6581 6574  -1
   3851    574 5444 2432  -1
   3852    493 5682 4502  -1
   3853    1695 3450 2624  -1
   3854    203 1058 1599  -1
   3855    952 5511 2054  -1
   3856    5133 1164 491  -1
   3857    1531 5626 6415  -1
   3858    425 5889 744  -1
   3859    3763 2482 4884  -1
   3860    5672 6514 4561  -1
   3861    5125 2401 1352  -1
   3862    986 5617 1720  -1
   3863    741 6226 1809  -1
   3864    750 4909 6712  -1
   3865    255 2036 2037  -1
   3866    5932 2593 3342  -1
   3867    3961 2057 1720  -1
   3868    4342 442 3293  -1
   3869    988 2409 3087  -1
   3870    2352 6517 5635  -1
   3871    4881 2627 6374  -1
   3872    5673 6789 2772  -1
   3873    6333 857 3815  -1
   3874    4021 6302 1145  -1
   3875    2618 1325 6655  -1
   3876    1889 5536 330  -1
   3877    3092 3093 107  -1
   3878    4835 2940 3046  -1
   3879    3899 2389 3763  -1
   3880    6416 6952 916  -1
   3881    2510 4279 261  -1
   3882    4623 5072 1812  -1
   3883    3361 2582 709  -1
   3884    4364 3654 42  -1
   3885    2750 4842 4841  -1
   3886    6395 3359 391  -1
   3887    2435 2726 6882  -1
   3888    753 2726 2435  -1
   3889    4992 5211 1066  -1
   3890    4756 4522 1878  -1
   3891    131 6186 4706  -1
   3892    5026 2960 2147  -1
   3893    2130 4847 593  -1
   3894    279 2128 630  -1
   3895    6094 2393 746  -1
   3896    5341 1932 6342  -1
   3897    2441 6864 5384  -1
   3898    2441 5384 6384  -1
   3899    4910 993 5115  -1
   3900    6447 2685 4599  -1
   3901    5035 6936 6937  -1
   3902    3896 5319 6153  -1
   3903    1053 4406 6769  -1
   3904    2252 6894 304  -1
   3905    1411 5784 2830  -1
   3906    407 1129 2637  -1
   3907    975 4730 5716  -1
   3908    4763 2276 3613  -1
   3909    4363 3260 205  -1
   3910    2841 5330 28  -1
   3911    383 4525 5840  -1
   3912    6781 767 1815  -1
   3913    4745 4396 56  -1
   3914    5334 2028 1026  -1
   3915    3341 4613 5153  -1
   3916    2749 4784 1659  -1
   3917    2864 2904 3497  -1
   3918    3651 5804 393  -1
   3919    6153 2146 3273  -1
   3920    6676 545 6501  -1
   3921    6591 2591 1228  -1
   3922    3128 1228 2591  -1
   3923    490 5022 6138  -1
   3924    4468 754 5964  -1
   3925    4000 88 5554  -1
   3926    498 5357 5796  -1
   3927    3172 4081 1785  -1
   3928    1685 6161 5368  -1
   3929    6173 3222 3221  -1
   3930    3477 5138 1855  -1
   3931    4934 320 3104  -1
   3932    4428 6888 4047  -1
   3933    32 4306 1801  -1
   3934    3450 631 2624  -1
   3935    5145 6107 2405  -1
   3936    3093 4057 5569  -1
   3937    3903 1095 4037  -1
   3938    2720 4738 3521  -1
   3939    4647 133 1499  -1
   3940    6825 282 3823  -1
   3941    6514 6891 105  -1
   3942    2248 6507 2116  -1
   3943    3560 1227 2831  -1
   3944    752 3435 98  -1
   3945    4047 3071 2012  -1
   3946    730 1588 5293  -1
   3947    6999 5204 855  -1
   3948    2139 6354 4279  -1
   3949    3389 1290 2560  -1
   3950    2854 1712 165  -1
   3951    6727 4893 2346  -1
   3952    6934 4765 2713  -1
   3953    4230 754 4467  -1
   3954    348 5587 2188  -1
   3955    6888 630 964  -1
   3956    3962 3058 1404  -1
   3957    6575 2931 1586  -1
   3958    5465 3618 5680  -1
   3959    555 2313 3602  -1
   3960    3164 2354 6079  -1
   3961    4086 6833 1452  -1
   3962    3969 2576 1365  -1
   3963    5621 5919 6765  -1
   3964    4359 425 843  -1
   3965    5181 3063 1056  -1
   3966    5388 6556 198  -1
   3967    5028 537 3471  -1
   3968    5391 2420 1964  -1
   3969    4058 900 3622  -1
   3970    1599 4314 203  -1
   3971    2672 6385 620  -1
   3972    1292 6112 4010  -1
   3973    3568 878 6942  -1
   3974    6552 3976 1850  -1
   3975    2870 6467 3878  -1
   3976    4103 359 4894  -1
   3977    148 2680 1007  -1
   3978    5022 4099 6554  -1
   3979    690 5707 2354  -1
   3980    6896 2278 3518  -1
   3981    5116 3421 558  -1
   3982    2947 3620 993  -1
   3983    2870 552 5670  -1
   3984    6467 3026 4284  -1
   3985    2756 3247 1261  -1
   3986    5721 5409 3375  -1
   3987    6615 156 4796  -1
   3988    3111 1556 4592  -1
   3989    81 5830 6984  -1
   3990    1639 3614 5564  -1
   3991    4802 1679 24  -1
   3992    964 3697 4047  -1
   3993    6833 4333 1452  -1
   3994    342 4333 6833  -1
   3995    4641 5231 182  -1
   3996    1586 343 6575  -1
   3997    4714 5828 2499  -1
   3998    4899 2487 4836  -1
   3999    2123 4798 6761  -1
   4000    6686 4263 4825  -1
   4001    547 1578 3162  -1
   4002    5653 2190 3640  -1
   4003    6917 5867 5869  -1
   4004    6298 3489 65  -1
   4005    1503 5693 4507  -1
   4006    6466 4644 1676  -1
   4007    502 3352 1927  -1
   4008    1411 4618 4894  -1
   4009    933 4253 1698  -1
   4010    4325 6399 5139  -1
   4011    4254 2686 2007  -1
   4012    2929 574 4549  -1
   4013    993 5706 5115  -1
   4014    2813 5768 996  -1
   4015    5416 690 2354  -1
   4016    1219 1826 4012  -1
   4017    3703 2822 1657  -1
   4018    4468 5621 754  -1
   4019    2902 4322 6831  -1
   4020    6473 6472 202  -1
   4021    4774 1697 435  -1
   4022    6243 6708 4837  -1
   4023    5918 2434 6843  -1
   4024    2867 2716 6039  -1
   4025    2329 6626 625  -1
   4026    3315 1316 5318  -1
   4027    442 1312 3293  -1
   4028    6878 1694 3673  -1
   4029    1056 3063 411  -1
   4030    4468 5919 5621  -1
   4031    6258 3445 2651  -1
   4032    2277 3399 1625  -1
   4033    4603 6084 3578  -1
   4034    1639 1067 3614  -1
   4035    4250 3317 4076  -1
   4036    1390 3278 119  -1
   4037    5897 6098 2196  -1
   4038    1548 1547 4145  -1
   4039    4355 4027 5800  -1
   4040    490 6138 3099  -1
   4041    948 2264 3249  -1
   4042    6372 2119 2120  -1
   4043    1391 6372 2120  -1
   4044    764 5820 4114  -1
   4045    4786 3275 409  -1
   4046    3436 2044 705  -1
   4047    4715 287 6317  -1
   4048    4911 3265 603  -1
   4049    909 5528 300  -1
   4050    5922 6484 6182  -1
   4051    3109 6051 326  -1
   4052    5473 5078 188  -1
   4053    141 2484 6574  -1
   4054    4315 1427 1697  -1
   4055    6263 2563 3217  -1
   4056    4553 6924 1486  -1
   4057    4554 4553 280  -1
   4058    985 2221 3710  -1
   4059    3434 3433 1684  -1
   4060    3256 6708 5212  -1
   4061    1248 2953 2954  -1
   4062    4590 4589 1362  -1
   4063    483 6760 1517  -1
   4064    2387 4194 4490  -1
   4065    6560 243 3286  -1
   4066    3065 1988 6946  -1
   4067    1486 3065 6946  -1
   4068    2563 307 3217  -1
   4069    3772 3217 307  -1
   4070    5724 1055 3765  -1
   4071    3539 6159 1089  -1
   4072    353 3521 6054  -1
   4073    3686 5675 901  -1
   4074    5535 2998 812  -1
   4075    2599 197 4771  -1
   4076    6950 2333 2332  -1
   4077    291 1825 5261  -1
   4078    1389 6536 6967  -1
   4079    3432 2389 120  -1
   4080    2114 6363 1172  -1
   4081    1472 3877 95  -1
   4082    2288 6409 6410  -1
   4083    4529 2191 3131  -1
   4084    344 2685 1138  -1
   4085    3022 3366 898  -1
   4086    5011 5091 16  -1
   4087    863 4473 1097  -1
   4088    3461 4881 6374  -1
   4089    137 6961 5836  -1
   4090    6781 4033 5615  -1
   4091    4016 449 6598  -1
   4092    4069 2317 1633  -1
   4093    1439 503 2877  -1
   4094    5805 6525 4584  -1
   4095    1056 6648 5181  -1
   4096    4467 1711 4230  -1
   4097    4728 6021 6533  -1
   4098    4611 2912 1983  -1
   4099    5736 3388 3283  -1
   4100    2846 470 4011  -1
   4101    3779 5227 2414  -1
   4102    1677 4300 5365  -1
   4103    2894 1009 3541  -1
   4104    346 6656 2498  -1
   4105    4285 1945 2269  -1
   4106    2790 2789 428  -1
   4107    1323 5792 4678  -1
   4108    3480 2162 578  -1
   4109    5805 3005 6601  -1
   4110    1401 6581 2484  -1
   4111    1863 4752 2939  -1
   4112    930 3532 1937  -1
   4113    1208 5008 1585  -1
   4114    4677 3775 1337  -1
   4115    4592 1556 3437  -1
   4116    4954 1403 2367  -1
   4117    2851 3781 3423  -1
   4118    5974 1595 6268  -1
   4119    2106 6077 1650  -1
   4120    5003 5004 3021  -1
   4121    446 3378 6686  -1
   4122    5087 5763 5764  -1
   4123    725 4971 3199  -1
   4124    6071 3320 6088  -1
   4125    6776 6971 3384  -1
   4126    5362 2570 3086  -1
   4127    4054 4318 2311  -1
   4128    3522 4824 2446  -1
   4129    1506 4187 953  -1
   4130    1389 6967 3462  -1
   4131    2567 3145 4766  -1
   4132    1470 428 2514  -1
   4133    6096 5898 1480  -1
   4134    4338 5044 367  -1
   4135    459 4400 3245  -1
   4136    5604 3999 2110  -1
   4137    6050 3687 5597  -1
   4138    907 3355 578  -1
   4139    1088 5724 3919  -1
   4140    2800 4346 5664  -1
   4141    2233 1438 6248  -1
   4142    4558 954 2429  -1
   4143    6167 6972 2617  -1
   4144    6608 3245 2625  -1
   4145    3514 4418 2209  -1
   4146    3350 1689 6764  -1
   4147    813 4370 289  -1
   4148    1956 3189 4543  -1
   4149    3868 1058 4948  -1
   4150    1024 3803 2801  -1
   4151    2553 1343 6691  -1
   4152    4008 6939 1538  -1
   4153    3496 6185 2862  -1
   4154    3357 5620 1805  -1
   4155    2802 6118 5126  -1
   4156    4540 3863 192  -1
   4157    2035 2468 5976  -1
   4158    6710 5870 3172  -1
   4159    4599 2685 344  -1
   4160    127 5411 6684  -1
   4161    1874 6335 3709  -1
   4162    4507 5693 4506  -1
   4163    2189 4878 6280  -1
   4164    1445 3344 823  -1
   4165    1783 4346 2800  -1
   4166    1172 1706 2114  -1
   4167    2677 5188 5464  -1
   4168    4621 5785 2974  -1
   4169    6858 2764 6845  -1
   4170    6747 6818 3096  -1
   4171    5763 5087 414  -1
   4172    4499 4500 6927  -1
   4173    5690 2006 6543  -1
   4174    5874 379 95  -1
   4175    2237 1069 5704  -1
   4176    5514 344 2328  -1
   4177    5619 4933 3133  -1
   4178    368 2578 4650  -1
   4179    5089 2011 1142  -1
   4180    1232 3682 5436  -1
   4181    6422 2109 5481  -1
   4182    5157 2056 5123  -1
   4183    1498 428 5823  -1
   4184    6617 1653 5767  -1
   4185    6671 580 1992  -1
   4186    1524 6213 5720  -1
   4187    3564 6531 5779  -1
   4188    430 3496 3526  -1
   4189    3526 3496 1301  -1
   4190    304 6894 6554  -1
   4191    1355 1780 2620  -1
   4192    3367 6613 2088  -1
   4193    2305 6132 3887  -1
   4194    2776 2305 3887  -1
   4195    4793 5905 5506  -1
   4196    551 4377 1989  -1
   4197    2398 3645 291  -1
   4198    1448 5050 4412  -1
   4199    3637 6620 969  -1
   4200    5796 5357 1303  -1
   4201    5050 6187 702  -1
   4202    2139 2712 6850  -1
   4203    4754 594 106  -1
   4204    2893 4128 4855  -1
   4205    2925 3858 4504  -1
   4206    4276 1806 4664  -1
   4207    3267 6951 5069  -1
   4208    6678 31 2888  -1
   4209    5058 4536 1446  -1
   4210    6599 717 5355  -1
   4211    3143 5446 416  -1
   4212    5306 3769 4211  -1
   4213    2131 2012 3071  -1
   4214    1633 728 2974  -1
   4215    2717 3495 4233  -1
   4216    3087 5161 988  -1
   4217    5240 3770 349  -1
   4218    2092 2168 470  -1
   4219    6163 2842 1035  -1
   4220    4280 3044 1663  -1
   4221    2535 1354 3815  -1
   4222    5099 6775 6998  -1
   4223    6383 3317 1913  -1
   4224    1867 1692 5200  -1
   4225    4617 63 2918  -1
   4226    1945 1122 2269  -1
   4227    2923 3486 5887  -1
   4228    1610 1113 2969  -1
   4229    5658 1362 5659  -1
   4230    1224 4289 2201  -1
   4231    1732 5172 1851  -1
   4232    1824 1200 380  -1
   4233    3998 1044 3699  -1
   4234    96 6902 3103  -1
   4235    1122 5887 3486  -1
   4236    4441 916 6952  -1
   4237    5146 5937 2827  -1
   4238    1453 104 3482  -1
   4239    5586 2390 4364  -1
   4240    719 3424 2856  -1
   4241    6338 2708 1969  -1
   4242    2787 3471 62  -1
   4243    3257 256 3410  -1
   4244    5274 2916 5648  -1
   4245    3075 4780 5644  -1
   4246    1425 5640 4824  -1
   4247    1424 5640 1425  -1
   4248    5339 5340 3841  -1
   4249    3700 1445 823  -1
   4250    1400 3691 3804  -1
   4251    3592 6826 532  -1
   4252    6514 105 4561  -1
   4253    2085 6674 6124  -1
   4254    1419 6885 2597  -1
   4255    1120 3786 6702  -1
   4256    5705 2655 3394  -1
   4257    4557 1351 6602  -1
   4258    1846 3348 27  -1
   4259    1213 3893 2702  -1
   4260    1876 1004 2418  -1
   4261    2516 4940 6371  -1
   4262    2645 851 4000  -1
   4263    4871 4448 223  -1
   4264    5647 3265 2770  -1
   4265    5497 2753 640  -1
   4266    741 2606 3231  -1
   4267    3051 3971 3094  -1
   4268    5838 3279 2105  -1
   4269    2965 4859 1000  -1
   4270    144 2536 1413  -1
   4271    2746 2450 591  -1
   4272    3706 4960 3096  -1
   4273    1361 2945 4604  -1
   4274    1993 5009 5934  -1
   4275    2112 5848 2462  -1
   4276    3212 5768 2466  -1
   4277    6376 5746 3091  -1
   4278    6904 5503 1581  -1
   4279    1502 3600 4222  -1
   4280    5556 2962 5555  -1
   4281    4589 3351 1362  -1
   4282    1690 5698 1115  -1
   4283    569 2906 6743  -1
   4284    32 4933 5619  -1
   4285    5800 253 4355  -1
   4286    6606 5738 4531  -1
   4287    1205 4453 6326  -1
   4288    910 1205 6326  -1
   4289    6024 4623 1812  -1
   4290    1138 5618 2328  -1
   4291    2649 1287 5097  -1
   4292    910 6326 6394  -1
   4293    1366 41 264  -1
   4294    2907 3958 1030  -1
   4295    4611 4719 2457  -1
   4296    4036 1948 6429  -1
   4297    4036 6917 1948  -1
   4298    5683 4880 2709  -1
   4299    6830 1272 508  -1
   4300    3232 6830 508  -1
   4301    915 2318 5759  -1
   4302    3901 728 1633  -1
   4303    5867 4036 4454  -1
   4304    5867 6917 4036  -1
   4305    6845 2764 4666  -1
   4306    253 3351 4354  -1
   4307    253 1362 3351  -1
   4308    553 4376 3878  -1
   4309    890 6546 2996  -1
   4310    2251 1613 3734  -1
   4311    5648 2916 920  -1
   4312    3548 884 4817  -1
   4313    2477 3947 5081  -1
   4314    4154 6719 568  -1
   4315    2327 5862 1189  -1
   4316    6814 6429 1948  -1
   4317    5952 6429 6814  -1
   4318    2316 1265 2704  -1
   4319    2316 1856 1265  -1
   4320    4274 6589 2092  -1
   4321    1031 6774 4287  -1
   4322    1031 6814 6774  -1
   4323    795 3433 6348  -1
   4324    723 3415 2220  -1
   4325    2310 4916 488  -1
   4326    6444 4287 568  -1
   4327    6444 1031 4287  -1
   4328    4154 332 1613  -1
   4329    3079 1613 332  -1
   4330    4683 6774 6814  -1
   4331    3091 1244 6376  -1
   4332    6081 55 3225  -1
   4333    1291 2945 4883  -1
   4334    5317 3555 1826  -1
   4335    2704 1265 5661  -1
   4336    2704 5661 3945  -1
   4337    4353 6071 1434  -1
   4338    3521 4775 2720  -1
   4339    2503 961 4072  -1
   4340    4335 1079 4336  -1
   4341    5289 1965 4624  -1
   4342    5248 6394 2138  -1
   4343    5248 2048 6394  -1
   4344    709 4309 3361  -1
   4345    1219 3712 2312  -1
   4346    6702 568 6508  -1
   4347    6846 6147 115  -1
   4348    5281 5057 15  -1
   4349    3031 4008 1538  -1
   4350    3290 1458 6782  -1
   4351    1309 4960 3706  -1
   4352    4978 4970 1541  -1
   4353    2244 334 4582  -1
   4354    888 3373 4969  -1
   4355    6051 2372 326  -1
   4356    5979 6913 124  -1
   4357    1193 2869 3672  -1
   4358    6765 5810 2488  -1
   4359    2449 3485 4727  -1
   4360    2383 1574 733  -1
   4361    3224 2307 4919  -1
   4362    4334 1072 2112  -1
   4363    4123 664 3945  -1
   4364    6708 6243 3151  -1
   4365    6445 1621 6357  -1
   4366    6445 3079 1621  -1
   4367    1234 4196 1403  -1
   4368    5042 2020 4141  -1
   4369    473 5242 1943  -1
   4370    3592 3980 6826  -1
   4371    2255 685 4792  -1
   4372    6610 5410 6138  -1
   4373    392 1551 4415  -1
   4374    5432 5431 2220  -1
   4375    5696 685 1804  -1
   4376    4826 6173 748  -1
   4377    1605 5288 761  -1
   4378    3841 338 2159  -1
   4379    3474 3550 2896  -1
   4380    432 4153 2340  -1
   4381    3867 1600 5291  -1
   4382    6249 1090 5655  -1
   4383    652 77 2941  -1
   4384    1119 5101 6471  -1
   4385    2069 3512 621  -1
   4386    6167 4954 1519  -1
   4387    6363 1492 2862  -1
   4388    2857 616 893  -1
   4389    3260 5037 3601  -1
   4390    1609 4397 4862  -1
   4391    105 1283 4561  -1
   4392    862 2271 5717  -1
   4393    862 5717 6217  -1
   4394    3928 6361 1280  -1
   4395    3079 4310 1621  -1
   4396    2907 4797 3958  -1
   4397    2907 6774 4797  -1
   4398    2068 452 3825  -1
   4399    6445 5634 3954  -1
   4400    3912 1060 283  -1
   4401    1120 2297 3786  -1
   4402    5714 5149 6857  -1
   4403    3050 918 3292  -1
   4404    3361 1808 1119  -1
   4405    267 3292 5375  -1
   4406    6812 961 5774  -1
   4407    626 3067 4700  -1
   4408    5635 6517 2915  -1
   4409    3833 5305 6838  -1
   4410    960 2308 4274  -1
   4411    3958 6406 2852  -1
   4412    1649 6495 4197  -1
   4413    5018 2042 3108  -1
   4414    1649 5273 4376  -1
   4415    136 6251 4246  -1
   4416    3048 3468 4763  -1
   4417    2148 4363 205  -1
   4418    3099 4818 1018  -1
   4419    3224 5323 1226  -1
   4420    3636 786 4729  -1
   4421    4274 3857 2502  -1
   4422    1831 1476 2845  -1
   4423    1317 6835 4703  -1
   4424    887 2950 1321  -1
   4425    3735 2764 6858  -1
   4426    1546 5534 5982  -1
   4427    3857 6515 959  -1
   4428    5563 4324 4323  -1
   4429    1952 6710 6328  -1
   4430    2251 3734 4224  -1
   4431    6980 1946 6763  -1
   4432    4273 2092 6812  -1
   4433    3622 1763 6066  -1
   4434    3475 1453 4447  -1
   4435    2167 978 3968  -1
   4436    2276 2577 1299  -1
   4437    2865 2097 3906  -1
   4438    4154 568 6702  -1
   4439    332 4154 6702  -1
   4440    747 4640 5897  -1
   4441    6167 3847 6972  -1
   4442    2560 6298 6299  -1
   4443    1209 4092 2395  -1
   4444    5761 1441 5608  -1
   4445    6121 2535 3816  -1
   4446    1650 4344 4331  -1
   4447    6106 2133 2251  -1
   4448    6661 2251 2133  -1
   4449    6661 1613 2251  -1
   4450    4331 2106 1650  -1
   4451    3733 6337 3734  -1
   4452    6157 1288 3390  -1
   4453    4081 5013 3054  -1
   4454    6878 3673 6499  -1
   4455    4902 6775 3097  -1
   4456    3527 4223 2848  -1
   4457    4945 4724 3157  -1
   4458    961 2503 2147  -1
   4459    484 3867 5291  -1
   4460    5930 4838 409  -1
   4461    1026 2028 624  -1
   4462    1080 3442 6391  -1
   4463    3156 246 6550  -1
   4464    2213 4229 6726  -1
   4465    2147 5774 961  -1
   4466    5347 2608 6699  -1
   4467    5347 1221 2608  -1
   4468    1422 5249 2715  -1
   4469    1747 3255 362  -1
   4470    4904 1747 362  -1
   4471    751 5341 6342  -1
   4472    848 3129 6127  -1
   4473    360 5319 5467  -1
   4474    2960 5467 30  -1
   4475    4016 735 201  -1
   4476    110 4508 6555  -1
   4477    6006 4953 4532  -1
   4478    2960 5026 5230  -1
   4479    1495 2785 5446  -1
   4480    2670 1167 460  -1
   4481    2816 5247 3852  -1
   4482    3143 3144 5446  -1
   4483    3904 1765 4855  -1
   4484    1459 791 5277  -1
   4485    3601 4367 3353  -1
   4486    6099 4710 462  -1
   4487    6275 1564 1563  -1
   4488    1526 4844 3402  -1
   4489    1302 2245 5263  -1
   4490    1463 5700 5517  -1
   4491    2131 2857 2012  -1
   4492    5222 6585 1720  -1
   4493    1908 6721 28  -1
   4494    1256 6586 4170  -1
   4495    3258 2351 3938  -1
   4496    270 2834 5009  -1
   4497    3587 5881 438  -1
   4498    1982 745 3601  -1
   4499    4053 1431 2297  -1
   4500    3454 1090 6249  -1
   4501    6072 3524 3312  -1
   4502    3718 4501 2878  -1
   4503    3622 1635 4058  -1
   4504    2410 4570 2411  -1
   4505    195 1277 6777  -1
   4506    6966 1277 195  -1
   4507    1804 685 2255  -1
   4508    1704 878 3568  -1
   4509    3052 1386 804  -1
   4510    6799 3884 1358  -1
   4511    3511 854 1909  -1
   4512    1827 3298 4235  -1
   4513    3406 1194 807  -1
   4514    1748 6892 5265  -1
   4515    1956 2098 6527  -1
   4516    4214 122 5205  -1
   4517    2217 3941 538  -1
   4518    5771 3844 2568  -1
   4519    6454 3442 3  -1
   4520    4376 2169 4207  -1
   4521    193 5841 5816  -1
   4522    2865 3906 195  -1
   4523    1597 2865 195  -1
   4524    1111 3905 1870  -1
   4525    6889 5867 808  -1
   4526    3806 3808 1196  -1
   4527    482 4260 4615  -1
   4528    1308 3706 5954  -1
   4529    1889 5316 1183  -1
   4530    6423 2074 1251  -1
   4531    1726 4517 5049  -1
   4532    6361 3927 4946  -1
   4533    2839 520 4957  -1
   4534    2475 3860 632  -1
   4535    2674 4753 463  -1
   4536    816 6474 3057  -1
   4537    5235 3983 299  -1
   4538    2393 1229 834  -1
   4539    2665 4500 3983  -1
   4540    1280 6361 4946  -1
   4541    3837 6987 500  -1
   4542    1479 6135 751  -1
   4543    5860 6568 2606  -1
   4544    2427 5968 6477  -1
   4545    5778 6892 1748  -1
   4546    5889 2257 744  -1
   4547    2216 6257 3311  -1
   4548    6596 874 4783  -1
   4549    6631 4489 4499  -1
   4550    565 2239 654  -1
   4551    396 6568 5860  -1
   4552    1781 2863 6631  -1
   4553    441 5190 3950  -1
   4554    2518 3387 5469  -1
   4555    5203 951 5799  -1
   4556    1121 5199 4871  -1
   4557    1348 6605 4710  -1
   4558    3028 3319 1173  -1
   4559    4956 4783 874  -1
   4560    247 662 3616  -1
   4561    247 2336 662  -1
   4562    3246 1739 217  -1
   4563    5625 1058 203  -1
   4564    1580 4672 5694  -1
   4565    5346 1682 5907  -1
   4566    2617 6750 2210  -1
   4567    6351 2456 5055  -1
   4568    2586 2584 5275  -1
   4569    4783 4956 462  -1
   4570    3989 462 4956  -1
   4571    511 2242 1619  -1
   4572    1037 1368 5860  -1
   4573    78 2437 1709  -1
   4574    6275 1528 3859  -1
   4575    1953 6273 234  -1
   4576    5478 343 1586  -1
   4577    2554 6697 139  -1
   4578    2246 3783 5478  -1
   4579    6092 884 3548  -1
   4580    1120 6702 6508  -1
   4581    1553 3387 4584  -1
   4582    0 4816 5970  -1
   4583    2069 3650 3512  -1
   4584    4667 6476 4537  -1
   4585    4537 2288 4667  -1
   4586    5463 990 2384  -1
   4587    5454 3864 2437  -1
   4588    4661 5463 2384  -1
   4589    4661 2384 5912  -1
   4590    6534 4989 103  -1
   4591    6534 6777 4989  -1
   4592    4515 6581 1401  -1
   4593    3421 4416 558  -1
   4594    4120 5157 3838  -1
   4595    1877 4126 6404  -1
   4596    4164 1611 6966  -1
   4597    195 3906 6966  -1
   4598    5532 2832 79  -1
   4599    3898 53 5027  -1
   4600    6872 2865 480  -1
   4601    1610 2968 5571  -1
   4602    1734 4964 4963  -1
   4603    5514 6454 4074  -1
   4604    3172 5870 5013  -1
   4605    3595 6088 1051  -1
   4606    4041 2281 4400  -1
   4607    6734 5096 1996  -1
   4608    1625 5375 3292  -1
   4609    3931 2583 5566  -1
   4610    2906 5869 6889  -1
   4611    1702 4245 3587  -1
   4612    6621 2801 3803  -1
   4613    621 1820 4256  -1
   4614    528 3686 3750  -1
   4615    2805 1960 5975  -1
   4616    1603 2806 843  -1
   4617    919 2979 3615  -1
   4618    3875 6943 2670  -1
   4619    5861 3531 856  -1
   4620    6811 1257 1918  -1
   4621    3931 508 2582  -1
   4622    5631 6439 3502  -1
   4623    4827 2345 686  -1
   4624    6403 5184 1872  -1
   4625    6828 1093 6601  -1
   4626    733 4907 3345  -1
   4627    6304 4319 881  -1
   4628    551 2269 4377  -1
   4629    116 45 2693  -1
   4630    382 45 116  -1
   4631    6456 5662 227  -1
   4632    4503 1002 2842  -1
   4633    2312 709 2582  -1
   4634    1113 4201 5915  -1
   4635    1027 449 4601  -1
   4636    1947 2792 5536  -1
   4637    6928 2910 230  -1
   4638    5106 1863 6663  -1
   4639    1114 3841 5340  -1
   4640    5536 868 1367  -1
   4641    3361 3931 2582  -1
   4642    3361 1119 3931  -1
   4643    4192 5958 965  -1
   4644    3415 5432 2220  -1
   4645    6699 562 5979  -1
   4646    3240 4690 4466  -1
   4647    814 5606 1457  -1
   4648    3358 6017 3208  -1
   4649    494 4037 3173  -1
   4650    823 3344 4512  -1
   4651    369 4322 5408  -1
   4652    6565 4406 1417  -1
   4653    1567 3713 2527  -1
   4654    3636 4704 410  -1
   4655    4367 3601 745  -1
   4656    3978 5620 5484  -1
   4657    4296 2719 3988  -1
   4658    2753 4211 640  -1
   4659    6193 2367 1403  -1
   4660    401 947 3121  -1
   4661    5488 2224 2538  -1
   4662    5299 1015 3164  -1
   4663    3285 2729 4104  -1
   4664    246 6510 3814  -1
   4665    1223 215 5252  -1
   4666    3798 3121 2021  -1
   4667    3033 3687 2847  -1
   4668    2906 569 5868  -1
   4669    4562 6271 6891  -1
   4670    6456 227 2219  -1
   4671    382 4164 5548  -1
   4672    2312 2582 6369  -1
   4673    2799 1290 3789  -1
   4674    6022 3568 5433  -1
   4675    6511 983 5486  -1
   4676    3508 5090 3957  -1
   4677    6233 5732 1289  -1
   4678    6602 6850 526  -1
   4679    6068 3712 5594  -1
   4680    1627 727 4747  -1
   4681    1794 899 5677  -1
   4682    5371 6485 552  -1
   4683    4395 6639 2636  -1
   4684    3205 4153 6953  -1
   4685    5772 3189 6583  -1
   4686    1832 4311 6365  -1
   4687    4254 868 2686  -1
   4688    3304 5727 6343  -1
   4689    1281 5425 4171  -1
   4690    3943 2471 813  -1
   4691    39 2274 4226  -1
   4692    4542 2109 5977  -1
   4693    4464 2089 693  -1
   4694    3255 5527 5065  -1
   4695    5093 6494 1194  -1
   4696    6254 422 1869  -1
   4697    6893 847 1401  -1
   4698    5699 1427 4315  -1
   4699    5593 3320 6071  -1
   4700    5563 1796 3844  -1
   4701    3417 2286 6449  -1
   4702    5587 2777 914  -1
   4703    6163 72 4387  -1
   4704    6094 3583 2393  -1
   4705    2293 1044 3998  -1
   4706    3182 5933 2423  -1
   4707    4475 1782 5132  -1
   4708    1589 4321 6366  -1
   4709    4142 5399 756  -1
   4710    6718 5509 3294  -1
   4711    6718 6667 5509  -1
   4712    2477 5405 6414  -1
   4713    4301 1306 6252  -1
   4714    1521 706 5092  -1
   4715    6759 1521 5092  -1
   4716    4298 6120 4299  -1
   4717    5866 4407 4408  -1
   4718    1421 5673 2748  -1
   4719    5132 5567 2175  -1
   4720    2818 4358 13  -1
   4721    6460 3066 2418  -1
   4722    3475 4447 1549  -1
   4723    163 6294 3500  -1
   4724    6639 3183 2636  -1
   4725    2798 2211 70  -1
   4726    4814 4434 3016  -1
   4727    2252 6336 6693  -1
   4728    3520 8 1112  -1
   4729    4398 5728 2886  -1
   4730    1242 6396 5258  -1
   4731    742 1455 6865  -1
   4732    6098 2344 415  -1
   4733    1269 2892 1534  -1
   4734    3814 2964 2143  -1
   4735    5200 1692 5201  -1
   4736    2117 3662 5785  -1
   4737    2804 5015 6141  -1
   4738    6923 5298 987  -1
   4739    3023 4963 1591  -1
   4740    1474 4881 6949  -1
   4741    326 2372 6662  -1
   4742    5546 4554 280  -1
   4743    933 228 6808  -1
   4744    1677 4495 2694  -1
   4745    2400 4631 2880  -1
   4746    2443 457 1740  -1
   4747    6269 5147 2856  -1
   4748    6438 938 2476  -1
   4749    639 6670 1215  -1
   4750    3011 230 1794  -1
   4751    1436 2272 2967  -1
   4752    3804 3691 5987  -1
   4753    1216 4856 3711  -1
   4754    1048 1654 4736  -1
   4755    5472 3590 4744  -1
   4756    1053 6769 3505  -1
   4757    1812 2937 3538  -1
   4758    2641 3869 5826  -1
   4759    2041 6706 5396  -1
   4760    4738 2026 3521  -1
   4761    6283 6683 1405  -1
   4762    2114 5128 5428  -1
   4763    2600 1608 3175  -1
   4764    6386 883 3777  -1
   4765    622 6251 4870  -1
   4766    5725 1790 4912  -1
   4767    4275 1924 4473  -1
   4768    6371 4940 971  -1
   4769    6233 2323 5732  -1
   4770    2171 1484 5845  -1
   4771    1473 5765 3039  -1
   4772    6075 3427 4220  -1
   4773    837 6706 2041  -1
   4774    4702 6642 5430  -1
   4775    5827 5585 1101  -1
   4776    2331 4586 6543  -1
   4777    4878 1395 6271  -1
   4778    302 2440 4464  -1
   4779    3722 4414 6042  -1
   4780    1256 4170 5998  -1
   4781    5915 5566 155  -1
   4782    3194 3193 6787  -1
   4783    5817 3649 576  -1
   4784    1835 2787 4150  -1
   4785    4286 4629 1961  -1
   4786    6524 1200 1824  -1
   4787    460 3165 2843  -1
   4788    4236 5986 6210  -1
   4789    2573 5019 556  -1
   4790    1523 904 5592  -1
   4791    3717 2202 973  -1
   4792    4816 3314 6662  -1
   4793    797 4146 5307  -1
   4794    4092 3855 9  -1
   4795    4235 3298 6210  -1
   4796    3301 2792 242  -1
   4797    1853 6714 1569  -1
   4798    1342 2718 5458  -1
   4799    103 2384 5296  -1
   4800    2767 1995 3710  -1
   4801    2109 4542 4718  -1
   4802    5271 1854 6975  -1
   4803    5172 4057 3092  -1
   4804    4232 5966 1845  -1
   4805    3749 5210 3831  -1
   4806    3749 4900 5210  -1
   4807    1396 2588 5803  -1
   4808    2701 1202 666  -1
   4809    3443 4345 2654  -1
   4810    6254 1869 1036  -1
   4811    6377 4117 2375  -1
   4812    842 2544 217  -1
   4813    2791 824 1445  -1
   4814    3724 1433 2565  -1
   4815    1067 1639 5315  -1
   4816    4523 3715 5256  -1
   4817    3796 1378 5429  -1
   4818    582 1494 1594  -1
   4819    333 5063 3305  -1
   4820    977 5919 2487  -1
   4821    766 5394 1866  -1
   4822    6222 1396 167  -1
   4823    317 2922 1239  -1
   4824    62 3471 4096  -1
   4825    4571 6994 6135  -1
   4826    4650 3104 3431  -1
   4827    2012 4639 284  -1
   4828    4983 1024 224  -1
   4829    819 5398 4600  -1
   4830    804 5084 3052  -1
   4831    5038 2408 5  -1
   4832    4076 3317 6383  -1
   4833    3708 57 6466  -1
   4834    5832 472 2431  -1
   4835    6129 583 5316  -1
   4836    6072 5084 1329  -1
   4837    361 2166 625  -1
   4838    361 5176 2166  -1
   4839    3626 1183 583  -1
   4840    1381 3585 4398  -1
   4841    3694 691 4579  -1
   4842    3545 3546 5850  -1
   4843    2729 4332 4104  -1
   4844    5099 3481 5939  -1
   4845    2131 1582 2857  -1
   4846    3447 4901 794  -1
   4847    5915 155 1113  -1
   4848    1371 1771 5206  -1
   4849    1393 2319 3547  -1
   4850    5999 5096 1479  -1
   4851    4998 781 4877  -1
   4852    1536 4185 2371  -1
   4853    914 5586 42  -1
   4854    1697 4976 6573  -1
   4855    3195 3655 1516  -1
   4856    6011 3195 1516  -1
   4857    4630 5575 602  -1
   4858    973 607 2956  -1
   4859    5251 5792 2069  -1
   4860    639 6381 6670  -1
   4861    5124 3647 6567  -1
   4862    3345 5039 4403  -1
   4863    6972 3847 657  -1
   4864    586 2419 6308  -1
   4865    6524 972 2849  -1
   4866    2921 19 6884  -1
   4867    774 5692 1587  -1
   4868    4953 5620 1178  -1
   4869    2234 4399 6180  -1
   4870    4912 4343 5725  -1
   4871    6541 5268 984  -1
   4872    4722 2728 386  -1
   4873    242 1947 4480  -1
   4874    1348 6099 2715  -1
   4875    6108 3271 4579  -1
   4876    2072 3802 3801  -1
   4877    2754 5332 4746  -1
   4878    4574 87 4877  -1
   4879    3034 5719 1019  -1
   4880    4188 6440 2137  -1
   4881    5925 73 3549  -1
   4882    4795 3621 1574  -1
   4883    6832 5636 3070  -1
   4884    6469 492 2723  -1
   4885    4142 3091 4031  -1
   4886    6772 334 6516  -1
   4887    2600 5246 3852  -1
   4888    3013 6403 4822  -1
   4889    4192 469 38  -1
   4890    5380 1893 1977  -1
   4891    4053 6622 1431  -1
   4892    5708 6694 743  -1
   4893    615 1570 694  -1
   4894    5293 3858 2925  -1
   4895    4542 6929 1760  -1
   4896    4364 998 3654  -1
   4897    1825 6483 6486  -1
   4898    4935 4190 1726  -1
   4899    3390 2734 4626  -1
   4900    3160 2734 3390  -1
   4901    6157 3390 4626  -1
   4902    6297 2479 3916  -1
   4903    4000 6705 5437  -1
   4904    1833 5629 6376  -1
   4905    5243 2588 4166  -1
   4906    4110 1045 6086  -1
   4907    88 2323 5554  -1
   4908    3623 4479 2837  -1
   4909    6887 3821 6669  -1
   4910    270 4288 2651  -1
   4911    5829 6729 1406  -1
   4912    3949 3655 4830  -1
   4913    964 2480 3697  -1
   4914    5051 6696 5967  -1
   4915    5051 5967 1598  -1
   4916    3824 3604 5355  -1
   4917    2130 3477 4847  -1
   4918    1134 4022 1158  -1
   4919    1382 2815 98  -1
   4920    1684 3433 4741  -1
   4921    2156 530 6027  -1
   4922    4344 1919 575  -1
   4923    4972 380 2415  -1
   4924    2456 6011 5054  -1
   4925    4922 1501 4923  -1
   4926    4352 965 5580  -1
   4927    5055 2456 5851  -1
   4928    3316 4102 1619  -1
   4929    4082 1473 3039  -1
   4930    5201 6449 3920  -1
   4931    2829 3658 5584  -1
   4932    576 3605 1715  -1
   4933    4943 3582 2243  -1
   4934    4576 2963 6133  -1
   4935    825 2587 232  -1
   4936    4048 2559 1412  -1
   4937    878 2557 6731  -1
   4938    5989 1550 3510  -1
   4939    658 4173 5528  -1
   4940    2601 3572 5221  -1
   4941    3663 2317 5164  -1
   4942    3085 4181 1581  -1
   4943    6218 481 6710  -1
   4944    1061 3265 5335  -1
   4945    5083 6026 2215  -1
   4946    6267 6594 944  -1
   4947    5335 3265 1510  -1
   4948    1510 5336 5335  -1
   4949    5327 593 4190  -1
   4950    4392 2176 425  -1
   4951    3311 1685 2592  -1
   4952    2954 1203 3774  -1
   4953    417 5759 3588  -1
   4954    6395 4213 3358  -1
   4955    643 1855 5138  -1
   4956    546 949 2320  -1
   4957    2645 1471 851  -1
   4958    5200 241 1050  -1
   4959    3995 1796 4323  -1
   4960    3510 219 4949  -1
   4961    3510 6148 219  -1
   4962    1252 5321 3484  -1
   4963    2740 611 2739  -1
   4964    2249 3501 4440  -1
   4965    1252 3484 4598  -1
   4966    428 2789 3960  -1
   4967    1550 6148 3510  -1
   4968    2243 2393 4943  -1
   4969    2251 126 6106  -1
   4970    1749 2133 6311  -1
   4971    1548 2775 4994  -1
   4972    2614 3405 4141  -1
   4973    5025 6037 123  -1
   4974    2624 631 3926  -1
   4975    4981 1920 5003  -1
   4976    6832 5806 549  -1
   4977    6831 4322 1596  -1
   4978    1529 5407 5124  -1
   4979    865 6780 450  -1
   4980    4205 6189 6188  -1
   4981    1668 1669 2696  -1
   4982    3914 2505 157  -1
   4983    4300 3941 5365  -1
   4984    2550 6760 5137  -1
   4985    4053 377 6622  -1
   4986    377 5301 6761  -1
   4987    5746 2254 1946  -1
   4988    5327 2619 6548  -1
   4989    2326 6510 999  -1
   4990    5501 2900 1270  -1
   4991    2560 6299 3389  -1
   4992    2289 6614 5736  -1
   4993    6218 6710 4682  -1
   4994    5953 2702 3893  -1
   4995    2334 3940 484  -1
   4996    2794 219 6148  -1
   4997    2794 6748 219  -1
   4998    1963 4142 6324  -1
   4999    3914 157 3009  -1
   5000    3471 2787 5028  -1
   5001    3098 2108 490  -1
   5002    859 2399 5520  -1
   5003    5972 1649 4376  -1
   5004    4920 3224 4919  -1
   5005    373 677 6162  -1
   5006    4314 5740 203  -1
   5007    3476 4447 1453  -1
   5008    4540 2260 653  -1
   5009    4154 6661 6719  -1
   5010    2836 6795 1403  -1
   5011    4704 4729 6318  -1
   5012    4704 3636 4729  -1
   5013    2239 565 2240  -1
   5014    5333 464 2917  -1
   5015    4586 1021 5690  -1
   5016    417 5821 2182  -1
   5017    2367 1519 4954  -1
   5018    1718 3010 4716  -1
   5019    4843 2190 5653  -1
   5020    285 3872 6019  -1
   5021    5776 579 5150  -1
   5022    6727 2346 3849  -1
   5023    4420 5503 1177  -1
   5024    5749 345 3309  -1
   5025    2632 3606 401  -1
   5026    2103 4299 5512  -1
   5027    5109 3168 3169  -1
   5028    5843 6197 4283  -1
   5029    2398 3344 2098  -1
   5030    3014 1745 636  -1
   5031    2292 4513 6931  -1
   5032    571 5988 5987  -1
   5033    571 5987 4299  -1
   5034    2492 5180 618  -1
   5035    4269 5503 1179  -1
   5036    3900 2804 2537  -1
   5037    3142 1420 4255  -1
   5038    6486 5261 1825  -1
   5039    4512 2702 823  -1
   5040    4298 4299 5987  -1
   5041    6637 110 5993  -1
   5042    2186 3901 2187  -1
   5043    780 2827 6963  -1
   5044    346 3245 6608  -1
   5045    2431 3266 5832  -1
   5046    1288 2619 4686  -1
   5047    4889 6185 430  -1
   5048    1874 2712 2139  -1
   5049    5080 6224 3347  -1
   5050    4834 1560 3103  -1
   5051    4115 6557 3414  -1
   5052    4115 1707 6557  -1
   5053    993 3166 1604  -1
   5054    6937 6936 6587  -1
   5055    496 4024 6638  -1
   5056    4958 1104 1952  -1
   5057    2447 1133 2213  -1
   5058    3674 1166 4459  -1
   5059    922 6289 4419  -1
   5060    6182 3664 1744  -1
   5061    5797 633 6548  -1
   5062    5285 5367 6232  -1
   5063    5259 3371 3463  -1
   5064    1619 4102 2370  -1
   5065    1169 3701 3584  -1
   5066    2242 169 1619  -1
   5067    2466 2245 1302  -1
   5068    794 1691 5777  -1
   5069    1169 1766 3701  -1
   5070    4854 242 1849  -1
   5071    6136 3873 4981  -1
   5072    4544 6153 3273  -1
   5073    2103 2237 87  -1
   5074    3125 2168 4273  -1
   5075    1042 4325 4673  -1
   5076    928 2714 3462  -1
   5077    5785 4621 2117  -1
   5078    3411 2391 100  -1
   5079    165 1859 912  -1
   5080    399 4034 5615  -1
   5081    3670 933 4861  -1
   5082    6684 6693 1132  -1
   5083    2993 5604 4209  -1
   5084    2638 1500 437  -1
   5085    5637 85 4685  -1
   5086    2170 5340 5339  -1
   5087    2116 3017 4814  -1
   5088    3695 3259 96  -1
   5089    6497 1435 6300  -1
   5090    416 3667 3143  -1
   5091    1140 3444 4511  -1
   5092    4852 6124 1473  -1
   5093    3071 4047 3697  -1
   5094    6502 4856 4461  -1
   5095    1340 2937 5552  -1
   5096    149 3852 5247  -1
   5097    6213 699 5720  -1
   5098    3878 6467 553  -1
   5099    5643 1545 6344  -1
   5100    1822 5643 6344  -1
   5101    1862 6839 6386  -1
   5102    4536 3713 1567  -1
   5103    4931 4932 4082  -1
   5104    5128 2114 1706  -1
   5105    6554 6894 2884  -1
   5106    1322 2777 5587  -1
   5107    5843 2173 3169  -1
   5108    922 3994 6289  -1
   5109    1977 949 3892  -1
   5110    6593 998 4364  -1
   5111    876 1773 3680  -1
   5112    2819 1793 4696  -1
   5113    1933 5341 3536  -1
   5114    1386 3052 2983  -1
   5115    2186 1170 3901  -1
   5116    1576 1994 2299  -1
   5117    517 6035 5448  -1
   5118    1012 6841 234  -1
   5119    4295 1185 3271  -1
   5120    5162 4427 1600  -1
   5121    5160 1062 6169  -1
   5122    544 4437 2466  -1
   5123    6 1179 2229  -1
   5124    6 4269 1179  -1
   5125    6913 5979 6823  -1
   5126    3599 41 6720  -1
   5127    2550 5137 3821  -1
   5128    6388 5947 852  -1
   5129    6412 1615 5223  -1
   5130    2502 6589 4274  -1
   5131    1291 2302 4604  -1
   5132    1675 5551 846  -1
   5133    4947 2407 3140  -1
   5134    4150 2062 5298  -1
   5135    876 3680 5114  -1
   5136    1033 309 5111  -1
   5137    2761 4076 5825  -1
   5138    3680 76 2091  -1
   5139    5376 5302 3725  -1
   5140    3680 1773 76  -1
   5141    6477 2602 2427  -1
   5142    6078 2115 4850  -1
   5143    3083 579 5776  -1
   5144    2232 6022 5433  -1
   5145    5949 295 4424  -1
   5146    6984 5830 3589  -1
   5147    3482 6319 1350  -1
   5148    89 4522 4756  -1
   5149    4555 871 1681  -1
   5150    4796 547 3162  -1
   5151    1466 2979 5169  -1
   5152    4846 3888 1506  -1
   5153    1131 4286 3809  -1
   5154    1650 2459 3649  -1
   5155    4973 2319 1253  -1
   5156    990 1 6477  -1
   5157    5259 264 5928  -1
   5158    3257 2198 4487  -1
   5159    1676 4644 2868  -1
   5160    6635 750 5578  -1
   5161    6754 1381 4398  -1
   5162    6071 6618 5580  -1
   5163    574 5220 4549  -1
   5164    1367 330 5536  -1
   5165    505 1375 2851  -1
   5166    5847 5981 1064  -1
   5167    1521 6759 6414  -1
   5168    1480 5898 5218  -1
   5169    5142 2229 6903  -1
   5170    5142 6 2229  -1
   5171    1865 6 6197  -1
   5172    4283 6197 6  -1
   5173    5342 6284 1341  -1
   5174    969 6620 6268  -1
   5175    1924 6899 5450  -1
   5176    6964 4338 2529  -1
   5177    2249 5631 3501  -1
   5178    3141 6149 3643  -1
   5179    5576 504 4380  -1
   5180    6945 6807 5583  -1
   5181    6638 4024 3832  -1
   5182    3863 5678 192  -1
   5183    5806 3070 6174  -1
   5184    6808 228 2300  -1
   5185    3719 1712 2854  -1
   5186    2316 6800 339  -1
   5187    348 4915 1322  -1
   5188    2346 4893 1383  -1
   5189    2346 1383 1849  -1
   5190    2360 2135 3681  -1
   5191    4854 1849 3701  -1
   5192    6079 2354 3010  -1
   5193    1835 3810 5028  -1
   5194    5418 2712 3709  -1
   5195    5486 983 4264  -1
   5196    4651 4845 1719  -1
   5197    5726 2110 4959  -1
   5198    3829 408 2972  -1
   5199    6290 913 5046  -1
   5200    729 5740 3867  -1
   5201    1962 3955 4805  -1
   5202    3459 6876 2627  -1
   5203    2497 1171 4889  -1
   5204    3335 5907 1682  -1
   5205    2053 6173 4396  -1
   5206    1976 5448 5193  -1
   5207    3401 5560 2465  -1
   5208    3740 1023 434  -1
   5209    5637 2942 4751  -1
   5210    6206 5149 1686  -1
   5211    152 2250 6445  -1
   5212    5361 3986 896  -1
   5213    1673 6231 3827  -1
   5214    5887 622 4870  -1
   5215    3966 121 6480  -1
   5216    1793 2819 6947  -1
   5217    2483 288 3006  -1
   5218    3024 3019 6481  -1
   5219    3676 5630 281  -1
   5220    2242 4893 6727  -1
   5221    2270 3362 4502  -1
   5222    5976 2468 5045  -1
   5223    855 6778 3328  -1
   5224    5883 2181 6207  -1
   5225    4635 1143 3676  -1
   5226    3945 5661 1529  -1
   5227    3022 5859 159  -1
   5228    6773 1009 5420  -1
   5229    4119 444 4120  -1
   5230    281 444 4119  -1
   5231    5205 122 6085  -1
   5232    1633 2187 3901  -1
   5233    4305 6403 1872  -1
   5234    3704 5019 2573  -1
   5235    5445 468 1821  -1
   5236    2171 806 4705  -1
   5237    6444 568 6719  -1
   5238    5649 2706 3886  -1
   5239    431 6863 5362  -1
   5240    2083 6863 431  -1
   5241    468 1210 1821  -1
   5242    4921 3559 495  -1
   5243    4918 788 4222  -1
   5244    2897 4478 4807  -1
   5245    1382 4045 4864  -1
   5246    2889 6159 5094  -1
   5247    6716 2819 2  -1
   5248    3107 6716 2  -1
   5249    2185 6165 1170  -1
   5250    810 6165 2185  -1
   5251    3051 3094 399  -1
   5252    2629 1688 3137  -1
   5253    6216 367 4637  -1
   5254    1930 6164 5182  -1
   5255    2598 3935 493  -1
   5256    4466 1139 4465  -1
   5257    5155 4130 287  -1
   5258    1324 2565 6235  -1
   5259    3590 4587 809  -1
   5260    1000 208 6688  -1
   5261    2235 4548 45  -1
   5262    3446 6861 4634  -1
   5263    1367 4254 3439  -1
   5264    1785 4081 6097  -1
   5265    1390 3279 5838  -1
   5266    2077 6666 6859  -1
   5267    5035 6937 5036  -1
   5268    2 2519 6796  -1
   5269    2 5632 2519  -1
   5270    906 1977 1893  -1
   5271    518 6597 229  -1
   5272    6948 784 2180  -1
   5273    4386 79 3228  -1
   5274    2409 497 6473  -1
   5275    6571 3714 5531  -1
   5276    5632 5328 2519  -1
   5277    4161 2928 4420  -1
   5278    5727 891 6101  -1
   5279    5727 6212 891  -1
   5280    6134 2519 784  -1
   5281    2073 342 3939  -1
   5282    4020 2482 3763  -1
   5283    4861 933 816  -1
   5284    5632 3724 5328  -1
   5285    2096 321 6134  -1
   5286    2096 4621 321  -1
   5287    5505 1755 455  -1
   5288    1265 6013 5661  -1
   5289    6632 4941 3889  -1
   5290    1466 3681 2979  -1
   5291    1137 4179 4180  -1
   5292    2009 4087 244  -1
   5293    4181 3085 1865  -1
   5294    3815 3295 6333  -1
   5295    3341 5370 500  -1
   5296    510 6101 891  -1
   5297    3132 1343 2553  -1
   5298    4920 5323 3224  -1
   5299    4628 891 6212  -1
   5300    6669 5137 1405  -1
   5301    2643 1755 6350  -1
   5302    1940 6768 3922  -1
   5303    6401 1940 3922  -1
   5304    5109 3169 2173  -1
   5305    666 1202 2748  -1
   5306    5100 967 5161  -1
   5307    1128 4968 5808  -1
   5308    774 6037 1576  -1
   5309    3051 399 5615  -1
   5310    2594 5932 2998  -1
   5311    4003 4345 3488  -1
   5312    1102 5435 3318  -1
   5313    1340 3199 3538  -1
   5314    6464 5031 3594  -1
   5315    4217 6364 6650  -1
   5316    4217 979 6364  -1
   5317    4532 233 6006  -1
   5318    1717 2620 3726  -1
   5319    5326 449 1027  -1
   5320    6863 3986 5361  -1
   5321    2529 4813 5226  -1
   5322    6964 2529 5226  -1
   5323    5687 2414 3349  -1
   5324    6101 510 2117  -1
   5325    3662 2117 510  -1
   5326    140 1379 2206  -1
   5327    4609 5526 6014  -1
   5328    1943 5242 6746  -1
   5329    6844 2208 2359  -1
   5330    5030 670 1661  -1
   5331    2139 4279 1539  -1
   5332    4969 5274 1300  -1
   5333    5795 1983 957  -1
   5334    3076 2608 1221  -1
   5335    6401 3922 1559  -1
   5336    1708 445 6959  -1
   5337    6328 3702 1952  -1
   5338    2988 2986 6725  -1
   5339    6544 3925 1028  -1
   5340    1673 3147 618  -1
   5341    615 618 3147  -1
   5342    5643 4044 4941  -1
   5343    6546 4941 4044  -1
   5344    4894 279 1411  -1
   5345    5852 4271 2167  -1
   5346    2053 4396 3112  -1
   5347    6768 6025 5073  -1
   5348    6768 1940 6025  -1
   5349    2725 4044 6076  -1
   5350    2615 6183 6873  -1
   5351    3714 5126 6118  -1
   5352    650 3679 2009  -1
   5353    2725 6025 64  -1
   5354    650 2009 244  -1
   5355    628 6685 4550  -1
   5356    6617 3820 5270  -1
   5357    4371 5159 1462  -1
   5358    1583 6074 6919  -1
   5359    3446 4634 3106  -1
   5360    1035 3043 72  -1
   5361    979 4338 6964  -1
   5362    4217 4338 979  -1
   5363    3106 530 2156  -1
   5364    2775 6568 4231  -1
   5365    1672 3827 1144  -1
   5366    184 5012 2016  -1
   5367    4321 435 6366  -1
   5368    6342 1479 751  -1
   5369    5850 4243 6300  -1
   5370    4605 1523 5990  -1
   5371    4727 5908 940  -1
   5372    1693 3043 5857  -1
   5373    4475 6191 787  -1
   5374    5240 6600 2219  -1
   5375    1156 4236 2765  -1
   5376    4236 6210 282  -1
   5377    5556 1038 2962  -1
   5378    3979 2900 2840  -1
   5379    3767 4721 865  -1
   5380    1879 6529 4338  -1
   5381    367 1879 4338  -1
   5382    1207 6103 4734  -1
   5383    5199 1424 2548  -1
   5384    829 5367 2744  -1
   5385    1262 3112 4745  -1
   5386    3797 6771 4886  -1
   5387    3950 2734 2735  -1
   5388    2765 282 5920  -1
   5389    6761 18 377  -1
   5390    5120 3650 2134  -1
   5391    4092 1209 3855  -1
   5392    2245 3783 5263  -1
   5393    4609 4151 5526  -1
   5394    6320 6393 474  -1
   5395    1279 1388 3934  -1
   5396    6229 1128 419  -1
   5397    111 4822 6714  -1
   5398    112 1246 2624  -1
   5399    1703 4487 6489  -1
   5400    6460 1004 5030  -1
   5401    3374 2554 1647  -1
   5402    490 4099 5022  -1
   5403    6786 6706 4351  -1
   5404    6786 5396 6706  -1
   5405    6330 3627 6385  -1
   5406    5942 2434 1039  -1
   5407    4659 32 1801  -1
   5408    1572 3367 2463  -1
   5409    3868 4926 1058  -1
   5410    4256 5017 6811  -1
   5411    3986 6405 896  -1
   5412    8 5526 3519  -1
   5413    3122 474 6587  -1
   5414    2900 3979 3236  -1
   5415    688 3359 2421  -1
   5416    3211 68 5210  -1
   5417    1157 2267 4912  -1
   5418    6995 2342 250  -1
   5419    1383 4893 3701  -1
   5420    1383 3701 1849  -1
   5421    3005 5805 1554  -1
   5422    5196 2668 5160  -1
   5423    1062 6323 2259  -1
   5424    95 4040 1472  -1
   5425    4040 4483 4891  -1
   5426    172 1985 2976  -1
   5427    6807 5749 3309  -1
   5428    2654 2058 2968  -1
   5429    4694 6015 1861  -1
   5430    6921 4043 3299  -1
   5431    781 4997 2346  -1
   5432    5904 3197 324  -1
   5433    149 5793 4043  -1
   5434    3979 2259 955  -1
   5435    915 4676 2318  -1
   5436    1200 2456 6351  -1
   5437    1713 105 6891  -1
   5438    3521 1285 4775  -1
   5439    44 654 3498  -1
   5440    3601 5037 1982  -1
   5441    1102 5585 2150  -1
   5442    1945 1651 959  -1
   5443    1219 5594 3712  -1
   5444    4372 3866 5638  -1
   5445    6031 307 2119  -1
   5446    858 2281 4041  -1
   5447    6744 3369 3289  -1
   5448    4747 3616 1627  -1
   5449    2993 3999 5604  -1
   5450    761 5288 3300  -1
   5451    4765 3708 2713  -1
   5452    2754 3691 5332  -1
   5453    1161 2238 594  -1
   5454    5338 5021 3098  -1
   5455    6215 1469 4966  -1
   5456    201 2736 4016  -1
   5457    5087 400 6956  -1
   5458    257 5274 3373  -1
   5459    2916 5274 257  -1
   5460    2888 2380 5214  -1
   5461    1225 3802 605  -1
   5462    1815 5580 2981  -1
   5463    2033 1282 546  -1
   5464    2999 1762 5057  -1
   5465    2830 5784 4921  -1
   5466    3593 4631 785  -1
   5467    3886 2707 5649  -1
   5468    2547 2997 5264  -1
   5469    5731 1322 3825  -1
   5470    2849 1692 3479  -1
   5471    4661 874 1  -1
   5472    3158 3499 5663  -1
   5473    3579 675 4353  -1
   5474    3538 2937 1340  -1
   5475    3794 5324 1264  -1
   5476    2532 4550 5695  -1
   5477    3754 3315 5318  -1
   5478    83 3207 1816  -1
   5479    615 3204 2476  -1
   5480    615 2476 258  -1
   5481    453 3748 5959  -1
   5482    5923 6222 3776  -1
   5483    2592 3253 825  -1
   5484    4165 283 3252  -1
   5485    1957 4165 3252  -1
   5486    6070 5760 5136  -1
   5487    83 1360 6395  -1
   5488    3671 159 3553  -1
   5489    5824 2399 214  -1
   5490    5749 4536 345  -1
   5491    2385 6568 2775  -1
   5492    6879 5121 4986  -1
   5493    153 2221 4484  -1
   5494    3913 4080 4188  -1
   5495    3167 5518 4903  -1
   5496    3096 6140 6747  -1
   5497    1868 3356 4550  -1
   5498    561 615 3854  -1
   5499    4028 2165 2994  -1
   5500    4028 1060 2165  -1
   5501    4632 3307 4531  -1
   5502    4436 1380 6961  -1
   5503    3532 6008 3411  -1
   5504    5614 3971 3051  -1
   5505    615 258 2016  -1
   5506    615 2016 1201  -1
   5507    204 3448 3319  -1
   5508    1676 527 6466  -1
   5509    5293 354 730  -1
   5510    3388 1165 3283  -1
   5511    4804 845 5970  -1
   5512    3583 2176 1229  -1
   5513    2777 3789 914  -1
   5514    6739 6379 3417  -1
   5515    3970 3436 705  -1
   5516    2765 4236 282  -1
   5517    3193 6829 6787  -1
   5518    3162 6615 4796  -1
   5519    3704 5737 5158  -1
   5520    5997 2172 236  -1
   5521    3643 6149 1773  -1
   5522    5493 6620 3637  -1
   5523    5591 1711 6145  -1
   5524    954 5197 2633  -1
   5525    6250 110 3862  -1
   5526    1596 369 4939  -1
   5527    1760 5775 4542  -1
   5528    2979 919 1886  -1
   5529    1126 1999 2891  -1
   5530    3049 918 5972  -1
   5531    1970 4312 245  -1
   5532    1834 4990 1255  -1
   5533    4450 2429 954  -1
   5534    2018 5533 4186  -1
   5535    3388 5068 5603  -1
   5536    1940 64 6025  -1
   5537    1940 5095 64  -1
   5538    6861 473 4634  -1
   5539    3380 5551 1150  -1
   5540    2827 5937 3804  -1
   5541    4011 6012 2046  -1
   5542    2515 1283 105  -1
   5543    1278 1611 2652  -1
   5544    419 1128 2450  -1
   5545    5603 860 1165  -1
   5546    4632 2368 1632  -1
   5547    6270 2602 6477  -1
   5548    1713 6271 1395  -1
   5549    3809 1210 468  -1
   5550    4526 2871 1789  -1
   5551    6931 4513 378  -1
   5552    5847 3438 2261  -1
   5553    6896 5398 1314  -1
   5554    3637 6356 5493  -1
   5555    6334 5583 3309  -1
   5556    6807 3309 5583  -1
   5557    6491 1977 906  -1
   5558    757 1939 6118  -1
   5559    1632 5402 4632  -1
   5560    5283 394 1609  -1
   5561    5726 1238 519  -1
   5562    3851 4691 1573  -1
   5563    5291 4427 2295  -1
   5564    778 5903 4657  -1
   5565    431 5738 2083  -1
   5566    4783 4957 6596  -1
   5567    1649 918 6495  -1
   5568    1048 63 4617  -1
   5569    3307 2430 3922  -1
   5570    6855 3086 713  -1
   5571    6545 4484 985  -1
   5572    814 5616 4914  -1
   5573    5794 447 6606  -1
   5574    5794 6175 447  -1
   5575    1151 4898 543  -1
   5576    3756 6199 294  -1
   5577    4484 2221 985  -1
   5578    6103 5786 543  -1
   5579    6103 1207 5786  -1
   5580    153 6308 2221  -1
   5581    5164 3662 6312  -1
   5582    1932 4761 629  -1
   5583    4732 1932 629  -1
   5584    5813 2354 3164  -1
   5585    6306 1052 4270  -1
   5586    4618 779 4894  -1
   5587    1780 4674 5459  -1
   5588    395 5459 4674  -1
   5589    3982 6348 3434  -1
   5590    6658 4761 1932  -1
   5591    4527 2872 6109  -1
   5592    3755 796 516  -1
   5593    2919 5129 4736  -1
   5594    6053 4910 3219  -1
   5595    6869 5595 2017  -1
   5596    2724 1717 1107  -1
   5597    3726 1107 1717  -1
   5598    4266 5753 1907  -1
   5599    2368 4531 5738  -1
   5600    2379 968 4928  -1
   5601    4272 3415 723  -1
   5602    153 5264 4357  -1
   5603    3698 6684 1132  -1
   5604    3233 4385 3234  -1
   5605    6685 5469 4240  -1
   5606    1868 6685 4240  -1
   5607    2511 3888 543  -1
   5608    5597 1532 3032  -1
   5609    3140 805 4193  -1
   5610    1727 3223 6736  -1
   5611    346 6608 6085  -1
   5612    1243 5746 4369  -1
   5613    919 6440 4188  -1
   5614    5456 6612 1443  -1
   5615    2541 1636 3824  -1
   5616    2314 1462 6139  -1
   5617    5546 280 884  -1
   5618    3970 193 3436  -1
   5619    3545 3227 4803  -1
   5620    2742 328 5413  -1
   5621    5131 2151 4075  -1
   5622    5131 4075 1628  -1
   5623    2810 6211 160  -1
   5624    1019 3956 1852  -1
   5625    6424 4795 403  -1
   5626    4350 1706 1172  -1
   5627    4395 4525 383  -1
   5628    5493 6356 1881  -1
   5629    870 5023 3343  -1
   5630    840 2823 3703  -1
   5631    2639 2823 840  -1
   5632    5173 3377 2447  -1
   5633    5559 3445 1823  -1
   5634    875 1974 4518  -1
   5635    154 695 6180  -1
   5636    5073 2725 6076  -1
   5637    4480 1947 1183  -1
   5638    452 5070 3825  -1
   5639    653 2260 6785  -1
   5640    776 2794 6148  -1
   5641    4285 2269 828  -1
   5642    6383 5825 4076  -1
   5643    1913 5824 5825  -1
   5644    311 1618 1186  -1
   5645    4890 3846 3845  -1
   5646    5695 3597 6681  -1
   5647    2200 6182 1744  -1
   5648    3902 5482 2419  -1
   5649    5832 3266 102  -1
   5650    1784 4734 277  -1
   5651    6464 4174 2653  -1
   5652    1783 6778 4346  -1
   5653    4975 3618 3914  -1
   5654    724 2231 3459  -1
   5655    4140 6441 138  -1
   5656    1193 3672 1989  -1
   5657    2651 4288 5665  -1
   5658    3253 3924 6817  -1
   5659    3107 6717 6716  -1
   5660    1632 6855 713  -1
   5661    214 2399 5991  -1
   5662    1468 5827 6724  -1
   5663    4373 6756 207  -1
   5664    3560 2831 6436  -1
   5665    2301 6397 413  -1
   5666    4767 6600 769  -1
   5667    2209 6051 1149  -1
   5668    6570 6130 4449  -1
   5669    4879 5582 3759  -1
   5670    6209 1572 2464  -1
   5671    2186 2187 3676  -1
   5672    6683 3205 1405  -1
   5673    6500 952 3772  -1
   5674    6669 3205 6887  -1
   5675    3626 824 2791  -1
   5676    6683 6283 934  -1
   5677    6386 3777 1862  -1
   5678    782 5816 3494  -1
   5679    782 1515 5816  -1
   5680    1187 2005 1607  -1
   5681    6859 1218 2077  -1
   5682    5716 5189 975  -1
   5683    5378 5693 2357  -1
   5684    3570 454 6042  -1
   5685    6918 1836 1622  -1
   5686    3694 5914 691  -1
   5687    782 6293 6787  -1
   5688    989 4850 2854  -1
   5689    3012 5184 4317  -1
   5690    1573 3097 793  -1
   5691    5985 3978 5484  -1
   5692    4600 5398 6896  -1
   5693    1070 4546 1831  -1
   5694    1233 480 2865  -1
   5695    4231 396 3730  -1
   5696    2552 2471 3943  -1
   5697    6797 6038 2287  -1
   5698    5608 6596 5761  -1
   5699    6073 4760 5357  -1
   5700    3381 2295 2099  -1
   5701    3432 4177 478  -1
   5702    1618 3800 1186  -1
   5703    4199 4198 5437  -1
   5704    6391 3442 5618  -1
   5705    6628 4492 3197  -1
   5706    6121 3816 1029  -1
   5707    2988 2184 2438  -1
   5708    4157 156 5818  -1
   5709    2726 753 1758  -1
   5710    1103 4832 5747  -1
   5711    3118 3367 1572  -1
   5712    6632 3889 891  -1
   5713    5897 4640 481  -1
   5714    5192 1137 1514  -1
   5715    5738 447 3738  -1
   5716    1094 3903 4037  -1
   5717    4068 3842 5091  -1
   5718    5001 1251 3656  -1
   5719    2482 4018 4884  -1
   5720    2482 5872 4018  -1
   5721    2513 1250 5256  -1
   5722    5966 977 4899  -1
   5723    5268 5152 984  -1
   5724    2103 5512 2237  -1
   5725    1813 4018 5871  -1
   5726    3286 4018 1813  -1
   5727    4485 794 3741  -1
   5728    1929 3523 970  -1
   5729    2370 511 1619  -1
   5730    1401 3967 4515  -1
   5731    4635 2187 5623  -1
   5732    6020 3374 637  -1
   5733    4868 1406 2054  -1
   5734    3336 4067 680  -1
   5735    5872 5871 4018  -1
   5736    5708 3976 6846  -1
   5737    5767 4478 2897  -1
   5738    4911 6169 5678  -1
   5739    2498 459 3245  -1
   5740    2927 4739 4993  -1
   5741    6184 3485 2449  -1
   5742    3133 4933 1843  -1
   5743    4816 6701 1241  -1
   5744    6919 2853 1583  -1
   5745    242 4854 1766  -1
   5746    6373 6034 2388  -1
   5747    5600 2847 6501  -1
   5748    6373 1267 6034  -1
   5749    5422 1471 3298  -1
   5750    6303 1459 4124  -1
   5751    5403 2641 4486  -1
   5752    6852 5773 1864  -1
   5753    1510 6480 121  -1
   5754    5337 1510 121  -1
   5755    6696 5916 3217  -1
   5756    3363 5476 6886  -1
   5757    6874 2745 171  -1
   5758    3089 4823 2660  -1
   5759    6113 1688 2388  -1
   5760    1012 6059 3207  -1
   5761    4775 966 2720  -1
   5762    4929 1693 3602  -1
   5763    518 6507 305  -1
   5764    6829 3193 6107  -1
   5765    5156 1437 3089  -1
   5766    4551 5916 4787  -1
   5767    4551 4787 1488  -1
   5768    5280 2100 2820  -1
   5769    5900 1687 3573  -1
   5770    6031 2564 6500  -1
   5771    6031 6500 307  -1
   5772    2799 3489 6298  -1
   5773    5 2576 4474  -1
   5774    3352 4214 1927  -1
   5775    415 4371 6098  -1
   5776    6062 703 1655  -1
   5777    3772 307 6500  -1
   5778    2119 2628 2120  -1
   5779    4192 1617 469  -1
   5780    604 4712 2574  -1
   5781    4922 676 2513  -1
   5782    2547 4901 2163  -1
   5783    2563 5799 2628  -1
   5784    4876 3436 5816  -1
   5785    307 2628 2119  -1
   5786    5356 6616 1831  -1
   5787    4894 359 2128  -1
   5788    1908 5873 1803  -1
   5789    3598 1908 1803  -1
   5790    2283 4713 5433  -1
   5791    5093 3733 2250  -1
   5792    646 2504 2766  -1
   5793    305 5762 518  -1
   5794    4579 3271 5842  -1
   5795    4526 4422 5725  -1
   5796    3559 6651 495  -1
   5797    4326 120 4162  -1
   5798    5203 5799 2563  -1
   5799    5203 2563 1268  -1
   5800    4157 2845 1476  -1
   5801    4199 1124 2542  -1
   5802    2404 5935 4707  -1
   5803    4487 1703 1188  -1
   5804    4291 3019 6680  -1
   5805    4168 5478 1586  -1
   5806    2116 6507 4451  -1
   5807    2410 5758 4570  -1
   5808    5042 73 5925  -1
   5809    6168 2525 880  -1
   5810    389 6744 1318  -1
   5811    1787 3674 5903  -1
   5812    3824 1477 2541  -1
   5813    6221 2541 1477  -1
   5814    341 6113 4326  -1
   5815    2687 4249 705  -1
   5816    1103 4663 5345  -1
   5817    933 1699 4253  -1
   5818    5179 4204 2423  -1
   5819    2801 5689 1024  -1
   5820    156 1476 1636  -1
   5821    1244 2451 5423  -1
   5822    3155 954 4558  -1
   5823    3635 410 6419  -1
   5824    2766 5986 646  -1
   5825    5953 3893 781  -1
   5826    6381 405 2984  -1
   5827    4841 4842 3570  -1
   5828    930 4312 6008  -1
   5829    2571 63 4633  -1
   5830    4781 1629 3533  -1
   5831    4781 837 1629  -1
   5832    3721 6893 5299  -1
   5833    5255 3645 1381  -1
   5834    6027 530 4206  -1
   5835    408 838 2972  -1
   5836    1815 6482 5593  -1
   5837    556 3603 437  -1
   5838    1633 2974 4069  -1
   5839    5277 791 2417  -1
   5840    1551 3541 4415  -1
   5841    1992 4386 4498  -1
   5842    1273 5664 5665  -1
   5843    6912 1280 4946  -1
   5844    488 5015 2804  -1
   5845    243 5931 4996  -1
   5846    6560 5931 243  -1
   5847    6236 3286 4408  -1
   5848    6236 5931 3286  -1
   5849    1526 6513 1131  -1
   5850    570 4590 2214  -1
   5851    5615 767 6781  -1
   5852    6246 4501 1922  -1
   5853    4960 5650 2047  -1
   5854    5605 2773 1547  -1
   5855    1648 3392 4167  -1
   5856    5284 5535 1781  -1
   5857    4152 2362 2340  -1
   5858    1005 3533 1629  -1
   5859    1795 5789 3011  -1
   5860    2756 1261 4351  -1
   5861    6706 2756 4351  -1
   5862    6351 2415 380  -1
   5863    33 2446 4824  -1
   5864    4405 2367 3768  -1
   5865    5909 1924 5450  -1
   5866    6666 2496 514  -1
   5867    390 3259 3695  -1
   5868    4790 5216 5788  -1
   5869    6621 3929 1519  -1
   5870    4483 1615 4039  -1
   5871    2941 5678 652  -1
   5872    946 1655 4872  -1
   5873    5143 3523 534  -1
   5874    3578 2771 4603  -1
   5875    466 4107 6691  -1
   5876    371 4500 2665  -1
   5877    3672 3673 1694  -1
   5878    1137 5192 4179  -1
   5879    1724 2770 6700  -1
   5880    1724 4630 2770  -1
   5881    6461 2558 1065  -1
   5882    4177 4326 2000  -1
   5883    2770 2941 6700  -1
   5884    1994 1203 1870  -1
   5885    5922 6182 2200  -1
   5886    2461 467 3753  -1
   5887    406 4007 4063  -1
   5888    1952 3702 4958  -1
   5889    605 2844 1225  -1
   5890    2135 840 4928  -1
   5891    3486 2269 1122  -1
   5892    6468 2362 1813  -1
   5893    6981 1813 2362  -1
   5894    5469 3387 917  -1
   5895    5791 871 5878  -1
   5896    479 6769 3506  -1
   5897    1671 1444 6805  -1
   5898    1380 5837 6961  -1
   5899    1380 5737 5837  -1
   5900    4469 1931 4470  -1
   5901    3802 1417 2413  -1
   5902    2947 6053 472  -1
   5903    1656 3333 2402  -1
   5904    6053 3219 6413  -1
   5905    6462 1818 5685  -1
   5906    2871 5725 4909  -1
   5907    4418 1746 6910  -1
   5908    655 5952 6814  -1
   5909    2533 1174 2648  -1
   5910    5460 3112 4294  -1
   5911    6998 3481 5099  -1
   5912    1147 1569 3528  -1
   5913    3205 28 6887  -1
   5914    4092 4879 3115  -1
   5915    6846 507 4381  -1
   5916    6107 1137 4180  -1
   5917    5619 1206 6315  -1
   5918    3208 6841 3207  -1
   5919    4701 5525 4101  -1
   5920    757 5525 4701  -1
   5921    945 1258 2803  -1
   5922    2295 4427 5596  -1
   5923    6163 3515 2842  -1
   5924    6680 3019 3024  -1
   5925    5428 1492 6363  -1
   5926    2596 6389 5938  -1
   5927    6571 1159 5126  -1
   5928    3714 6571 5126  -1
   5929    6039 2716 608  -1
   5930    1815 5593 6071  -1
   5931    2721 1222 6155  -1
   5932    3464 1058 4198  -1
   5933    2103 571 4299  -1
   5934    5127 2355 1544  -1
   5935    5127 5126 2355  -1
   5936    4241 5458 661  -1
   5937    2247 1234 3960  -1
   5938    618 5180 1673  -1
   5939    1766 4854 3701  -1
   5940    6687 1084 3368  -1
   5941    2437 3864 445  -1
   5942    4005 4006 2355  -1
   5943    2642 1449 3272  -1
   5944    5767 1357 4478  -1
   5945    2588 2566 5803  -1
   5946    6297 5973 6803  -1
   5947    2620 6671 1355  -1
   5948    1481 4252 6604  -1
   5949    3329 557 4151  -1
   5950    197 3313 2817  -1
   5951    1075 5917 4658  -1
   5952    3839 6475 1208  -1
   5953    2613 5453 2612  -1
   5954    3495 2860 6254  -1
   5955    740 2751 6206  -1
   5956    3852 1608 2600  -1
   5957    6496 3040 5358  -1
   5958    2803 2918 4079  -1
   5959    4794 2350 4304  -1
   5960    4738 988 5161  -1
   5961    1083 5663 3499  -1
   5962    2240 3657 158  -1
   5963    5811 1885 4766  -1
   5964    3860 589 3861  -1
   5965    212 2699 6479  -1
   5966    212 6479 4133  -1
   5967    1735 2967 2272  -1
   5968    3688 2052 5980  -1
   5969    4995 5611 1681  -1
   5970    5385 4737 5584  -1
   5971    2167 4271 572  -1
   5972    3331 2496 1337  -1
   5973    3732 6692 661  -1
   5974    4240 902 1868  -1
   5975    642 5234 4253  -1
   5976    6569 5916 581  -1
   5977    1943 6836 6922  -1
   5978    6805 1444 5180  -1
   5979    3157 4724 2294  -1
   5980    1345 1740 5014  -1
   5981    1671 3257 1444  -1
   5982    1671 256 3257  -1
   5983    2226 6595 1698  -1
   5984    403 1701 3653  -1
   5985    4969 1300 6479  -1
   5986    2934 5027 6713  -1
   5987    1645 4780 3075  -1
   5988    432 2340 2362  -1
   5989    4698 6432 2985  -1
   5990    3926 4885 112  -1
   5991    2199 4786 409  -1
   5992    4252 1481 3517  -1
   5993    693 1249 302  -1
   5994    1020 4741 3871  -1
   5995    615 1671 3561  -1
   5996    615 3095 1671  -1
   5997    6192 2811 3261  -1
   5998    1643 6092 3548  -1
   5999    5498 5592 904  -1
   6000    6349 5735 941  -1
   6001    5899 2351 3258  -1
   6002    6263 3217 5916  -1
   6003    4678 2070 4723  -1
   6004    94 4658 1174  -1
   6005    2494 183 314  -1
   6006    5421 6689 1589  -1
   6007    3738 1901 5194  -1
   6008    3600 1975 4918  -1
   6009    1832 6847 6922  -1
   6010    5728 4398 3585  -1
   6011    4339 5830 1429  -1
   6012    1130 2474 2637  -1
   6013    4599 344 5514  -1
   6014    2966 591 3420  -1
   6015    4635 1144 2304  -1
   6016    1570 541 6901  -1
   6017    1570 6901 694  -1
   6018    4069 5164 2317  -1
   6019    1944 3883 6582  -1
   6020    4048 3280 4615  -1
   6021    2996 1904 3517  -1
   6022    660 2031 5674  -1
   6023    6435 5590 533  -1
   6024    2502 4072 961  -1
   6025    615 2444 477  -1
   6026    615 1201 2444  -1
   6027    541 2699 3778  -1
   6028    5308 1955 890  -1
   6029    6063 5629 737  -1
   6030    3233 2248 6066  -1
   6031    1314 2995 2278  -1
   6032    6043 938 1906  -1
   6033    6043 2476 938  -1
   6034    2236 4574 4877  -1
   6035    750 2871 4909  -1
   6036    319 4238 2995  -1
   6037    6135 1478 4571  -1
   6038    5932 6927 2593  -1
   6039    4332 888 6479  -1
   6040    4332 541 4104  -1
   6041    4332 2699 541  -1
   6042    5274 4969 3373  -1
   6043    3028 1173 1848  -1
   6044    1772 2944 3141  -1
   6045    6368 2944 1772  -1
   6046    3148 6202 567  -1
   6047    3745 674 6043  -1
   6048    448 6820 4203  -1
   6049    6046 1152 6737  -1
   6050    6604 4332 2729  -1
   6051    888 4332 6604  -1
   6052    2989 6121 1029  -1
   6053    919 2136 6440  -1
   6054    4867 6590 1253  -1
   6055    1624 920 2916  -1
   6056    1060 1624 2165  -1
   6057    1657 5401 1125  -1
   6058    2042 6160 3386  -1
   6059    5018 2137 1081  -1
   6060    141 3026 5670  -1
   6061    4180 652 5992  -1
   6062    6350 3683 2629  -1
   6063    1504 2272 4340  -1
   6064    4519 3037 6996  -1
   6065    6661 2133 4731  -1
   6066    3410 256 3095  -1
   6067    3950 5074 441  -1
   6068    6132 4818 4817  -1
   6069    3110 5118 3962  -1
   6070    4136 3382 278  -1
   6071    3746 313 3084  -1
   6072    6144 3778 1388  -1
   6073    414 5087 3485  -1
   6074    4210 6438 3204  -1
   6075    1906 938 6144  -1
   6076    4380 1776 5576  -1
   6077    6438 6144 938  -1
   6078    4619 1214 4620  -1
   6079    1519 3847 6167  -1
   6080    2601 1978 4539  -1
   6081    2324 4749 4380  -1
   6082    1436 4015 3250  -1
   6083    5369 4599 5514  -1
   6084    59 4942 4250  -1
   6085    2256 5752 5519  -1
   6086    6001 1926 4172  -1
   6087    6503 6236 4407  -1
   6088    6446 5696 1010  -1
   6089    2763 674 861  -1
   6090    2273 1905 674  -1
   6091    82 2225 4521  -1
   6092    2033 2491 1282  -1
   6093    3774 831 1248  -1
   6094    6661 4154 1613  -1
   6095    5523 4606 1750  -1
   6096    6731 2557 589  -1
   6097    4170 6586 4705  -1
   6098    5669 4749 2324  -1
   6099    3490 4382 2705  -1
   6100    1251 3657 3656  -1
   6101    6001 4172 6143  -1
   6102    5199 1757 5640  -1
   6103    151 1891 1057  -1
   6104    792 269 2615  -1
   6105    792 5343 269  -1
   6106    524 1620 1687  -1
   6107    2580 2744 2982  -1
   6108    2813 996 1670  -1
   6109    3687 1670 996  -1
   6110    2728 4722 831  -1
   6111    4331 937 2106  -1
   6112    6845 364 6858  -1
   6113    4875 4460 1461  -1
   6114    5359 1875 4602  -1
   6115    235 1564 3859  -1
   6116    1662 1928 647  -1
   6117    3628 2283 6731  -1
   6118    5836 1308 5954  -1
   6119    137 5836 5954  -1
   6120    5404 2671 4134  -1
   6121    5888 6599 5355  -1
   6122    4664 411 3062  -1
   6123    1579 800 4172  -1
   6124    2700 6987 1387  -1
   6125    6200 4319 2336  -1
   6126    5968 3170 5296  -1
   6127    4578 4577 529  -1
   6128    5150 3444 1140  -1
   6129    4819 6845 6274  -1
   6130    1281 4172 1926  -1
   6131    1657 1125 2891  -1
   6132    1657 2891 3703  -1
   6133    2142 4171 5425  -1
   6134    2383 4729 786  -1
   6135    1212 5230 5026  -1
   6136    5247 2816 1033  -1
   6137    3093 545 3212  -1
   6138    1204 5313 6767  -1
   6139    3549 1891 151  -1
   6140    5349 1440 6839  -1
   6141    4049 882 6956  -1
   6142    1944 5829 4140  -1
   6143    3268 4493 69  -1
   6144    134 69 4493  -1
   6145    3998 2946 5487  -1
   6146    3998 3699 2946  -1
   6147    844 4549 2760  -1
   6148    1487 4341 2999  -1
   6149    1555 1001 4023  -1
   6150    1555 3040 1001  -1
   6151    3436 4876 3111  -1
   6152    2001 5007 341  -1
   6153    5258 6396 3270  -1
   6154    1001 6114 5343  -1
   6155    1001 6496 6114  -1
   6156    5794 4508 6175  -1
   6157    3081 1153 669  -1
   6158    4949 2130 593  -1
   6159    3675 1900 3460  -1
   6160    6816 1821 4639  -1
   6161    6638 3832 133  -1
   6162    3423 505 2851  -1
   6163    3229 1528 6262  -1
   6164    5343 3832 4023  -1
   6165    5343 792 3832  -1
   6166    2590 3955 606  -1
   6167    1949 684 6834  -1
   6168    2946 6638 5487  -1
   6169    4520 3337 1512  -1
   6170    877 2959 6171  -1
   6171    1771 6171 2959  -1
   6172    6005 6004 297  -1
   6173    3774 1248 2954  -1
   6174    6108 3693 4913  -1
   6175    1628 160 2982  -1
   6176    4828 1844 2006  -1
   6177    5076 6410 889  -1
   6178    5003 575 4981  -1
   6179    3338 2135 2980  -1
   6180    1331 718 3127  -1
   6181    1331 5233 718  -1
   6182    3315 3754 2386  -1
   6183    3997 6834 133  -1
   6184    3318 5435 1232  -1
   6185    3805 6358 6486  -1
   6186    2082 5024 37  -1
   6187    4291 1007 2680  -1
   6188    2518 5031 3387  -1
   6189    3451 5237 2031  -1
   6190    2032 2031 5237  -1
   6191    4403 733 3345  -1
   6192    3408 5233 5697  -1
   6193    3408 1180 5233  -1
   6194    1331 5697 5233  -1
   6195    6961 5837 5836  -1
   6196    4459 5903 3674  -1
   6197    1918 6698 6741  -1
   6198    1773 631 76  -1
   6199    2489 4980 2490  -1
   6200    1888 2071 1500  -1
   6201    2112 4833 2111  -1
   6202    1888 718 2071  -1
   6203    1180 437 718  -1
   6204    2071 718 437  -1
   6205    437 4638 4439  -1
   6206    1800 437 4439  -1
   6207    3458 254 5149  -1
   6208    2690 5040 446  -1
   6209    3095 615 477  -1
   6210    6692 5611 4995  -1
   6211    5019 4602 3603  -1
   6212    5019 3603 556  -1
   6213    5798 4641 3393  -1
   6214    5362 2368 431  -1
   6215    4819 364 6845  -1
   6216    6079 3010 5300  -1
   6217    3310 1125 5401  -1
   6218    3705 5836 5837  -1
   6219    3705 5837 5737  -1
   6220    1754 2670 2192  -1
   6221    1861 1518 5490  -1
   6222    1800 2573 437  -1
   6223    556 437 2573  -1
   6224    3163 5779 563  -1
   6225    1359 2573 1800  -1
   6226    3440 3174 2866  -1
   6227    737 5629 1833  -1
   6228    1151 6175 4898  -1
   6229    1213 5261 2236  -1
   6230    5917 445 1708  -1
   6231    944 6594 3896  -1
   6232    2684 4929 6976  -1
   6233    1587 123 6907  -1
   6234    689 437 3603  -1
   6235    689 3716 437  -1
   6236    6701 5444 2929  -1
   6237    2235 6966 3906  -1
   6238    209 3040 437  -1
   6239    509 3395 4166  -1
   6240    1035 2842 3043  -1
   6241    269 5343 6114  -1
   6242    4622 5240 2898  -1
   6243    1555 4023 4024  -1
   6244    1837 2842 4866  -1
   6245    1837 6114 2842  -1
   6246    6850 6354 2139  -1
   6247    4134 269 1837  -1
   6248    1450 648 4670  -1
   6249    1973 2370 4102  -1
   6250    6720 5225 2064  -1
   6251    2175 4474 4475  -1
   6252    1001 5343 4023  -1
   6253    2390 1290 3389  -1
   6254    3814 4859 2964  -1
   6255    6119 4858 6755  -1
   6256    6119 540 4858  -1
   6257    2107 4479 53  -1
   6258    5089 5667 2011  -1
   6259    496 2946 437  -1
   6260    3034 667 3238  -1
   6261    6310 1398 2976  -1
   6262    3898 1352 2401  -1
   6263    1950 2783 1784  -1
   6264    876 6067 4806  -1
   6265    4806 6170 1772  -1
   6266    5910 4395 2636  -1
   6267    1441 365 2826  -1
   6268    4012 3555 275  -1
   6269    2644 3335 1544  -1
   6270    6740 3899 3763  -1
   6271    3167 4903 6784  -1
   6272    4078 1491 2084  -1
   6273    367 5044 6577  -1
   6274    2504 3660 296  -1
   6275    3791 2168 3125  -1
   6276    3644 5339 6259  -1
   6277    6084 4121 1680  -1
   6278    3275 922 1496  -1
   6279    4341 2089 2999  -1
   6280    1375 505 4588  -1
   6281    2054 5511 2222  -1
   6282    5418 4138 5417  -1
   6283    2701 4186 1202  -1
   6284    2102 3735 875  -1
   6285    6484 3967 260  -1
   6286    6421 4752 1863  -1
   6287    5671 4463 6441  -1
   6288    3280 3320 4615  -1
   6289    201 3723 5717  -1
   6290    4140 138 3883  -1
   6291    3057 4978 816  -1
   6292    4762 1198 971  -1
   6293    262 2495 4851  -1
   6294    40 5440 3684  -1
   6295    326 2357 1503  -1
   6296    6860 406 3943  -1
   6297    4463 388 4709  -1
   6298    5542 2663 2306  -1
   6299    1724 5575 4630  -1
   6300    5703 1635 3622  -1
   6301    2878 4017 5565  -1
   6302    5260 6061 3551  -1
   6303    5260 3883 6061  -1
   6304    3777 3235 1862  -1
   6305    4108 806 2170  -1
   6306    1569 5933 4471  -1
   6307    2520 2096 6134  -1
   6308    4536 1567 5360  -1
   6309    3513 4328 1910  -1
   6310    5694 4672 2453  -1
   6311    1746 6870 2431  -1
   6312    1156 5986 4236  -1
   6313    4506 4897 4507  -1
   6314    1304 419 2450  -1
   6315    6131 1313 3511  -1
   6316    1980 4298 695  -1
   6317    325 4418 3514  -1
   6318    3536 5341 751  -1
   6319    5892 2460 5891  -1
   6320    2054 1406 952  -1
   6321    6729 952 1406  -1
   6322    1116 3926 6149  -1
   6323    2751 5149 6206  -1
   6324    3482 104 4962  -1
   6325    5671 6441 2054  -1
   6326    1912 4003 3488  -1
   6327    4117 4552 2375  -1
   6328    1062 5160 2668  -1
   6329    6312 819 5164  -1
   6330    5236 4574 2236  -1
   6331    138 6061 3883  -1
   6332    2209 1149 3514  -1
   6333    467 2461 4482  -1
   6334    6322 995 3993  -1
   6335    2790 1498 930  -1
   6336    2723 5880 5086  -1
   6337    4831 21 1375  -1
   6338    3599 6720 2064  -1
   6339    1239 4081 3054  -1
   6340    5091 6762 16  -1
   6341    1221 1645 3076  -1
   6342    4490 2935 4977  -1
   6343    1710 813 4329  -1
   6344    3360 2090 771  -1
   6345    2058 5571 2968  -1
   6346    3179 4164 5571  -1
   6347    5098 2749 1022  -1
   6348    2471 4620 5770  -1
   6349    688 4129 3659  -1
   6350    500 1501 3837  -1
   6351    6915 3528 1569  -1
   6352    1465 5248 655  -1
   6353    150 1159 1583  -1
   6354    681 3871 795  -1
   6355    1094 4037 5599  -1
   6356    1067 3162 1578  -1
   6357    5052 2218 6715  -1
   6358    997 4102 1409  -1
   6359    3602 5857 1002  -1
   6360    4056 6325 5134  -1
   6361    2749 4785 4784  -1
   6362    5641 1869 6368  -1
   6363    3518 573 5208  -1
   6364    6869 1283 5595  -1
   6365    1123 1960 2805  -1
   6366    5976 5045 3642  -1
   6367    5445 1821 6816  -1
   6368    6510 246 3156  -1
   6369    5102 791 1008  -1
   6370    905 4378 1750  -1
   6371    1398 294 6341  -1
   6372    3756 294 1398  -1
   6373    233 1898 6006  -1
   6374    4328 2976 1910  -1
   6375    4604 2302 6329  -1
   6376    6424 403 3653  -1
   6377    4595 2420 3332  -1
   6378    6553 418 6595  -1
   6379    2252 6693 6684  -1
   6380    850 3513 3514  -1
   6381    4264 2420 4595  -1
   6382    5798 1313 4641  -1
   6383    5193 3578 101  -1
   6384    2538 2224 5234  -1
   6385    733 1574 4907  -1
   6386    1566 5110 4303  -1
   6387    6366 3812 5421  -1
   6388    3803 1024 6509  -1
   6389    1903 5970 1241  -1
   6390    1177 5503 6904  -1
   6391    4457 1787 4458  -1
   6392    5213 6646 5212  -1
   6393    4137 1541 4970  -1
   6394    5046 5285 2429  -1
   6395    3599 5863 5928  -1
   6396    6449 1395 4878  -1
   6397    3368 3972 6687  -1
   6398    89 4756 1184  -1
   6399    3513 325 3514  -1
   6400    4032 2795 1674  -1
   6401    1393 6186 4228  -1
   6402    6828 6601 1135  -1
   6403    3503 6828 1135  -1
   6404    6948 3870 2520  -1
   6405    5622 1082 1623  -1
   6406    5706 993 3886  -1
   6407    427 6288 4608  -1
   6408    1400 634 5332  -1
   6409    4405 6621 1519  -1
   6410    2799 6298 2560  -1
   6411    3503 4804 6828  -1
   6412    3503 845 4804  -1
   6413    2735 2734 89  -1
   6414    2962 183 2494  -1
   6415    5021 2541 2908  -1
   6416    3312 648 5533  -1
   6417    2356 3770 5240  -1
   6418    6255 4584 3387  -1
   6419    6248 2023 5011  -1
   6420    4804 1903 6828  -1
   6421    5649 4932 2706  -1
   6422    4499 26 1176  -1
   6423    4545 4544 1758  -1
   6424    4761 4776 629  -1
   6425    4761 5354 4776  -1
   6426    4030 5659 2075  -1
   6427    260 3967 847  -1
   6428    4030 2945 5936  -1
   6429    813 1710 3943  -1
   6430    5066 2390 3389  -1
   6431    1342 5458 5791  -1
   6432    2413 4 5748  -1
   6433    4529 6284 3278  -1
   6434    5421 1589 6366  -1
   6435    1506 250 4187  -1
   6436    2743 5242 473  -1
   6437    222 2087 1834  -1
   6438    30 830 4384  -1
   6439    5447 1226 3580  -1
   6440    5320 1310 4324  -1
   6441    6836 6746 327  -1
   6442    1401 2484 6893  -1
   6443    5319 360 2146  -1
   6444    787 5105 2719  -1
   6445    6957 4365 6007  -1
   6446    2724 1295 5547  -1
   6447    3614 1578 1017  -1
   6448    5586 914 3789  -1
   6449    2213 1133 4229  -1
   6450    2915 5634 5635  -1
   6451    1294 4614 2656  -1
   6452    3833 1913 5305  -1
   6453    3806 1197 3808  -1
   6454    4771 197 2817  -1
   6455    4531 5794 6606  -1
   6456    1321 4166 6985  -1
   6457    4317 701 5520  -1
   6458    4026 6565 1417  -1
   6459    223 4448 3830  -1
   6460    2640 5650 5244  -1
   6461    4261 3184 415  -1
   6462    4868 6441 4140  -1
   6463    3198 4455 466  -1
   6464    300 5528 5529  -1
   6465    5597 3032 6050  -1
   6466    5720 3403 333  -1
   6467    6186 3492 5656  -1
   6468    2857 199 5475  -1
   6469    5014 3246 217  -1
   6470    4366 982 374  -1
   6471    3649 4344 1650  -1
   6472    3972 2029 6687  -1
   6473    3726 1780 1041  -1
   6474    6831 4939 4940  -1
   6475    4150 4316 2062  -1
   6476    1762 2028 4462  -1
   6477    552 2484 5670  -1
   6478    5559 1969 765  -1
   6479    290 4565 822  -1
   6480    6555 5794 3002  -1
   6481    5924 6026 5083  -1
   6482    618 615 2492  -1
   6483    6223 3377 54  -1
   6484    679 1554 5805  -1
   6485    627 3203 5730  -1
   6486    838 2109 6422  -1
   6487    3396 4733 3449  -1
   6488    6272 1934 4777  -1
   6489    3865 1755 2643  -1
   6490    6982 6272 1935  -1
   6491    4903 1548 4145  -1
   6492    5031 6464 6255  -1
   6493    2336 247 6200  -1
   6494    2133 6106 6311  -1
   6495    1793 3838 4743  -1
   6496    4112 2543 892  -1
   6497    785 5175 2353  -1
   6498    5983 5163 3536  -1
   6499    1150 2334 3380  -1
   6500    2817 4227 4228  -1
   6501    3416 1668 2696  -1
   6502    2991 5258 3237  -1
   6503    2348 5616 5506  -1
   6504    6603 5076 5077  -1
   6505    6603 2859 5076  -1
   6506    1823 4114 5559  -1
   6507    23 1480 5218  -1
   6508    23 1932 1480  -1
   6509    6460 5030 4143  -1
   6510    1126 1125 1999  -1
   6511    6135 1479 1478  -1
   6512    1452 1269 4086  -1
   6513    1505 1610 2969  -1
   6514    6020 637 1327  -1
   6515    160 4075 6279  -1
   6516    3148 3930 4282  -1
   6517    4259 3639 4916  -1
   6518    5656 3492 1392  -1
   6519    6630 789 2032  -1
   6520    867 6137 1885  -1
   6521    692 1990 870  -1
   6522    2067 652 5679  -1
   6523    2325 1480 1932  -1
   6524    6641 395 3525  -1
   6525    2094 4404 2899  -1
   6526    2094 3918 4404  -1
   6527    949 4801 6442  -1
   6528    1823 3445 6258  -1
   6529    6377 2978 620  -1
   6530    3588 5821 417  -1
   6531    753 4845 1758  -1
   6532    4259 4916 2310  -1
   6533    4915 3692 584  -1
   6534    3986 4820 1784  -1
   6535    6863 4820 3986  -1
   6536    5583 6334 6404  -1
   6537    3676 281 5995  -1
   6538    4939 971 4940  -1
   6539    1997 5426 5085  -1
   6540    84 6689 5421  -1
   6541    4557 6602 6080  -1
   6542    906 5846 6491  -1
   6543    1108 452 2151  -1
   6544    2669 906 1893  -1
   6545    2143 4860 246  -1
   6546    909 6540 4460  -1
   6547    1085 6962 3130  -1
   6548    2594 2998 5535  -1
   6549    276 4547 5539  -1
   6550    3173 4651 1719  -1
   6551    3239 6413 2287  -1
   6552    441 4185 975  -1
   6553    3187 5846 2669  -1
   6554    6723 896 6404  -1
   6555    5443 6910 2432  -1
   6556    6640 429 1877  -1
   6557    5426 1877 429  -1
   6558    3309 6640 1877  -1
   6559    497 4027 3242  -1
   6560    4512 3344 291  -1
   6561    2148 5446 3144  -1
   6562    6307 5085 6532  -1
   6563    1704 3764 2917  -1
   6564    5085 429 4667  -1
   6565    6476 6640 345  -1
   6566    6476 429 6640  -1
   6567    6842 93 3294  -1
   6568    1603 3216 1132  -1
   6569    5805 4584 679  -1
   6570    3187 3186 5846  -1
   6571    840 4189 4928  -1
   6572    3520 1704 2917  -1
   6573    3587 6028 1702  -1
   6574    357 6812 3894  -1
   6575    386 464 4077  -1
   6576    95 379 2457  -1
   6577    942 2235 3906  -1
   6578    5749 1446 4536  -1
   6579    2676 5748 5188  -1
   6580    2457 3114 95  -1
   6581    2358 2055 475  -1
   6582    2460 4704 4812  -1
   6583    3218 1237 342  -1
   6584    6224 2527 3713  -1
   6585    1810 6316 4302  -1
   6586    686 2345 1242  -1
   6587    1021 4479 1659  -1
   6588    5462 3127 2359  -1
   6589    669 1470 2514  -1
   6590    6627 6688 2977  -1
   6591    6277 3347 929  -1
   6592    6405 897 6404  -1
   6593    6380 929 5304  -1
   6594    5458 1394 6489  -1
   6595    6994 4571 2244  -1
   6596    4720 5812 3423  -1
   6597    2744 5367 2982  -1
   6598    531 6613 2348  -1
   6599    6045 2509 1540  -1
   6600    5783 828 3128  -1
   6601    3701 4893 3630  -1
   6602    4402 6245 310  -1
   6603    840 3703 4189  -1
   6604    2793 22 776  -1
   6605    3477 22 572  -1
   6606    3488 4345 86  -1
   6607    5304 2633 5197  -1
   6608    1154 5076 2859  -1
   6609    3310 1154 2859  -1
   6610    2722 4139 885  -1
   6611    6213 5848 699  -1
   6612    352 5462 2208  -1
   6613    1483 3134 6598  -1
   6614    1540 2509 5133  -1
   6615    3033 2847 799  -1
   6616    429 5085 5426  -1
   6617    3086 180 2647  -1
   6618    5048 563 4505  -1
   6619    5539 4547 1303  -1
   6620    915 3775 4676  -1
   6621    2379 2891 1765  -1
   6622    4189 2891 4928  -1
   6623    4835 3046 3940  -1
   6624    6382 1883 6997  -1
   6625    6678 2888 5094  -1
   6626    3011 4324 5563  -1
   6627    6574 1785 6097  -1
   6628    6723 2522 2570  -1
   6629    398 4051 5486  -1
   6630    798 5515 3544  -1
   6631    3179 318 1611  -1
   6632    5184 4655 4674  -1
   6633    1003 426 2521  -1
   6634    1003 1376 426  -1
   6635    4994 2773 5605  -1
   6636    4174 4777 1934  -1
   6637    4055 5037 3260  -1
   6638    4855 1765 1999  -1
   6639    2360 2639 2135  -1
   6640    1759 6651 6756  -1
   6641    2404 404 3135  -1
   6642    2332 3692 6950  -1
   6643    418 2225 2081  -1
   6644    4189 3703 2891  -1
   6645    71 4524 1015  -1
   6646    2670 1754 3875  -1
   6647    5876 2631 3324  -1
   6648    5133 2509 656  -1
   6649    2124 1999 4038  -1
   6650    2908 2541 6221  -1
   6651    3051 4033 5614  -1
   6652    2124 5412 2125  -1
   6653    6005 453 4900  -1
   6654    2086 6492 4158  -1
   6655    3534 2220 5431  -1
   6656    3414 2082 37  -1
   6657    5710 4446 6625  -1
   6658    4786 2897 61  -1
   6659    1807 6549 5436  -1
   6660    6349 6222 5923  -1
   6661    941 6222 6349  -1
   6662    6319 6318 1575  -1
   6663    4015 3227 1435  -1
   6664    3194 6787 6293  -1
   6665    1319 2828 3829  -1
   6666    3404 4764 421  -1
   6667    1440 4764 3404  -1
   6668    5654 1090 16  -1
   6669    4859 2649 208  -1
   6670    4859 208 1000  -1
   6671    4013 6189 5879  -1
   6672    4432 2599 6388  -1
   6673    348 1322 5587  -1
   6674    6376 5629 2254  -1
   6675    6680 24 1679  -1
   6676    6044 1041 6279  -1
   6677    4690 6703 2798  -1
   6678    6174 3070 1475  -1
   6679    4881 5219 2279  -1
   6680    5307 5436 6549  -1
   6681    1759 6756 1723  -1
   6682    4138 527 1676  -1
   6683    5198 2965 6493  -1
   6684    5198 6493 3268  -1
   6685    4853 5743 1025  -1
   6686    2125 4128 2126  -1
   6687    2125 69 4128  -1
   6688    4512 5261 1213  -1
   6689    1999 1125 4038  -1
   6690    339 6800 2366  -1
   6691    6172 5386 2230  -1
   6692    5568 1745 4159  -1
   6693    1983 4719 4611  -1
   6694    69 134 4128  -1
   6695    2128 279 4894  -1
   6696    5434 4548 942  -1
   6697    1303 6533 3396  -1
   6698    5307 1535 5207  -1
   6699    6783 607 1072  -1
   6700    5435 2149 351  -1
   6701    5435 1102 2149  -1
   6702    4089 4423 797  -1
   6703    1563 5232 805  -1
   6704    6409 1347 889  -1
   6705    5279 2877 503  -1
   6706    2887 715 4739  -1
   6707    2063 4158 6654  -1
   6708    140 3201 2751  -1
   6709    797 3035 4089  -1
   6710    2124 2125 2126  -1
   6711    1512 6032 3290  -1
   6712    4239 902 4240  -1
   6713    2655 902 4239  -1
   6714    5113 185 5918  -1
   6715    2330 2571 5005  -1
   6716    6387 5737 3704  -1
   6717    2381 421 5371  -1
   6718    1101 3516 607  -1
   6719    3358 3208 83  -1
   6720    6140 2047 2684  -1
   6721    2319 4228 1253  -1
   6722    2465 4858 540  -1
   6723    2974 5785 4069  -1
   6724    6276 1830 5062  -1
   6725    2224 4521 4253  -1
   6726    6576 2739 611  -1
   6727    5064 1048 1606  -1
   6728    6264 2325 1091  -1
   6729    4907 4424 295  -1
   6730    6156 2701 3744  -1
   6731    5716 5715 5189  -1
   6732    2518 5228 335  -1
   6733    6340 5651 238  -1
   6734    6340 962 5651  -1
   6735    2899 246 4860  -1
   6736    4566 2849 972  -1
   6737    6002 1392 611  -1
   6738    5185 6540 1191  -1
   6739    2859 5372 5412  -1
   6740    6603 5372 2859  -1
   6741    602 6256 4630  -1
   6742    3660 4594 1885  -1
   6743    3102 1347 2527  -1
   6744    2567 4766 4184  -1
   6745    6603 3933 3100  -1
   6746    6603 3100 5372  -1
   6747    5561 3102 4984  -1
   6748    2333 5835 298  -1
   6749    3543 6729 5829  -1
   6750    2366 6800 2704  -1
   6751    3933 4895 3401  -1
   6752    2090 3360 4341  -1
   6753    3100 6119 5372  -1
   6754    4242 2441 6384  -1
   6755    756 5399 396  -1
   6756    5207 7 4404  -1
   6757    6550 4404 7  -1
   6758    1697 2680 4976  -1
   6759    4404 246 2899  -1
   6760    3010 1399 4716  -1
   6761    5207 3918 3035  -1
   6762    741 6294 6226  -1
   6763    2455 3479 1867  -1
   6764    6190 630 2128  -1
   6765    1794 230 899  -1
   6766    4389 6868 1077  -1
   6767    2132 5224 2341  -1
   6768    6142 4432 852  -1
   6769    6142 628 2532  -1
   6770    3784 628 6142  -1
   6771    4649 4648 2716  -1
   6772    2917 8 3520  -1
   6773    1835 3203 627  -1
   6774    1138 2685 3554  -1
   6775    3360 2626 1590  -1
   6776    4515 2448 2747  -1
   6777    5577 3022 4268  -1
   6778    2258 1489 337  -1
   6779    3844 1795 5563  -1
   6780    336 6590 4382  -1
   6781    3611 2705 2706  -1
   6782    3034 1852 5683  -1
   6783    847 3967 1401  -1
   6784    4875 5528 909  -1
   6785    3677 4065 2132  -1
   6786    436 6974 1525  -1
   6787    436 1525 3597  -1
   6788    2705 4382 542  -1
   6789    2705 542 6974  -1
   6790    2438 2184 559  -1
   6791    2654 4345 1426  -1
   6792    5545 5876 370  -1
   6793    785 4631 5175  -1
   6794    4325 2904 2864  -1
   6795    5800 4027 497  -1
   6796    2997 911 5782  -1
   6797    5698 5312 708  -1
   6798    3242 1465 3243  -1
   6799    5647 2770 4630  -1
   6800    1907 132 2835  -1
   6801    5770 1214 2204  -1
   6802    5255 1824 380  -1
   6803    6856 6857 1223  -1
   6804    215 1223 6857  -1
   6805    6682 4776 1935  -1
   6806    2970 704 2183  -1
   6807    1050 5741 4830  -1
   6808    602 5575 6711  -1
   6809    5946 1096 629  -1
   6810    2678 3324 1357  -1
   6811    3491 5496 3403  -1
   6812    6293 4808 3194  -1
   6813    4435 20 5521  -1
   6814    2271 4977 4654  -1
   6815    2918 2571 2330  -1
   6816    4292 148 1007  -1
   6817    506 2086 4567  -1
   6818    4799 1996 5999  -1
   6819    1553 259 4239  -1
   6820    3394 4239 6797  -1
   6821    2656 4614 5115  -1
   6822    6588 1217 2077  -1
   6823    2285 880 3739  -1
   6824    6427 4703 3856  -1
   6825    6427 2860 4703  -1
   6826    4270 1052 6974  -1
   6827    2705 6974 1052  -1
   6828    4568 2851 1375  -1
   6829    4143 5542 517  -1
   6830    743 1272 6830  -1
   6831    3316 169 5544  -1
   6832    5525 6118 2802  -1
   6833    5516 4798 5613  -1
   6834    6399 1842 5139  -1
   6835    831 3161 2728  -1
   6836    2930 6932 4708  -1
   6837    5080 1384 6801  -1
   6838    5577 2104 6111  -1
   6839    3620 3166 993  -1
   6840    1145 371 2665  -1
   6841    587 4493 6627  -1
   6842    542 4382 1525  -1
   6843    542 1525 6974  -1
   6844    4930 3490 3611  -1
   6845    2490 5416 3586  -1
   6846    2953 464 6015  -1
   6847    5496 2111 226  -1
   6848    1918 1257 820  -1
   6849    1468 5585 5827  -1
   6850    1621 4310 1808  -1
   6851    6221 6220 4099  -1
   6852    1636 3604 3824  -1
   6853    3999 1247 2110  -1
   6854    2275 226 4423  -1
   6855    3059 856 879  -1
   6856    296 5811 6925  -1
   6857    6677 627 2818  -1
   6858    1995 1416 6345  -1
   6859    3661 828 5783  -1
   6860    3215 6428 6844  -1
   6861    2005 2837 5303  -1
   6862    2963 6425 4593  -1
   6863    3932 1179 1701  -1
   6864    979 5227 6364  -1
   6865    972 1824 6754  -1
   6866    2581 6790 3782  -1
   6867    1204 731 179  -1
   6868    1578 3614 1067  -1
   6869    2989 5365 5366  -1
   6870    6158 863 3879  -1
   6871    5421 3812 84  -1
   6872    1403 4954 308  -1
   6873    3547 2319 3305  -1
   6874    1638 6192 1162  -1
   6875    170 3934 212  -1
   6876    4993 435 2206  -1
   6877    3929 6621 3803  -1
   6878    6669 1405 3205  -1
   6879    2649 4859 3814  -1
   6880    3588 5759 2943  -1
   6881    6421 3871 4752  -1
   6882    3137 1688 6113  -1
   6883    4711 5759 1810  -1
   6884    3202 2206 1589  -1
   6885    1314 2278 6896  -1
   6886    5591 3980 5590  -1
   6887    6572 2751 3201  -1
   6888    4827 1833 49  -1
   6889    4918 2361 1237  -1
   6890    6285 3817 4366  -1
   6891    5918 185 2434  -1
   6892    5877 5562 3266  -1
   6893    4346 6778 855  -1
   6894    4762 2905 1198  -1
   6895    461 3092 107  -1
   6896    5899 254 2351  -1
   6897    6712 5578 750  -1
   6898    4923 1501 3124  -1
   6899    459 4041 4400  -1
   6900    13 4358 3376  -1
   6901    3813 2111 4833  -1
   6902    1509 286 5415  -1
   6903    6140 2684 6747  -1
   6904    113 1163 2489  -1
   6905    2707 1604 3166  -1
   6906    6382 3192 6345  -1
   6907    1155 5465 5680  -1
   6908    6569 3669 2550  -1
   6909    5451 533 4118  -1
   6910    3109 6199 1149  -1
   6911    1679 2856 1330  -1
   6912    5383 817 3853  -1
   6913    3389 1860 5068  -1
   6914    504 5793 1568  -1
   6915    1127 2632 777  -1
   6916    3548 1612 359  -1
   6917    5677 899 4598  -1
   6918    5374 3826 3825  -1
   6919    2420 4264 3047  -1
   6920    4423 226 6790  -1
   6921    4423 6790 3318  -1
   6922    3516 1101 3782  -1
   6923    2999 5057 5281  -1
   6924    4049 2558 882  -1
   6925    2722 492 3014  -1
   6926    1929 3524 3523  -1
   6927    3479 489 2849  -1
   6928    9 5582 4879  -1
   6929    1375 21 4568  -1
   6930    3343 5023 1871  -1
   6931    4531 712 3002  -1
   6932    148 3444 4976  -1
   6933    5381 262 2265  -1
   6934    5926 900 4058  -1
   6935    447 1901 3738  -1
   6936    2346 5953 781  -1
   6937    1967 1227 2158  -1
   6938    4805 51 1432  -1
   6939    992 4748 4098  -1
   6940    296 6925 5522  -1
   6941    4774 4315 1697  -1
   6942    5971 5535 812  -1
   6943    6605 1348 3720  -1
   6944    3953 4751 2942  -1
   6945    3964 1118 427  -1
   6946    759 5767 2897  -1
   6947    1601 646 1156  -1
   6948    3903 6267 1095  -1
   6949    6572 1469 1374  -1
   6950    6664 2804 3900  -1
   6951    2358 475 3552  -1
   6952    4886 2050 1658  -1
   6953    1229 2176 4392  -1
   6954    5122 5417 6978  -1
   6955    3449 4733 2040  -1
   6956    4131 3330 39  -1
   6957    1634 533 5451  -1
   6958    3354 653 5253  -1
   6959    2495 3996 6238  -1
   6960    847 1718 260  -1
   6961    2927 1379 4136  -1
   6962    1002 3043 2842  -1
   6963    3440 772 3174  -1
   6964    1631 4697 6152  -1
   6965    6321 2773 4994  -1
   6966    3250 2273 313  -1
   6967    6154 4978 5524  -1
   6968    5735 4790 2047  -1
   6969    1899 268 3460  -1
   6970    6839 1440 4197  -1
   6971    1908 5330 5873  -1
   6972    821 5178 3159  -1
   6973    693 2089 4341  -1
   6974    1284 5524 2874  -1
   6975    6474 2874 5524  -1
   6976    1771 3891 4695  -1
   6977    1373 3670 2561  -1
   6978    6076 4335 4336  -1
   6979    982 5152 237  -1
   6980    1583 3769 5306  -1
   6981    3940 1768 484  -1
   6982    5774 30 3894  -1
   6983    2383 733 4403  -1
   6984    5906 4219 1372  -1
   6985    486 3397 2451  -1
   6986    2290 2392 1043  -1
   6987    228 1372 2300  -1
   6988    3007 1910 1372  -1
   6989    3007 325 1910  -1
   6990    3513 1910 325  -1
   6991    2274 3330 1377  -1
   6992    4156 821 2428  -1
   6993    6901 6144 2223  -1
   6994    3470 697 4163  -1
   6995    6368 1869 2944  -1
   6996    614 4587 3650  -1
   6997    4366 374 6285  -1
   6998    3714 1939 5531  -1
   6999    2941 4911 5678  -1
   7000    635 2523 2527  -1
   7001    6171 3908 877  -1
   7002    1432 5499 4805  -1
   7003    5036 3123 6938  -1
   7004    4695 2782 25  -1
   7005    4695 3891 2782  -1
   7006    6382 4839 1883  -1
   7007    5943 2277 766  -1
   7008    3123 1088 6313  -1
   7009    4746 6799 1358  -1
   7010    6285 3891 1371  -1
   7011    4837 6708 3256  -1
   7012    484 1768 729  -1
   7013    4543 2886 5728  -1
   7014    2589 3768 2367  -1
   7015    4342 3293 5780  -1
   7016    6002 2458 1392  -1
   7017    6799 4746 5332  -1
   7018    1346 5488 6067  -1
   7019    5519 3739 1311  -1
   7020    4532 337 2604  -1
   7021    1541 816 4978  -1
   7022    1487 5282 4341  -1
   7023    4521 2226 4253  -1
   7024    1148 5116 1117  -1
   7025    3437 1556 2067  -1
   7026    4751 1687 1620  -1
   7027    2339 1957 4849  -1
   7028    5868 569 6774  -1
   7029    1240 4129 6355  -1
   7030    5769 354 1235  -1
   7031    5494 2643 3137  -1
   7032    1665 5262 522  -1
   7033    2421 3359 730  -1
   7034    817 5382 1522  -1
   7035    2695 3353 4367  -1
   7036    851 5422 5392  -1
   7037    4143 1661 5542  -1
   7038    3475 104 1453  -1
   7039    2086 4158 4567  -1
   7040    931 3172 1785  -1
   7041    6492 1222 218  -1
   7042    2085 21 6674  -1
   7043    6165 6947 4132  -1
   7044    4796 1636 2541  -1
   7045    4352 6618 675  -1
   7046    1435 2494 861  -1
   7047    6166 3164 1015  -1
   7048    2512 5495 3879  -1
   7049    6654 4158 218  -1
   7050    6567 6111 5124  -1
   7051    1473 6124 6674  -1
   7052    2476 4148 258  -1
   7053    5495 6246 1922  -1
   7054    5288 6908 1222  -1
   7055    1129 407 2851  -1
   7056    4699 407 1482  -1
   7057    2049 1577 6370  -1
   7058    2063 4567 4158  -1
   7059    3782 1101 5585  -1
   7060    4329 5378 5379  -1
   7061    1318 6744 3289  -1
   7062    5998 6750 1256  -1
   7063    2198 661 6489  -1
   7064    318 3179 2058  -1
   7065    3121 2022 401  -1
   7066    898 5859 3022  -1
   7067    2037 1236 3853  -1
   7068    5497 1939 4701  -1
   7069    1697 1427 2680  -1
   7070    4785 5997 236  -1
   7071    3420 591 2450  -1
   7072    1756 395 4655  -1
   7073    3778 6144 6901  -1
   7074    4627 4628 6212  -1
   7075    1870 5543 1111  -1
   7076    3373 6604 4252  -1
   7077    1435 6497 2494  -1
   7078    5218 5898 4799  -1
   7079    5299 5154 1015  -1
   7080    4718 1736 5481  -1
   7081    700 5838 2105  -1
   7082    3420 4968 2882  -1
   7083    2797 4100 2595  -1
   7084    4649 6722 2784  -1
   7085    2539 6159 3539  -1
   7086    819 3663 5164  -1
   7087    1779 395 6641  -1
   7088    6328 4514 3702  -1
   7089    3965 3397 6854  -1
   7090    5167 3891 374  -1
   7091    2090 4341 5282  -1
   7092    1025 6278 4462  -1
   7093    1025 2530 6278  -1
   7094    1178 3978 5985  -1
   7095    5331 3696 3069  -1
   7096    1590 4155 2091  -1
   7097    2381 1423 421  -1
   7098    2091 4155 3680  -1
   7099    1170 6717 3901  -1
   7100    2837 4479 4586  -1
   7101    4499 6927 2594  -1
   7102    4679 1465 655  -1
   7103    2059 76 631  -1
   7104    1923 4601 6158  -1
   7105    5053 5052 1607  -1
   7106    3633 591 839  -1
   7107    569 6743 4797  -1
   7108    354 6432 730  -1
   7109    37 5024 3576  -1
   7110    2309 1131 3809  -1
   7111    1349 4462 6278  -1
   7112    799 4801 6491  -1
   7113    3855 2172 9  -1
   7114    5282 839 3056  -1
   7115    1958 226 2275  -1
   7116    1224 6559 4289  -1
   7117    3613 1487 288  -1
   7118    1049 67 2869  -1
   7119    849 4927 3757  -1
   7120    5966 2748 977  -1
   7121    5014 217 2545  -1
   7122    4161 5844 2928  -1
   7123    1744 6023 4212  -1
   7124    3534 610 6012  -1
   7125    1489 4708 6081  -1
   7126    2515 105 6244  -1
   7127    2188 42 2662  -1
   7128    1612 5410 6610  -1
   7129    3507 6570 6623  -1
   7130    2537 4282 3900  -1
   7131    1317 236 5266  -1
   7132    4454 5757 5867  -1
   7133    1607 2005 5053  -1
   7134    608 2716 4648  -1
   7135    3866 6204 3334  -1
   7136    2787 62 4150  -1
   7137    907 3702 4514  -1
   7138    2545 3419 5823  -1
   7139    3833 2399 5824  -1
   7140    1015 4524 6166  -1
   7141    1319 3829 4624  -1
   7142    3774 1203 678  -1
   7143    1733 4057 6512  -1
   7144    1757 33 5640  -1
   7145    3133 1843 3659  -1
   7146    3178 1801 2731  -1
   7147    6355 4129 130  -1
   7148    2281 858 836  -1
   7149    3048 2483 268  -1
   7150    4694 1861 2650  -1
   7151    3045 5815 5084  -1
   7152    1192 2162 4221  -1
   7153    5462 1331 3127  -1
   7154    5032 4281 4280  -1
   7155    1922 4501 3718  -1
   7156    4221 3480 5289  -1
   7157    2753 5917 4211  -1
   7158    4140 3883 1944  -1
   7159    6257 6161 1685  -1
   7160    643 1894 2957  -1
   7161    3136 6417 5379  -1
   7162    5584 4737 2829  -1
   7163    1202 6789 1421  -1
   7164    4061 2914 747  -1
   7165    5619 908 32  -1
   7166    2847 5600 799  -1
   7167    6194 3717 2376  -1
   7168    4577 1026 1246  -1
   7169    5030 1004 670  -1
   7170    6484 5922 3967  -1
   7171    4227 1253 4228  -1
   7172    6919 2015 6346  -1
   7173    3207 83 3208  -1
   7174    6756 6651 3559  -1
   7175    3797 1869 6771  -1
   7176    3207 6059 1816  -1
   7177    1225 1816 6059  -1
   7178    4871 2548 4448  -1
   7179    3247 6960 1261  -1
   7180    6273 1953 6023  -1
   7181    5959 1713 3209  -1
   7182    1499 2616 4647  -1
   7183    3542 363 2349  -1
   7184    610 1113 6012  -1
   7185    2625 1025 1190  -1
   7186    3362 6247 6007  -1
   7187    3752 108 5269  -1
   7188    3389 5068 5066  -1
   7189    6023 5002 1016  -1
   7190    5319 3896 1520  -1
   7191    5637 1620 85  -1
   7192    2401 1858 5098  -1
   7193    377 4011 6622  -1
   7194    3050 3292 38  -1
   7195    689 4602 1875  -1
   7196    5147 719 2856  -1
   7197    5564 2562 6751  -1
   7198    2855 3024 1493  -1
   7199    881 4144 4810  -1
   7200    5081 625 5082  -1
   7201    3385 615 3147  -1
   7202    6692 448 5611  -1
   7203    4129 688 4698  -1
   7204    2446 272 3522  -1
   7205    2973 912 1631  -1
   7206    4698 2421 6432  -1
   7207    4277 1445 824  -1
   7208    1483 6598 5211  -1
   7209    2072 1417 3802  -1
   7210    4405 2801 6621  -1
   7211    5272 1854 3113  -1
   7212    2219 3974 6456  -1
   7213    3359 1360 730  -1
   7214    5229 6685 628  -1
   7215    2082 1722 5024  -1
   7216    6434 3550 5314  -1
   7217    5937 634 1400  -1
   7218    4876 1556 3111  -1
   7219    345 5360 6476  -1
   7220    1149 6051 3109  -1
   7221    1884 118 3688  -1
   7222    745 86 4367  -1
   7223    5769 5383 6432  -1
   7224    4284 5394 553  -1
   7225    4482 683 2100  -1
   7226    4627 5727 3304  -1
   7227    6445 6357 5634  -1
   7228    4829 3477 2130  -1
   7229    1648 6495 3050  -1
   7230    4931 1402 3611  -1
   7231    2474 4416 5033  -1
   7232    4945 1083 1911  -1
   7233    4952 4950 52  -1
   7234    5353 841 4867  -1
   7235    5773 1351 4557  -1
   7236    6502 3129 848  -1
   7237    6524 1824 972  -1
   7238    4512 1213 2702  -1
   7239    735 1858 3723  -1
   7240    2038 1715 4112  -1
   7241    3754 5318 467  -1
   7242    4720 3423 3781  -1
   7243    1235 2422 4685  -1
   7244    3558 1653 6617  -1
   7245    6439 2249 4440  -1
   7246    6767 5144 1204  -1
   7247    4689 3337 5927  -1
   7248    3258 524 5900  -1
   7249    6929 4541 2784  -1
   7250    1208 2246 3839  -1
   7251    3509 3399 2277  -1
   7252    2447 596 4974  -1
   7253    6027 4206 1443  -1
   7254    2475 4840 4519  -1
   7255    115 2445 5118  -1
   7256    6938 2027 5035  -1
   7257    4871 2923 1121  -1
   7258    5936 2945 1361  -1
   7259    3973 255 817  -1
   7260    4648 255 3973  -1
   7261    3851 1573 793  -1
   7262    2867 6039 3458  -1
   7263    6117 1172 2113  -1
   7264    2440 1026 4464  -1
   7265    3569 5226 2528  -1
   7266    2040 5192 1514  -1
   7267    4502 5682 2270  -1
   7268    2909 838 6422  -1
   7269    2784 2036 4648  -1
   7270    5499 5144 278  -1
   7271    5061 5108 222  -1
   7272    6895 4812 612  -1
   7273    333 3305 4973  -1
   7274    4488 5557 370  -1
   7275    1082 2980 1881  -1
   7276    597 2652 1426  -1
   7277    3796 939 6184  -1
   7278    348 3692 4915  -1
   7279    6853 4951 3459  -1
   7280    1460 4724 4945  -1
   7281    933 6048 816  -1
   7282    2409 988 1291  -1
   7283    3671 3022 159  -1
   7284    5899 5900 2551  -1
   7285    3838 4742 4743  -1
   7286    3789 1290 2390  -1
   7287    6376 49 1833  -1
   7288    2028 5334 2412  -1
   7289    2028 2412 3003  -1
   7290    3725 6137 5376  -1
   7291    4652 5483 2327  -1
   7292    2438 559 6983  -1
   7293    4564 3419 1938  -1
   7294    3719 1092 1968  -1
   7295    2684 554 6747  -1
   7296    2684 6976 554  -1
   7297    1769 4882 6936  -1
   7298    4439 1359 1800  -1
   7299    4103 3548 359  -1
   7300    3308 843 425  -1
   7301    4361 1396 941  -1
   7302    2613 1493 6481  -1
   7303    2613 2612 1493  -1
   7304    5381 3705 4768  -1
   7305    1359 3705 6387  -1
   7306    4810 3077 6304  -1
   7307    1359 4768 3705  -1
   7308    1359 4439 4768  -1
   7309    3705 2265 5836  -1
   7310    5381 2265 3705  -1
   7311    3461 958 216  -1
   7312    4147 445 5917  -1
   7313    6201 142 5229  -1
   7314    842 4865 2544  -1
   7315    40 3684 5938  -1
   7316    3124 1501 500  -1
   7317    437 3248 3822  -1
   7318    720 3248 437  -1
   7319    3982 4905 286  -1
   7320    2894 5479 5420  -1
   7321    5121 1142 3591  -1
   7322    1011 4638 437  -1
   7323    3822 1011 437  -1
   7324    2443 1740 669  -1
   7325    3197 2690 4825  -1
   7326    2379 4928 2891  -1
   7327    2965 2964 4859  -1
   7328    1635 6110 4058  -1
   7329    204 1971 3448  -1
   7330    6307 2822 2823  -1
   7331    6192 537 2811  -1
   7332    3403 1958 5063  -1
   7333    918 3049 3292  -1
   7334    3809 4286 1961  -1
   7335    2208 6844 4511  -1
   7336    2918 63 2571  -1
   7337    790 2300 1910  -1
   7338    4160 6420 1414  -1
   7339    1140 2149 5150  -1
   7340    4986 3591 3679  -1
   7341    1331 3409 6969  -1
   7342    606 3955 3953  -1
   7343    4097 4710 6605  -1
   7344    643 2957 6105  -1
   7345    3972 3368 1460  -1
   7346    1442 4438 6612  -1
   7347    4769 2533 5990  -1
   7348    6234 1007 1679  -1
   7349    6573 435 1697  -1
   7350    6573 6366 435  -1
   7351    2728 3161 5006  -1
   7352    5299 6079 3721  -1
   7353    4474 2576 1364  -1
   7354    4911 603 6169  -1
   7355    6443 2693 45  -1
   7356    3115 4879 2424  -1
   7357    3280 4035 5764  -1
   7358    400 5764 4035  -1
   7359    3814 2326 2649  -1
   7360    975 5189 441  -1
   7361    24 6680 3024  -1
   7362    4244 6810 6375  -1
   7363    935 2459 1650  -1
   7364    2760 3504 844  -1
   7365    4272 1195 4383  -1
   7366    730 6432 2421  -1
   7367    1255 2911 5061  -1
   7368    4192 38 3292  -1
   7369    4455 4434 6089  -1
   7370    4132 6717 1170  -1
   7371    5909 4473 1924  -1
   7372    5059 2880 4631  -1
   7373    5939 3481 1157  -1
   7374    403 4795 2383  -1
   7375    1345 669 1740  -1
   7376    4451 6507 518  -1
   7377    2683 5800 1761  -1
   7378    3659 1843 391  -1
   7379    3787 550 1526  -1
   7380    1954 6565 378  -1
   7381    1053 5748 4  -1
   7382    5508 1602 4650  -1
   7383    3471 6819 4096  -1
   7384    1411 3402 5784  -1
   7385    749 1608 2282  -1
   7386    6532 6410 1154  -1
   7387    4655 395 4674  -1
   7388    6461 1065 5195  -1
   7389    2030 3609 1344  -1
   7390    3353 1123 2002  -1
   7391    2659 4577 1246  -1
   7392    2164 585 310  -1
   7393    6565 1954 4406  -1
   7394    2833 4406 1954  -1
   7395    1332 2101 4209  -1
   7396    4296 749 2282  -1
   7397    5226 1181 6964  -1
   7398    5773 4557 3169  -1
   7399    2593 6927 1145  -1
   7400    6105 2957 5513  -1
   7401    4 2413 1417  -1
   7402    4 1417 4406  -1
   7403    2279 724 3459  -1
   7404    592 1941 4021  -1
   7405    5925 6450 5042  -1
   7406    6039 2351 254  -1
   7407    1686 2551 3910  -1
   7408    5169 2979 1886  -1
   7409    4346 1925 5664  -1
   7410    5453 2861 803  -1
   7411    6476 4667 429  -1
   7412    5825 6383 1913  -1
   7413    1435 861 4015  -1
   7414    4513 1859 5029  -1
   7415    803 4770 1859  -1
   7416    1317 5734 5267  -1
   7417    3053 1037 4001  -1
   7418    5775 4718 4542  -1
   7419    2085 4568 21  -1
   7420    3445 3264 2651  -1
   7421    3689 2873 5185  -1
   7422    1168 5239 1764  -1
   7423    2318 6897 5759  -1
   7424    1651 2502 959  -1
   7425    649 5368 539  -1
   7426    1168 2795 5239  -1
   7427    5087 6956 6557  -1
   7428    4537 5360 2288  -1
   7429    2622 1984 3441  -1
   7430    4534 929 5058  -1
   7431    5433 4713 2232  -1
   7432    348 2188 6704  -1
   7433    1050 3639 4259  -1
   7434    92 3230 1747  -1
   7435    5674 72 4773  -1
   7436    5318 3753 467  -1
   7437    6704 5223 2333  -1
   7438    5626 3185 6645  -1
   7439    4946 4636 6912  -1
   7440    5140 6874 1770  -1
   7441    3825 1797 5374  -1
   7442    1111 4938 5896  -1
   7443    5423 2451 3965  -1
   7444    4387 789 6630  -1
   7445    4920 1037 3053  -1
   7446    2601 4539 670  -1
   7447    824 583 5020  -1
   7448    1624 2916 2165  -1
   7449    257 2165 2916  -1
   7450    6435 533 1634  -1
   7451    5921 762 6825  -1
   7452    630 1558 2480  -1
   7453    252 6912 4636  -1
   7454    3103 6902 827  -1
   7455    1199 5592 369  -1
   7456    2033 546 4987  -1
   7457    5688 784 5328  -1
   7458    3372 3259 1561  -1
   7459    3067 4041 2498  -1
   7460    3441 5681 2622  -1
   7461    6236 4408 4407  -1
   7462    5841 3494 5816  -1
   7463    6762 338 5654  -1
   7464    4354 2048 4355  -1
   7465    5700 4029 2788  -1
   7466    4148 184 2016  -1
   7467    5957 6137 3725  -1
   7468    1309 5650 4960  -1
   7469    4355 253 4354  -1
   7470    4842 2190 4843  -1
   7471    2260 2900 6785  -1
   7472    3657 3840 158  -1
   7473    1173 4665 1848  -1
   7474    3448 6675 3319  -1
   7475    6134 6948 2520  -1
   7476    280 2776 884  -1
   7477    6364 5227 3779  -1
   7478    3839 123 1587  -1
   7479    6983 4782 2041  -1
   7480    2407 6262 1563  -1
   7481    2155 3376 1743  -1
   7482    1091 1096 6069  -1
   7483    3659 4129 1240  -1
   7484    6201 5228 2518  -1
   7485    6935 3145 1593  -1
   7486    4986 3679 650  -1
   7487    1601 2504 646  -1
   7488    2157 4102 3316  -1
   7489    3840 4176 502  -1
   7490    5742 499 1209  -1
   7491    5501 5253 6785  -1
   7492    3233 305 2248  -1
   7493    570 4589 4590  -1
   7494    316 3842 2796  -1
   7495    892 2038 4112  -1
   7496    5857 3602 1693  -1
   7497    5441 1378 4168  -1
   7498    6356 2142 1881  -1
   7499    2783 6945 3986  -1
   7500    4675 3951 5919  -1
   7501    172 5152 1985  -1
   7502    49 5424 4827  -1
   7503    1222 6492 2086  -1
   7504    5903 4459 826  -1
   7505    4442 484 5291  -1
   7506    6234 1679 4292  -1
   7507    6034 1267 1803  -1
   7508    2813 544 5768  -1
   7509    3902 5106 6663  -1
   7510    6175 4508 4898  -1
   7511    3482 4962 6319  -1
   7512    4363 1494 3260  -1
   7513    1073 3709 1592  -1
   7514    1030 3958 2852  -1
   7515    4127 2790 1937  -1
   7516    3214 5166 2307  -1
   7517    153 2547 5264  -1
   7518    4116 6230 2304  -1
   7519    3018 1536 4388  -1
   7520    3576 5024 2034  -1
   7521    2060 6559 1224  -1
   7522    822 4398 2886  -1
   7523    1883 4839 4840  -1
   7524    4234 6378 6062  -1
   7525    4247 5386 3890  -1
   7526    5855 4753 2674  -1
   7527    3079 332 4310  -1
   7528    2049 6835 1577  -1
   7529    1068 2914 4061  -1
   7530    3133 1206 5619  -1
   7531    1379 2927 2206  -1
   7532    5053 2005 3761  -1
   7533    1719 4845 550  -1
   7534    5417 4138 6978  -1
   7535    3078 2177 4982  -1
   7536    3165 1167 5404  -1
   7537    522 5262 3281  -1
   7538    1259 4700 1428  -1
   7539    1999 2126 2893  -1
   7540    3334 6204 1455  -1
   7541    4662 2023 4905  -1
   7542    5690 6543 4586  -1
   7543    2161 3930 3148  -1
   7544    0 3314 4816  -1
   7545    13 4371 1462  -1
   7546    1472 4891 4039  -1
   7547    5627 6168 2285  -1
   7548    1585 5008 461  -1
   7549    5997 1660 456  -1
   7550    5744 3927 1511  -1
   7551    1832 6922 3465  -1
   7552    5195 1065 4110  -1
   7553    5615 4033 3051  -1
   7554    2678 5876 3324  -1
   7555    1021 5267 2006  -1
   7556    3659 1240 3133  -1
   7557    1187 4979 2005  -1
   7558    1239 4284 3026  -1
   7559    5683 2709 3034  -1
   7560    5114 3680 4155  -1
   7561    585 4749 4692  -1
   7562    118 5295 3688  -1
   7563    758 2006 5267  -1
   7564    6574 6581 2747  -1
   7565    3707 6598 1936  -1
   7566    2079 5912 4989  -1
   7567    4676 3775 4677  -1
   7568    5017 5123 1257  -1
   7569    1037 5860 2606  -1
   7570    6817 1443 3253  -1
   7571    3797 2944 1869  -1
   7572    4576 1307 2938  -1
   7573    458 976 956  -1
   7574    2246 5478 6100  -1
   7575    1772 3141 4806  -1
   7576    956 3425 2395  -1
   7577    3411 1937 3532  -1
   7578    312 2944 3797  -1
   7579    312 1116 2944  -1
   7580    3982 286 6348  -1
   7581    3036 1036 5641  -1
   7582    3036 4233 1036  -1
   7583    1116 3141 2944  -1
   7584    516 3279 6766  -1
   7585    5062 6628 2688  -1
   7586    5670 2484 141  -1
   7587    6100 5478 373  -1
   7588    1889 1947 5536  -1
   7589    1643 4103 779  -1
   7590    3036 25 2782  -1
   7591    5190 2321 1276  -1
   7592    6544 1028 2227  -1
   7593    4233 3036 2782  -1
   7594    5167 2782 3891  -1
   7595    5167 4233 2782  -1
   7596    6368 3036 5641  -1
   7597    1408 3222 6173  -1
   7598    2618 6655 4399  -1
   7599    6149 3926 631  -1
   7600    3268 69 5198  -1
   7601    6224 3713 3347  -1
   7602    4578 2412 4577  -1
   7603    1419 5853 5006  -1
   7604    6052 2298 6900  -1
   7605    6052 6393 2298  -1
   7606    3110 3555 5317  -1
   7607    2740 6002 611  -1
   7608    759 3820 6617  -1
   7609    3560 6651 1759  -1
   7610    6924 1694 3065  -1
   7611    2660 4885 3089  -1
   7612    3132 2553 5956  -1
   7613    6946 5689 2499  -1
   7614    5933 1147 5179  -1
   7615    3167 6784 2525  -1
   7616    2044 471 4585  -1
   7617    708 91 3992  -1
   7618    2902 2392 6346  -1
   7619    5406 5529 3339  -1
   7620    2194 4918 1975  -1
   7621    4222 3600 4918  -1
   7622    6178 4095 2506  -1
   7623    5492 6900 6561  -1
   7624    5492 6052 6900  -1
   7625    830 4383 1195  -1
   7626    5270 3820 191  -1
   7627    5733 3955 2590  -1
   7628    60 1245 3991  -1
   7629    2539 3539 703  -1
   7630    4578 74 2412  -1
   7631    4578 2913 74  -1
   7632    2550 3669 4362  -1
   7633    405 2296 2657  -1
   7634    4066 146 858  -1
   7635    2666 2811 346  -1
   7636    314 3272 1449  -1
   7637    4706 6186 1393  -1
   7638    5214 434 1023  -1
   7639    5550 5324 1263  -1
   7640    4487 1188 4116  -1
   7641    117 3668 6115  -1
   7642    1503 4507 294  -1
   7643    6569 4787 5916  -1
   7644    1664 922 3275  -1
   7645    3511 1909 6131  -1
   7646    60 6968 6052  -1
   7647    6350 2629 3137  -1
   7648    210 3515 6163  -1
   7649    3016 4434 4455  -1
   7650    6184 2449 940  -1
   7651    2741 1104 5639  -1
   7652    1162 6192 2160  -1
   7653    4733 6786 2040  -1
   7654    2287 4614 1294  -1
   7655    4867 841 1525  -1
   7656    4867 1525 4382  -1
   7657    1135 5910 2636  -1
   7658    4502 5820 764  -1
   7659    427 4725 2858  -1
   7660    2461 6305 4482  -1
   7661    5568 4159 1327  -1
   7662    6950 3692 348  -1
   7663    1461 4460 4838  -1
   7664    2261 5981 5847  -1
   7665    6469 5086 1158  -1
   7666    4804 5970 1903  -1
   7667    2704 6800 2316  -1
   7668    2118 3899 2988  -1
   7669    6135 6994 4582  -1
   7670    1968 1092 4802  -1
   7671    3572 309 457  -1
   7672    2073 4333 342  -1
   7673    6734 1384 5080  -1
   7674    1776 4380 6018  -1
   7675    3127 718 5097  -1
   7676    1609 394 6266  -1
   7677    1253 5353 4867  -1
   7678    5138 1894 643  -1
   7679    6505 3502 672  -1
   7680    3900 763 6664  -1
   7681    5934 2971 1993  -1
   7682    2358 4552 3765  -1
   7683    6018 4380 4749  -1
   7684    2498 4041 459  -1
   7685    637 2408 5038  -1
   7686    2600 457 309  -1
   7687    5246 2600 309  -1
   7688    1869 5641 1036  -1
   7689    2978 6377 3646  -1
   7690    4584 6255 679  -1
   7691    6701 2929 1241  -1
   7692    1955 2995 1314  -1
   7693    2309 3809 3244  -1
   7694    5448 1976 3066  -1
   7695    3465 5286 1832  -1
   7696    1457 5606 5638  -1
   7697    2696 1669 4693  -1
   7698    1581 5503 4269  -1
   7699    3908 2538 877  -1
   7700    26 4489 2863  -1
   7701    4914 128 2675  -1
   7702    6636 1546 502  -1
   7703    5890 4319 1311  -1
   7704    977 2487 4899  -1
   7705    610 2969 1113  -1
   7706    6657 1564 235  -1
   7707    2676 5000 3343  -1
   7708    800 2669 1893  -1
   7709    5531 5497 640  -1
   7710    1250 3579 3595  -1
   7711    2220 3791 723  -1
   7712    787 1782 4475  -1
   7713    1568 5793 5247  -1
   7714    4175 6174 1475  -1
   7715    5056 5908 3773  -1
   7716    5292 1334 4472  -1
   7717    1502 158 3840  -1
   7718    554 1380 4436  -1
   7719    5572 4527 420  -1
   7720    502 4176 6636  -1
   7721    3782 5585 2581  -1
   7722    1251 2074 4176  -1
   7723    3787 1131 2309  -1
   7724    6452 2621 4258  -1
   7725    3020 5668 5004  -1
   7726    2737 1117 5116  -1
   7727    5376 6137 867  -1
   7728    6889 5869 5867  -1
   7729    6021 3120 6533  -1
   7730    6794 160 6279  -1
   7731    91 708 5312  -1
   7732    5521 1806 4276  -1
   7733    6115 6779 117  -1
   7734    3072 6241 3557  -1
   7735    2010 4986 244  -1
   7736    2576 5 1365  -1
   7737    3905 4510 1099  -1
   7738    4434 3017 1972  -1
   7739    3557 2010 244  -1
   7740    3336 680 4741  -1
   7741    5492 6561 1245  -1
   7742    6886 6055 6239  -1
   7743    4769 2127 5854  -1
   7744    3066 4143 517  -1
   7745    4075 160 1628  -1
   7746    5530 6252 1306  -1
   7747    2517 3220 2500  -1
   7748    2677 5464 2178  -1
   7749    2304 3827 6231  -1
   7750    5211 100 2391  -1
   7751    6263 4551 6721  -1
   7752    3653 2928 292  -1
   7753    663 5010 2104  -1
   7754    4597 3748 6005  -1
   7755    3002 5794 4531  -1
   7756    6421 4788 2241  -1
   7757    619 4375 34  -1
   7758    4994 5605 1548  -1
   7759    3524 2807 648  -1
   7760    3686 528 5675  -1
   7761    959 2502 3857  -1
   7762    5003 2129 5004  -1
   7763    2485 1711 1271  -1
   7764    1098 3478 5470  -1
   7765    2953 4694 2954  -1
   7766    1474 5219 4881  -1
   7767    4543 5728 1956  -1
   7768    1115 5698 3915  -1
   7769    4516 921 4329  -1
   7770    573 3385 1774  -1
   7771    34 5651 6733  -1
   7772    6426 2535 1507  -1
   7773    5491 1098 2025  -1
   7774    1489 2258 3523  -1
   7775    4821 3509 1626  -1
   7776    4821 3399 3509  -1
   7777    3996 1679 4802  -1
   7778    5467 1520 3895  -1
   7779    804 3045 5084  -1
   7780    4925 3612 6091  -1
   7781    846 2569 1675  -1
   7782    4930 4334 2462  -1
   7783    609 5047 3631  -1
   7784    5355 717 3824  -1
   7785    5752 3739 5519  -1
   7786    6802 2437 78  -1
   7787    2650 3807 5449  -1
   7788    2858 3964 427  -1
   7789    5619 6315 908  -1
   7790    4183 3214 6898  -1
   7791    6280 454 3570  -1
   7792    2897 2199 759  -1
   7793    6803 2958 6297  -1
   7794    1993 2971 6944  -1
   7795    1463 4029 5700  -1
   7796    6944 4717 1993  -1
   7797    2855 24 3024  -1
   7798    3540 3045 804  -1
   7799    5285 6232 4558  -1
   7800    4624 1640 2577  -1
   7801    578 2162 4958  -1
   7802    3953 3955 1962  -1
   7803    1109 5397 225  -1
   7804    2524 225 5397  -1
   7805    5442 3765 1055  -1
   7806    2055 5442 2543  -1
   7807    6881 4581 2958  -1
   7808    3766 2524 5397  -1
   7809    6881 2524 3766  -1
   7810    6069 6388 2599  -1
   7811    850 4328 3513  -1
   7812    60 6052 5492  -1
   7813    60 5492 1245  -1
   7814    6875 2779 5457  -1
   7815    5839 4758 36  -1
   7816    1115 3915 1285  -1
   7817    6519 6875 4375  -1
   7818    4375 6875 5457  -1
   7819    6519 2951 36  -1
   7820    5839 36 2951  -1
   7821    6519 4375 2951  -1
   7822    4869 3322 6992  -1
   7823    3915 6709 4775  -1
   7824    3915 4775 1285  -1
   7825    6027 1443 6817  -1
   7826    3476 1453 2382  -1
   7827    6900 3992 6561  -1
   7828    3778 6901 541  -1
   7829    3428 6052 6968  -1
   7830    3455 238 5651  -1
   7831    6968 239 3428  -1
   7832    5651 963 3455  -1
   7833    1690 5312 5698  -1
   7834    6634 1726 4190  -1
   7835    6986 962 1753  -1
   7836    3428 239 3478  -1
   7837    6970 4583 239  -1
   7838    6709 5698 4882  -1
   7839    2025 1098 892  -1
   7840    3877 249 3283  -1
   7841    3915 5698 6709  -1
   7842    892 2543 2025  -1
   7843    5442 2025 2543  -1
   7844    5834 4318 298  -1
   7845    2025 5442 1055  -1
   7846    2895 6060 6566  -1
   7847    4456 6566 6060  -1
   7848    3428 1055 6393  -1
   7849    5569 4596 6501  -1
   7850    3478 1098 5491  -1
   7851    1909 4496 6131  -1
   7852    238 6824 4869  -1
   7853    6393 6320 2298  -1
   7854    2298 6320 3122  -1
   7855    3992 2298 3122  -1
   7856    5309 91 5311  -1
   7857    1820 4742 5123  -1
   7858    4583 2315 3478  -1
   7859    6561 3992 91  -1
   7860    1289 5732 4793  -1
   7861    4623 2596 5938  -1
   7862    3428 5491 2025  -1
   7863    6558 6733 3456  -1
   7864    5310 6558 3456  -1
   7865    6060 2895 5309  -1
   7866    292 2243 1706  -1
   7867    4129 4698 130  -1
   7868    1626 768 4821  -1
   7869    3167 5151 5518  -1
   7870    4456 6060 665  -1
   7871    4456 665 239  -1
   7872    980 3263 6924  -1
   7873    4583 3478 239  -1
   7874    6733 619 34  -1
   7875    3469 5892 5891  -1
   7876    4447 6564 1549  -1
   7877    91 5309 2895  -1
   7878    5310 6986 1753  -1
   7879    5310 3456 6986  -1
   7880    619 6728 2951  -1
   7881    619 2951 4375  -1
   7882    4920 4919 3398  -1
   7883    5907 5316 1889  -1
   7884    3617 5680 596  -1
   7885    4555 1681 3272  -1
   7886    1136 3557 6241  -1
   7887    347 3992 3122  -1
   7888    193 5816 3436  -1
   7889    4700 2498 1428  -1
   7890    917 3387 1553  -1
   7891    4950 6287 52  -1
   7892    685 5696 6446  -1
   7893    3575 272 6883  -1
   7894    4124 1459 5277  -1
   7895    6970 3455 2936  -1
   7896    6393 6052 3428  -1
   7897    4293 3321 1775  -1
   7898    5230 5467 2960  -1
   7899    883 5875 2733  -1
   7900    883 4580 5875  -1
   7901    5017 1257 6811  -1
   7902    6043 1906 3745  -1
   7903    3046 5415 1768  -1
   7904    5312 2769 91  -1
   7905    239 665 6824  -1
   7906    6979 22 4687  -1
   7907    34 4672 963  -1
   7908    4811 3077 4810  -1
   7909    6909 6340 3322  -1
   7910    6909 962 6340  -1
   7911    3455 963 2936  -1
   7912    1752 4869 6824  -1
   7913    1752 5309 4869  -1
   7914    4833 607 3516  -1
   7915    4869 6340 238  -1
   7916    4869 6992 6340  -1
   7917    6970 239 238  -1
   7918    963 5294 2936  -1
   7919    1455 6204 6865  -1
   7920    6970 238 3455  -1
   7921    4869 5309 3322  -1
   7922    5309 5311 3322  -1
   7923    6992 3322 6340  -1
   7924    3174 5400 2866  -1
   7925    2936 2315 4583  -1
   7926    5311 91 2769  -1
   7927    2115 4851 4850  -1
   7928    4203 3095 477  -1
   7929    1333 5271 191  -1
   7930    2769 1753 5311  -1
   7931    6320 474 3122  -1
   7932    3148 567 2161  -1
   7933    3456 962 6986  -1
   7934    5651 962 3456  -1
   7935    5311 6909 3322  -1
   7936    963 5651 34  -1
   7937    6476 5360 4537  -1
   7938    1414 6203 3129  -1
   7939    3456 6733 5651  -1
   7940    525 5843 3169  -1
   7941    1295 3000 5547  -1
   7942    2556 5358 3041  -1
   7943    3682 6844 6428  -1
   7944    5523 2987 2442  -1
   7945    1954 5029 1054  -1
   7946    6270 533 5060  -1
   7947    3340 4474 2175  -1
   7948    6956 400 1412  -1
   7949    6553 2225 418  -1
   7950    1032 2534 5083  -1
   7951    2962 2494 6497  -1
   7952    5913 5215 4416  -1
   7953    1930 4067 2306  -1
   7954    3414 6557 882  -1
   7955    2558 3414 882  -1
   7956    3694 4756 2234  -1
   7957    6537 6930 2693  -1
   7958    461 1851 3092  -1
   7959    461 3985 1851  -1
   7960    4834 592 1145  -1
   7961    4021 1145 592  -1
   7962    5967 6696 3217  -1
   7963    6818 6747 554  -1
   7964    1300 5648 2043  -1
   7965    5073 6025 2725  -1
   7966    3238 667 10  -1
   7967    744 4391 425  -1
   7968    2973 4505 3564  -1
   7969    5793 149 5247  -1
   7970    5154 1882 1015  -1
   7971    1233 5750 2336  -1
   7972    5959 3748 4597  -1
   7973    6484 3282 6182  -1
   7974    3738 5194 43  -1
   7975    425 4359 5889  -1
   7976    6442 4801 799  -1
   7977    4505 1631 5048  -1
   7978    1594 2148 3144  -1
   7979    1447 3582 4943  -1
   7980    2968 1610 1505  -1
   7981    6424 1706 835  -1
   7982    1307 4576 3418  -1
   7983    6133 3418 4576  -1
   7984    420 1745 3014  -1
   7985    1418 6157 4626  -1
   7986    3376 4358 769  -1
   7987    3247 1724 4179  -1
   7988    3890 5386 724  -1
   7989    3047 4897 4506  -1
   7990    5722 4792 4827  -1
   7991    2567 5406 3339  -1
   7992    4061 4062 317  -1
   7993    1068 4061 317  -1
   7994    2452 6854 5166  -1
   7995    2259 6169 1062  -1
   7996    5424 315 2345  -1
   7997    3580 5323 4178  -1
   7998    3493 2377 5426  -1
   7999    2741 4261 2344  -1
   8000    4819 3668 1634  -1
   8001    3885 6150 4755  -1
   8002    4420 3061 4161  -1
   8003    434 2989 5366  -1
   8004    3562 2578 1606  -1
   8005    6473 3087 2409  -1
   8006    450 2181 5883  -1
   8007    138 6441 4709  -1
   8008    5365 1678 5366  -1
   8009    4453 5757 1742  -1
   8010    3850 2621 5082  -1
   8011    6193 3767 2367  -1
   8012    460 4466 4465  -1
   8013    6652 287 4715  -1
   8014    1238 5971 5272  -1
   8015    4666 1156 2765  -1
   8016    970 5985 539  -1
   8017    6647 3878 2381  -1
   8018    1761 2945 2683  -1
   8019    6237 2459 3553  -1
   8020    3983 1105 1560  -1
   8021    4113 732 3185  -1
   8022    1539 1874 2139  -1
   8023    4276 851 5392  -1
   8024    6033 1593 1057  -1
   8025    3448 1971 1725  -1
   8026    2204 4370 5770  -1
   8027    3483 2973 3564  -1
   8028    872 3842 4068  -1
   8029    5701 6836 327  -1
   8030    2072 1618 311  -1
   8031    1779 1041 5459  -1
   8032    6531 3564 4505  -1
   8033    835 1706 4350  -1
   8034    582 1594 3752  -1
   8035    1599 1058 1848  -1
   8036    1630 6152 2292  -1
   8037    2546 3101 6160  -1
   8038    3595 1434 6088  -1
   8039    2880 4202 2400  -1
   8040    6180 695 6837  -1
   8041    4055 3372 1561  -1
   8042    6176 6337 2534  -1
   8043    1134 5880 4022  -1
   8044    3860 3861 632  -1
   8045    6032 3337 4689  -1
   8046    3972 1460 2029  -1
   8047    354 2925 2422  -1
   8048    1136 2010 3557  -1
   8049    158 5628 2240  -1
   8050    6128 4394 2644  -1
   8051    1336 4339 5633  -1
   8052    3404 421 1423  -1
   8053    1012 1618 6059  -1
   8054    549 5747 4832  -1
   8055    5159 415 146  -1
   8056    3545 4803 2469  -1
   8057    4105 668 6194  -1
   8058    2805 5975 3443  -1
   8059    5051 1598 6331  -1
   8060    5683 3462 4880  -1
   8061    5902 2267 2322  -1
   8062    1716 2934 2004  -1
   8063    4683 5869 5868  -1
   8064    2173 5843 4283  -1
   8065    5489 3284 4458  -1
   8066    2185 5995 4119  -1
   8067    709 2312 3712  -1
   8068    3652 622 6515  -1
   8069    6883 272 4999  -1
   8070    3393 4641 182  -1
   8071    4306 908 1319  -1
   8072    3721 6079 847  -1
   8073    3078 301 6177  -1
   8074    678 1203 1994  -1
   8075    6015 464 5333  -1
   8076    4207 5972 4376  -1
   8077    2868 6978 1676  -1
   8078    2786 1984 2931  -1
   8079    4521 2225 2226  -1
   8080    5451 4572 1974  -1
   8081    1052 2706 2705  -1
   8082    5905 531 2348  -1
   8083    5899 2551 254  -1
   8084    835 4795 6424  -1
   8085    3566 4201 6327  -1
   8086    3274 4007 406  -1
   8087    2140 469 2688  -1
   8088    2364 3222 1408  -1
   8089    2591 5209 5783  -1
   8090    32 2200 4933  -1
   8091    1186 3800 5344  -1
   8092    6731 589 3628  -1
   8093    4909 5438 285  -1
   8094    2241 4560 1020  -1
   8095    6258 1274 1823  -1
   8096    1467 268 4261  -1
   8097    2507 4096 6819  -1
   8098    335 4777 4174  -1
   8099    1794 3696 5331  -1
   8100    3172 931 6710  -1
   8101    3178 578 3355  -1
   8102    746 6478 6094  -1
   8103    117 1979 6435  -1
   8104    3008 5364 2062  -1
   8105    4261 1899 3184  -1
   8106    389 2123 6743  -1
   8107    4234 6062 3429  -1
   8108    2034 5024 5025  -1
   8109    4395 3013 111  -1
   8110    5075 616 57  -1
   8111    4313 6610 6138  -1
   8112    3810 1835 6455  -1
   8113    1492 5173 1301  -1
   8114    1504 1917 3736  -1
   8115    3244 3809 468  -1
   8116    227 5662 2356  -1
   8117    6331 1598 3543  -1
   8118    2885 4313 5022  -1
   8119    769 4358 4767  -1
   8120    5133 656 4279  -1
   8121    2042 5609 6990  -1
   8122    947 2990 3121  -1
   8123    6803 2524 2958  -1
   8124    2763 2066 5549  -1
   8125    3055 769 5962  -1
   8126    401 2022 2921  -1
   8127    4039 4891 4483  -1
   8128    4336 1079 6295  -1
   8129    2768 1736 4699  -1
   8130    6291 5962 2922  -1
   8131    913 1628 2982  -1
   8132    2898 5943 1966  -1
   8133    4622 769 6600  -1
   8134    4622 5962 769  -1
   8135    5550 826 1264  -1
   8136    4817 6195 6132  -1
   8137    5050 6611 4034  -1
   8138    702 6611 5050  -1
   8139    339 5684 6091  -1
   8140    6202 3148 144  -1
   8141    1500 2071 437  -1
   8142    754 5621 6563  -1
   8143    1946 4369 5746  -1
   8144    6267 944 4545  -1
   8145    1096 6465 4732  -1
   8146    3814 6510 2326  -1
   8147    4872 3400 946  -1
   8148    2417 791 4281  -1
   8149    6923 5730 5298  -1
   8150    1177 384 3061  -1
   8151    2752 4083 1647  -1
   8152    3023 3249 1734  -1
   8153    1263 2797 5550  -1
   8154    6576 611 1385  -1
   8155    3363 6886 6239  -1
   8156    4573 3245 4400  -1
   8157    6100 373 6162  -1
   8158    5806 6174 4175  -1
   8159    6663 1863 2939  -1
   8160    2048 1465 4027  -1
   8161    1282 6001 6143  -1
   8162    362 3255 2812  -1
   8163    6107 4180 5992  -1
   8164    2417 4281 5032  -1
   8165    1241 2929 4549  -1
   8166    4170 4705 2663  -1
   8167    760 1971 204  -1
   8168    2203 2796 872  -1
   8169    4837 3256 3563  -1
   8170    2531 6278 4400  -1
   8171    960 5864 2846  -1
   8172    3188 2749 5098  -1
   8173    1802 1218 6859  -1
   8174    2043 920 5609  -1
   8175    6130 5798 536  -1
   8176    6130 536 4449  -1
   8177    6295 5960 2076  -1
   8178    3179 5571 2058  -1
   8179    586 4357 2051  -1
   8180    6924 3263 1989  -1
   8181    731 2178 2975  -1
   8182    267 768 5958  -1
   8183    267 4821 768  -1
   8184    1089 5438 3400  -1
   8185    6353 4251 2191  -1
   8186    2875 4785 236  -1
   8187    5398 890 1955  -1
   8188    707 6297 2027  -1
   8189    6508 2907 1030  -1
   8190    4828 3495 2717  -1
   8191    4573 2625 3245  -1
   8192    2399 3833 6838  -1
   8193    1069 5512 2957  -1
   8194    4229 5841 6726  -1
   8195    529 4577 2659  -1
   8196    675 676 4215  -1
   8197    3203 5298 5730  -1
   8198    6262 1528 6275  -1
   8199    6960 4179 5192  -1
   8200    4061 747 1743  -1
   8201    6139 1462 5159  -1
   8202    3184 146 415  -1
   8203    3655 3195 2455  -1
   8204    2407 805 3140  -1
   8205    3507 4660 1100  -1
   8206    3649 2459 576  -1
   8207    3628 589 80  -1
   8208    2447 3377 596  -1
   8209    5490 3806 1861  -1
   8210    4536 5360 345  -1
   8211    1540 3427 1887  -1
   8212    1430 3449 4808  -1
   8213    5090 356 3149  -1
   8214    6832 3070 5806  -1
   8215    5223 5835 2333  -1
   8216    1068 3054 5013  -1
   8217    1202 4186 5134  -1
   8218    2466 1302 3212  -1
   8219    6705 851 1991  -1
   8220    1991 851 4276  -1
   8221    2198 6489 4487  -1
   8222    4396 6173 3221  -1
   8223    6209 2464 5415  -1
   8224    500 4613 3341  -1
   8225    3550 1032 2215  -1
   8226    5898 1996 4799  -1
   8227    2469 3546 3545  -1
   8228    5245 6718 3294  -1
   8229    3371 2714 2727  -1
   8230    5905 5732 4948  -1
   8231    6872 2097 2865  -1
   8232    214 413 2761  -1
   8233    6349 3378 5735  -1
   8234    3834 5316 3335  -1
   8235    248 5543 1870  -1
   8236    6906 2904 4325  -1
   8237    5418 5417 526  -1
   8238    2674 1912 3488  -1
   8239    351 6844 3682  -1
   8240    5601 4909 5725  -1
   8241    3591 4986 5121  -1
   8242    844 3504 1903  -1
   8243    4384 1195 3894  -1
   8244    4325 1791 6906  -1
   8245    6879 2752 3149  -1
   8246    5583 897 6945  -1
   8247    2285 6168 880  -1
   8248    3066 101 2418  -1
   8249    4761 6658 5341  -1
   8250    4343 2266 5725  -1
   8251    6517 936 3020  -1
   8252    1337 3775 6584  -1
   8253    314 183 1038  -1
   8254    1045 6851 5389  -1
   8255    6198 6569 2550  -1
   8256    5667 4449 4095  -1
   8257    536 4095 4449  -1
   8258    1311 3739 5890  -1
   8259    3482 5039 2382  -1
   8260    4828 5734 2860  -1
   8261    476 6998 4902  -1
   8262    6775 4902 6998  -1
   8263    1238 3113 519  -1
   8264    6634 4190 593  -1
   8265    341 5007 5494  -1
   8266    6886 2284 6055  -1
   8267    1705 3442 1080  -1
   8268    3031 5390 3946  -1
   8269    5324 6675 1263  -1
   8270    3027 5178 6730  -1
   8271    2285 4071 5627  -1
   8272    3907 1410 6772  -1
   8273    4649 2784 4648  -1
   8274    3955 51 4805  -1
   8275    3220 6398 2500  -1
   8276    284 4047 2012  -1
   8277    1083 3499 1911  -1
   8278    3816 3815 857  -1
   8279    445 3864 4723  -1
   8280    834 2373 3617  -1
   8281    1051 5764 2692  -1
   8282    3158 5663 3157  -1
   8283    2540 4556 3272  -1
   8284    756 1368 486  -1
   8285    5067 1224 2201  -1
   8286    6223 54 4088  -1
   8287    1243 4369 5745  -1
   8288    2976 4328 6310  -1
   8289    169 6727 3849  -1
   8290    3570 4414 4841  -1
   8291    6120 5512 4299  -1
   8292    5662 1911 3499  -1
   8293    5920 762 3334  -1
   8294    6576 1385 2523  -1
   8295    1411 4629 6513  -1
   8296    1644 3848 6528  -1
   8297    6959 445 4723  -1
   8298    2646 3151 6243  -1
   8299    2924 5514 4074  -1
   8300    1693 4929 4014  -1
   8301    5036 1088 3123  -1
   8302    4814 6538 5885  -1
   8303    2156 3446 3106  -1
   8304    5420 1009 2894  -1
   8305    2611 5902 2919  -1
   8306    2611 485 5902  -1
   8307    107 1585 461  -1
   8308    5676 1949 5645  -1
   8309    1277 6966 1611  -1
   8310    2270 6247 3362  -1
   8311    2834 270 3264  -1
   8312    2682 968 1765  -1
   8313    1890 4937 1353  -1
   8314    1890 5559 4937  -1
   8315    4227 5353 1253  -1
   8316    6981 5865 1141  -1
   8317    2883 2626 200  -1
   8318    5840 4525 1554  -1
   8319    2089 1762 2999  -1
   8320    678 3325 3774  -1
   8321    3365 3426 1887  -1
   8322    3199 4971 3538  -1
   8323    879 856 3060  -1
   8324    3056 771 5282  -1
   8325    4184 118 1884  -1
   8326    4748 2080 190  -1
   8327    1622 3923 5473  -1
   8328    6301 1757 6579  -1
   8329    1716 4490 2934  -1
   8330    4353 6618 6071  -1
   8331    6469 3038 4527  -1
   8332    3026 6097 1239  -1
   8333    4284 2922 1866  -1
   8334    2539 2646 1527  -1
   8335    6243 1527 2646  -1
   8336    3347 6734 5080  -1
   8337    1367 868 4254  -1
   8338    2552 4063 1013  -1
   8339    333 3403 5063  -1
   8340    6579 1121 136  -1
   8341    4957 1247 5761  -1
   8342    3435 2247 6056  -1
   8343    6006 3181 1805  -1
   8344    3264 5559 1890  -1
   8345    3264 3445 5559  -1
   8346    6360 2179 5440  -1
   8347    3807 1196 329  -1
   8348    6111 3366 5577  -1
   8349    2891 1125 1126  -1
   8350    6491 5846 1532  -1
   8351    1905 3250 4015  -1
   8352    5155 287 6652  -1
   8353    229 6597 3082  -1
   8354    3645 1825 291  -1
   8355    4014 4773 3043  -1
   8356    1962 4750 3953  -1
   8357    2640 941 5735  -1
   8358    759 6617 5767  -1
   8359    492 6469 4527  -1
   8360    295 5039 3345  -1
   8361    798 4637 6679  -1
   8362    3229 6262 4947  -1
   8363    6049 5674 2031  -1
   8364    535 3623 4979  -1
   8365    5285 4558 2429  -1
   8366    5052 983 6511  -1
   8367    5423 5424 49  -1
   8368    6665 994 3073  -1
   8369    4913 439 6108  -1
   8370    2516 6371 4202  -1
   8371    1698 4253 2226  -1
   8372    2031 660 3451  -1
   8373    2924 3451 660  -1
   8374    6644 6633 815  -1
   8375    3262 3263 1228  -1
   8376    6214 687 5026  -1
   8377    183 2962 1038  -1
   8378    3200 5372 755  -1
   8379    2001 6615 5007  -1
   8380    6869 1497 4561  -1
   8381    4364 2390 5066  -1
   8382    5314 3550 2215  -1
   8383    1904 5095 4873  -1
   8384    5939 3869 2641  -1
   8385    3349 2180 5687  -1
   8386    1897 1262 3135  -1
   8387    6856 2060 5714  -1
   8388    1691 794 4485  -1
   8389    5828 1486 2499  -1
   8390    6946 2499 1486  -1
   8391    4 4406 1053  -1
   8392    4652 2327 2569  -1
   8393    3874 3875 1754  -1
   8394    5305 1356 1230  -1
   8395    2192 4465 3742  -1
   8396    5232 936 275  -1
   8397    55 791 5102  -1
   8398    1244 5423 49  -1
   8399    517 4067 6035  -1
   8400    766 3049 4207  -1
   8401    2714 4892 6791  -1
   8402    828 2269 3262  -1
   8403    4415 6539 6866  -1
   8404    2841 28 3205  -1
   8405    5045 3 3441  -1
   8406    2468 3 5045  -1
   8407    1248 831 4077  -1
   8408    6974 436 4270  -1
   8409    995 3080 3964  -1
   8410    5803 3235 3777  -1
   8411    3709 2712 1874  -1
   8412    557 1783 3519  -1
   8413    3311 232 2216  -1
   8414    6791 5553 2714  -1
   8415    3037 6673 4374  -1
   8416    983 3047 4264  -1
   8417    939 4613 2193  -1
   8418    5796 1430 157  -1
   8419    1213 4877 3893  -1
   8420    2450 1128 5808  -1
   8421    4890 3845 6183  -1
   8422    3918 5207 4404  -1
   8423    716 3642 5045  -1
   8424    545 5569 6501  -1
   8425    545 3093 5569  -1
   8426    3318 2581 1102  -1
   8427    1973 5949 4424  -1
   8428    5009 2834 5213  -1
   8429    5855 1982 2673  -1
   8430    4824 6939 1425  -1
   8431    1777 6018 5403  -1
   8432    3176 676 3579  -1
   8433    1208 6475 1741  -1
   8434    5389 6851 4857  -1
   8435    380 3645 5255  -1
   8436    1415 4348 5275  -1
   8437    5354 3537 1935  -1
   8438    5098 4610 2401  -1
   8439    4870 1121 2923  -1
   8440    2508 5242 2743  -1
   8441    3575 6883 1584  -1
   8442    1036 3495 6254  -1
   8443    4665 2296 5104  -1
   8444    4486 2641 5826  -1
   8445    906 2669 5846  -1
   8446    5530 4779 3452  -1
   8447    6575 343 2786  -1
   8448    6123 6325 232  -1
   8449    3582 1706 2243  -1
   8450    1302 107 3212  -1
   8451    1199 5408 3836  -1
   8452    1518 5333 3764  -1
   8453    3279 119 6766  -1
   8454    4120 444 5157  -1
   8455    6676 2847 3687  -1
   8456    545 996 3212  -1
   8457    545 6676 996  -1
   8458    6238 3996 1092  -1
   8459    1403 4196 6193  -1
   8460    2439 2349 5921  -1
   8461    1387 6987 2513  -1
   8462    2226 6553 6595  -1
   8463    866 4342 5780  -1
   8464    3728 5574 2340  -1
   8465    3227 2264 948  -1
   8466    5465 6073 498  -1
   8467    2144 5006 5853  -1
   8468    674 2763 5549  -1
   8469    5478 3783 2245  -1
   8470    4046 4523 414  -1
   8471    638 2408 6241  -1
   8472    2436 3323 1006  -1
   8473    3966 6480 4988  -1
   8474    486 1368 3398  -1
   8475    4022 5880 5576  -1
   8476    2759 5432 3415  -1
   8477    4446 5676 4476  -1
   8478    2164 4691 585  -1
   8479    1698 6048 933  -1
   8480    4388 1971 760  -1
   8481    2340 5574 4152  -1
   8482    3892 949 546  -1
   8483    5182 1684 4741  -1
   8484    6550 246 4404  -1
   8485    5181 6648 73  -1
   8486    3406 2403 1194  -1
   8487    5978 4727 3485  -1
   8488    5477 1592 4800  -1
   8489    1790 5725 4422  -1
   8490    1430 4808 157  -1
   8491    163 3500 4607  -1
   8492    5377 1631 6152  -1
   8493    2874 6474 6048  -1
   8494    5465 498 2505  -1
   8495    3948 439 2024  -1
   8496    4659 2200 32  -1
   8497    5251 2070 4678  -1
   8498    5139 1842 4712  -1
   8499    2589 3767 865  -1
   8500    4448 465 1049  -1
   8501    3460 1900 1899  -1
   8502    1284 6154 5524  -1
   8503    6693 1603 1132  -1
   8504    4622 6600 5240  -1
   8505    4544 207 4848  -1
   8506    5172 1732 4057  -1
   8507    4678 5792 5251  -1
   8508    6741 1175 5251  -1
   8509    4815 5344 2489  -1
   8510    1175 2070 5251  -1
   8511    4380 5247 2324  -1
   8512    2088 1058 5625  -1
   8513    1808 3786 5101  -1
   8514    1166 3674 5558  -1
   8515    460 2843 4466  -1
   8516    5389 6359 1045  -1
   8517    5237 220 5996  -1
   8518    402 4044 5643  -1
   8519    5020 3189 6527  -1
   8520    3451 220 5237  -1
   8521    3457 220 3451  -1
   8522    1790 5941 187  -1
   8523    2162 1104 4958  -1
   8524    3009 6293 782  -1
   8525    1149 6199 850  -1
   8526    5026 687 1212  -1
   8527    2503 687 6214  -1
   8528    182 538 1320  -1
   8529    572 4271 5138  -1
   8530    4217 5044 4338  -1
   8531    4880 1390 2710  -1
   8532    5856 442 2400  -1
   8533    586 2771 381  -1
   8534    3610 5113 772  -1
   8535    3442 3441 3  -1
   8536    3442 1705 3441  -1
   8537    6206 1686 3910  -1
   8538    1268 2563 6263  -1
   8539    5572 420 3014  -1
   8540    1829 5618 6624  -1
   8541    1039 1533 5555  -1
   8542    2503 4073 687  -1
   8543    335 6682 4777  -1
   8544    6195 3887 6132  -1
   8545    2776 3887 6195  -1
   8546    6951 687 5069  -1
   8547    687 6951 1212  -1
   8548    1331 5462 3409  -1
   8549    3798 3961 901  -1
   8550    108 2021 5269  -1
   8551    3267 4368 6951  -1
   8552    3561 6805 2492  -1
   8553    1278 2652 5249  -1
   8554    5623 2187 1633  -1
   8555    1150 3940 2334  -1
   8556    5303 2837 2331  -1
   8557    3292 267 4192  -1
   8558    3185 2454 6645  -1
   8559    1047 6895 612  -1
   8560    4329 921 5378  -1
   8561    5846 5781 70  -1
   8562    6542 6543 237  -1
   8563    2308 960 2846  -1
   8564    4491 676 4923  -1
   8565    3365 1887 2080  -1
   8566    2778 1931 4469  -1
   8567    212 3778 2699  -1
   8568    5221 1153 3081  -1
   8569    4197 5273 1649  -1
   8570    5104 5162 1600  -1
   8571    6448 2286 4429  -1
   8572    6624 3379 446  -1
   8573    1828 3378 3379  -1
   8574    4554 3263 980  -1
   8575    4052 2610 2004  -1
   8576    4455 725 466  -1
   8577    4455 6089 725  -1
   8578    1081 6440 2136  -1
   8579    6636 4176 2730  -1
   8580    732 2454 3185  -1
   8581    3848 1912 463  -1
   8582    3261 122 2160  -1
   8583    2094 2899 6755  -1
   8584    4860 6755 2899  -1
   8585    2654 318 2058  -1
   8586    4489 6631 2863  -1
   8587    4187 250 4065  -1
   8588    4789 4642 989  -1
   8589    6370 1577 3855  -1
   8590    5437 6705 1991  -1
   8591    4889 1798 3584  -1
   8592    675 3579 676  -1
   8593    6922 6836 5701  -1
   8594    4615 3320 482  -1
   8595    1643 2831 6092  -1
   8596    1655 703 3539  -1
   8597    5742 3425 1658  -1
   8598    877 2538 5234  -1
   8599    1051 3320 3280  -1
   8600    2772 6789 4410  -1
   8601    1192 1467 2343  -1
   8602    3544 4637 798  -1
   8603    744 6040 3632  -1
   8604    2013 598 3547  -1
   8605    1674 6482 767  -1
   8606    1020 4560 4741  -1
   8607    2762 1703 1394  -1
   8608    6281 4936 588  -1
   8609    2711 5364 6456  -1
   8610    3443 4042 2805  -1
   8611    3392 38 5875  -1
   8612    4777 6682 1935  -1
   8613    3801 1618 2072  -1
   8614    4191 675 4215  -1
   8615    4191 1617 675  -1
   8616    5341 1933 4761  -1
   8617    3360 1249 693  -1
   8618    2649 2326 1287  -1
   8619    2061 435 4993  -1
   8620    4689 3291 6032  -1
   8621    52 6287 1811  -1
   8622    5236 6358 780  -1
   8623    5614 5958 768  -1
   8624    6314 3080 6322  -1
   8625    213 6022 2232  -1
   8626    5237 6703 2032  -1
   8627    3549 6450 5925  -1
   8628    3360 2091 1249  -1
   8629    5334 1026 4577  -1
   8630    5066 5068 3388  -1
   8631    4011 470 6012  -1
   8632    2382 5039 3968  -1
   8633    802 801 4040  -1
   8634    6487 4905 1572  -1
   8635    4252 257 3373  -1
   8636    5911 3222 4113  -1
   8637    2438 3120 6021  -1
   8638    2890 1047 2568  -1
   8639    1674 4034 6611  -1
   8640    1674 767 4034  -1
   8641    262 4851 2265  -1
   8642    2742 5413 5471  -1
   8643    6957 90 4365  -1
   8644    5763 414 4523  -1
   8645    2818 627 5730  -1
   8646    2357 5693 1503  -1
   8647    2402 4595 3332  -1
   8648    151 6450 3549  -1
   8649    3711 5691 5881  -1
   8650    5062 4191 6276  -1
   8651    5627 3500 673  -1
   8652    5636 4248 1896  -1
   8653    5636 4064 4248  -1
   8654    636 4139 2722  -1
   8655    538 3941 5364  -1
   8656    5006 2144 2728  -1
   8657    1722 3774 3325  -1
   8658    1488 4787 6198  -1
   8659    3706 3395 1309  -1
   8660    1977 3892 5380  -1
   8661    513 5483 1377  -1
   8662    5978 3485 6557  -1
   8663    3196 90 3295  -1
   8664    3196 6338 90  -1
   8665    5540 2886 1981  -1
   8666    476 2571 4633  -1
   8667    831 2082 3161  -1
   8668    609 3631 5702  -1
   8669    1051 3280 5764  -1
   8670    6911 4110 3161  -1
   8671    369 5592 4762  -1
   8672    1509 795 6348  -1
   8673    557 5526 4151  -1
   8674    1517 6760 5297  -1
   8675    1354 3196 3815  -1
   8676    5643 1822 5642  -1
   8677    6692 6820 448  -1
   8678    2266 485 5601  -1
   8679    3912 4165 3108  -1
   8680    3309 345 6640  -1
   8681    4260 1674 2795  -1
   8682    4260 482 1674  -1
   8683    3566 4643 4201  -1
   8684    1263 4772 6041  -1
   8685    4844 753 3402  -1
   8686    4220 3427 1540  -1
   8687    4535 4534 1446  -1
   8688    1140 4511 6844  -1
   8689    4111 5650 1309  -1
   8690    2164 2948 1573  -1
   8691    6965 6400 3254  -1
   8692    801 4483 4040  -1
   8693    5722 4827 686  -1
   8694    4365 90 1969  -1
   8695    2270 818 2795  -1
   8696    6782 2738 700  -1
   8697    1387 3715 5043  -1
   8698    1033 5246 309  -1
   8699    1929 970 2807  -1
   8700    6805 3561 1671  -1
   8701    170 1279 3934  -1
   8702    4260 2795 240  -1
   8703    3776 883 2733  -1
   8704    526 2712 5418  -1
   8705    4463 4977 388  -1
   8706    2488 5621 6765  -1
   8707    2692 5764 4523  -1
   8708    3966 2755 4407  -1
   8709    882 6557 6956  -1
   8710    885 4139 3299  -1
   8711    5807 1993 4717  -1
   8712    3210 5210 4900  -1
   8713    6681 841 5353  -1
   8714    2328 5618 3442  -1
   8715    1991 4276 4664  -1
   8716    5200 5201 241  -1
   8717    1486 5828 2305  -1
   8718    4360 2413 600  -1
   8719    4442 2334 484  -1
   8720    3196 1354 6338  -1
   8721    812 1854 5272  -1
   8722    2051 2997 5782  -1
   8723    5812 4289 6559  -1
   8724    6529 2529 4338  -1
   8725    1839 4717 3059  -1
   8726    4803 948 2469  -1
   8727    2155 747 2196  -1
   8728    932 4219 4218  -1
   8729    6259 6762 5091  -1
   8730    3468 577 4763  -1
   8731    6704 2333 348  -1
   8732    369 5408 1199  -1
   8733    469 5875 38  -1
   8734    469 2140 5875  -1
   8735    6208 4765 6934  -1
   8736    3763 2389 3432  -1
   8737    2411 3287 2410  -1
   8738    4800 2509 4656  -1
   8739    2812 5990 362  -1
   8740    5680 3618 4974  -1
   8741    3054 1068 317  -1
   8742    4149 3508 2555  -1
   8743    2623 5963 1114  -1
   8744    3453 4575 3551  -1
   8745    3159 1040 6498  -1
   8746    1121 1757 5199  -1
   8747    1925 5204 1274  -1
   8748    5111 309 3572  -1
   8749    1550 1252 4598  -1
   8750    1141 5866 4408  -1
   8751    4806 3141 876  -1
   8752    1527 6678 2539  -1
   8753    4650 1602 3104  -1
   8754    4592 3438 3111  -1
   8755    5573 2555 420  -1
   8756    6646 2834 1890  -1
   8757    3264 1890 2834  -1
   8758    5124 340 1529  -1
   8759    6536 2191 4529  -1
   8760    3332 4370 6392  -1
   8761    3237 5258 832  -1
   8762    5790 4995 1681  -1
   8763    1575 1350 6319  -1
   8764    2664 1208 3234  -1
   8765    952 6500 2564  -1
   8766    5511 952 2564  -1
   8767    2565 4906 147  -1
   8768    3332 6392 2402  -1
   8769    3515 6332 4866  -1
   8770    6672 6788 1764  -1
   8771    6672 3295 6788  -1
   8772    4858 2094 6755  -1
   8773    4858 3918 2094  -1
   8774    4220 1540 491  -1
   8775    1304 1299 2972  -1
   8776    2654 991 3443  -1
   8777    628 4550 2532  -1
   8778    6089 1972 1986  -1
   8779    1448 6672 6187  -1
   8780    4413 6672 1448  -1
   8781    2707 1605 5649  -1
   8782    4949 6748 2130  -1
   8783    4180 77 652  -1
   8784    3796 940 1378  -1
   8785    6709 4882 1769  -1
   8786    1873 3639 1050  -1
   8787    1732 1851 3030  -1
   8788    3438 1063 2261  -1
   8789    3431 3104 320  -1
   8790    325 6870 1746  -1
   8791    1736 924 4720  -1
   8792    1097 2119 6372  -1
   8793    5440 5439 3684  -1
   8794    1249 2059 302  -1
   8795    3220 4714 2499  -1
   8796    6662 5444 6701  -1
   8797    4234 1654 368  -1
   8798    3339 3145 2567  -1
   8799    3566 6327 382  -1
   8800    5777 6408 794  -1
   8801    5630 3676 4411  -1
   8802    3470 4163 1047  -1
   8803    2185 4119 810  -1
   8804    5123 4742 5157  -1
   8805    4802 24 1968  -1
   8806    5929 311 1163  -1
   8807    6719 3241 6444  -1
   8808    1864 5108 5061  -1
   8809    206 4042 1505  -1
   8810    5508 2578 5352  -1
   8811    5207 3035 5307  -1
   8812    3750 3751 2337  -1
   8813    6772 6516 3907  -1
   8814    3686 1720 6093  -1
   8815    4710 2839 4957  -1
   8816    1505 5431 206  -1
   8817    3328 6778 1729  -1
   8818    3167 2525 6168  -1
   8819    99 5495 2512  -1
   8820    2064 5863 3599  -1
   8821    1960 1123 3353  -1
   8822    3317 6958 1913  -1
   8823    2396 3995 263  -1
   8824    1236 5385 5584  -1
   8825    673 6168 5627  -1
   8826    1237 788 4918  -1
   8827    6407 6868 4389  -1
   8828    1741 5633 3234  -1
   8829    3720 1644 6528  -1
   8830    2695 1960 3353  -1
   8831    832 5258 3270  -1
   8832    4640 2914 5870  -1
   8833    1206 1240 3658  -1
   8834    6580 4853 1025  -1
   8835    2612 803 165  -1
   8836    6108 1987 3271  -1
   8837    3681 1466 426  -1
   8838    2890 211 3470  -1
   8839    1011 6269 523  -1
   8840    3606 947 401  -1
   8841    2150 3083 2149  -1
   8842    3246 3175 1739  -1
   8843    1226 5323 3580  -1
   8844    3890 5219 1896  -1
   8845    807 3020 2129  -1
   8846    3380 2334 3381  -1
   8847    6044 6279 4075  -1
   8848    6225 6226 163  -1
   8849    4562 6891 6514  -1
   8850    1893 5380 800  -1
   8851    6306 4078 1052  -1
   8852    3698 127 6684  -1
   8853    3894 30 4384  -1
   8854    777 3426 3365  -1
   8855    2191 4251 3131  -1
   8856    3870 6742 645  -1
   8857    921 289 5391  -1
   8858    3548 4817 1612  -1
   8859    4855 4128 2681  -1
   8860    396 5399 3730  -1
   8861    779 4103 4894  -1
   8862    6509 1024 4983  -1
   8863    4907 1574 4424  -1
   8864    2151 6044 4075  -1
   8865    1956 5728 2098  -1
   8866    3154 6654 218  -1
   8867    6461 3414 2558  -1
   8868    6013 1856 1205  -1
   8869    1308 5836 3418  -1
   8870    1986 3472 5950  -1
   8871    6558 903 6728  -1
   8872    6109 5573 4527  -1
   8873    847 5300 1718  -1
   8874    1753 962 6909  -1
   8875    1753 6909 5311  -1
   8876    361 625 4791  -1
   8877    361 4791 5092  -1
   8878    1700 4501 6246  -1
   8879    3490 2705 3611  -1
   8880    5882 1041 1779  -1
   8881    3060 5352 143  -1
   8882    3218 2239 5628  -1
   8883    1900 836 858  -1
   8884    1450 5533 648  -1
   8885    6660 2255 4337  -1
   8886    2048 5248 1465  -1
   8887    615 319 3854  -1
   8888    4238 319 615  -1
   8889    4119 4120 810  -1
   8890    3838 810 4120  -1
   8891    3469 5893 5892  -1
   8892    3192 985 3790  -1
   8893    1582 1581 4181  -1
   8894    4006 1544 2355  -1
   8895    4592 1063 3438  -1
   8896    835 3621 4795  -1
   8897    2538 6067 5488  -1
   8898    2764 1156 4666  -1
   8899    563 5779 6531  -1
   8900    4838 5930 1461  -1
   8901    2682 1765 3904  -1
   8902    6155 1222 6908  -1
   8903    3163 4524 5779  -1
   8904    4250 1013 3917  -1
   8905    4063 3917 1013  -1
   8906    5509 5780 3293  -1
   8907    1934 5840 4174  -1
   8908    5561 3401 1347  -1
   8909    953 3389 6299  -1
   8910    2577 2276 4624  -1
   8911    6927 4500 371  -1
   8912    2651 1274 6258  -1
   8913    5665 1925 1274  -1
   8914    5665 1274 2651  -1
   8915    5089 5121 356  -1
   8916    1809 6226 3747  -1
   8917    6591 4073 2591  -1
   8918    5897 6218 2741  -1
   8919    481 6218 5897  -1
   8920    2776 4553 1486  -1
   8921    6205 3971 1626  -1
   8922    5068 1860 3677  -1
   8923    3327 3802 2413  -1
   8924    173 3944 3226  -1
   8925    3974 2219 987  -1
   8926    6139 3068 2314  -1
   8927    4587 3512 3650  -1
   8928    6347 3512 4587  -1
   8929    1917 6160 3101  -1
   8930    1451 6257 2216  -1
   8931    3684 5072 5938  -1
   8932    6290 3489 5131  -1
   8933    1406 4868 5829  -1
   8934    6725 2986 1070  -1
   8935    1466 2521 426  -1
   8936    1296 1737 80  -1
   8937    6748 4949 219  -1
   8938    5202 785 41  -1
   8939    3982 2203 4662  -1
   8940    2652 1611 318  -1
   8941    3585 1381 2398  -1
   8942    3036 6368 25  -1
   8943    3876 2303 6437  -1
   8944    1110 2848 2207  -1
   8945    3556 942 1751  -1
   8946    3567 1881 5425  -1
   8947    765 4937 5559  -1
   8948    5915 4201 4643  -1
   8949    5560 3035 3918  -1
   8950    3175 457 2600  -1
   8951    2896 3473 4757  -1
   8952    6709 2479 4775  -1
   8953    1384 5898 2739  -1
   8954    1055 5724 6393  -1
   8955    1159 4005 2355  -1
   8956    261 4278 2510  -1
   8957    3077 3540 6304  -1
   8958    2430 4849 3922  -1
   8959    4773 4014 6447  -1
   8960    2306 2663 4390  -1
   8961    5249 873 1278  -1
   8962    6370 3855 1209  -1
   8963    417 4093 1810  -1
   8964    6223 3617 3377  -1
   8965    6145 3980 5591  -1
   8966    6352 4924 6301  -1
   8967    6352 6301 4925  -1
   8968    1928 534 1329  -1
   8969    6347 1820 3512  -1
   8970    3133 1240 1206  -1
   8971    6968 6566 4456  -1
   8972    604 2574 4824  -1
   8973    4116 625 6230  -1
   8974    6562 3076 3075  -1
   8975    2776 6195 884  -1
   8976    4817 884 6195  -1
   8977    3765 3919 5724  -1
   8978    4650 2578 5508  -1
   8979    1960 86 4345  -1
   8980    1663 350 4280  -1
   8981    1803 5873 4020  -1
   8982    1927 3003 502  -1
   8983    4166 2588 509  -1
   8984    4679 4680 2207  -1
   8985    3773 5908 4727  -1
   8986    5954 3706 3096  -1
   8987    4138 5418 5419  -1
   8988    4138 5419 527  -1
   8989    1551 3422 5217  -1
   8990    2718 1342 617  -1
   8991    3970 2213 6726  -1
   8992    4094 6920 958  -1
   8993    2481 799 5600  -1
   8994    3732 6820 6692  -1
   8995    5498 2905 5592  -1
   8996    3960 2789 6056  -1
   8997    6634 593 4847  -1
   8998    6634 4847 1726  -1
   8999    615 694 4210  -1
   9000    3204 615 4210  -1
   9001    1374 6857 5149  -1
   9002    805 5232 3090  -1
   9003    3946 5390 5963  -1
   9004    4113 3185 1531  -1
   9005    4996 1629 559  -1
   9006    6834 684 3998  -1
   9007    1971 5183 440  -1
   9008    4294 440 5183  -1
   9009    516 6766 3755  -1
   9010    2896 3792 451  -1
   9011    5856 181 1312  -1
   9012    6470 1307 3418  -1
   9013    125 1959 5755  -1
   9014    5129 2919 5902  -1
   9015    6220 6554 4099  -1
   9016    6220 304 6554  -1
   9017    1291 988 3952  -1
   9018    243 4884 4018  -1
   9019    4018 3286 243  -1
   9020    6817 2156 6027  -1
   9021    6338 1969 90  -1
   9022    1788 3960 1234  -1
   9023    686 1242 5723  -1
   9024    1688 659 2120  -1
   9025    796 2212 5510  -1
   9026    5541 2097 6266  -1
   9027    1377 3330 3331  -1
   9028    6899 5717 2271  -1
   9029    3071 2441 2131  -1
   9030    2583 3931 1119  -1
   9031    3060 856 1602  -1
   9032    3060 1602 5508  -1
   9033    5923 4263 6349  -1
   9034    6328 6710 931  -1
   9035    648 3312 3524  -1
   9036    5553 3462 2714  -1
   9037    3288 4569 2410  -1
   9038    6311 126 2207  -1
   9039    4412 3094 1460  -1
   9040    4412 1460 3368  -1
   9041    1805 5644 3357  -1
   9042    577 4624 2276  -1
   9043    6767 278 5144  -1
   9044    851 1471 5422  -1
   9045    6170 3908 6171  -1
   9046    6170 4806 3908  -1
   9047    1673 5180 6231  -1
   9048    4692 310 585  -1
   9049    4707 4657 404  -1
   9050    4707 3880 4657  -1
   9051    1534 842 44  -1
   9052    3648 570 5407  -1
   9053    3648 5858 570  -1
   9054    4914 1438 4025  -1
   9055    2233 4025 1438  -1
   9056    1963 1077 5399  -1
   9057    185 1533 2434  -1
   9058    3209 6448 5895  -1
   9059    6792 3959 4671  -1
   9060    313 2273 1906  -1
   9061    3084 313 1906  -1
   9062    1910 2300 1372  -1
   9063    845 2423 5970  -1
   9064    317 4062 6291  -1
   9065    57 616 6466  -1
   9066    4195 4123 5588  -1
   9067    3215 999 1807  -1
   9068    1409 4102 2157  -1
   9069    2050 422 3413  -1
   9070    2030 4556 3609  -1
   9071    6955 4089 3035  -1
   9072    6949 3070 1474  -1
   9073    3759 5582 927  -1
   9074    6573 3812 6366  -1
   9075    1950 4534 4535  -1
   9076    2744 6991 829  -1
   9077    3997 133 1595  -1
   9078    6667 5753 4070  -1
   9079    1392 2458 2599  -1
   9080    3188 5098 4401  -1
   9081    730 4481 1588  -1
   9082    1246 2440 1695  -1
   9083    6353 5553 6791  -1
   9084    5689 6946 224  -1
   9085    5515 4701 2263  -1
   9086    4722 386 4077  -1
   9087    5922 4659 3355  -1
   9088    4511 2291 352  -1
   9089    3398 4919 3397  -1
   9090    3649 1919 4344  -1
   9091    6124 506 4567  -1
   9092    3643 1773 876  -1
   9093    4306 1319 2731  -1
   9094    192 2260 4540  -1
   9095    5577 663 2104  -1
   9096    3307 4632 5402  -1
   9097    5253 653 6785  -1
   9098    2078 6318 6319  -1
   9099    5198 2964 2965  -1
   9100    383 2732 4395  -1
   9101    2288 5360 6409  -1
   9102    4437 343 2466  -1
   9103    258 4148 2016  -1
   9104    5715 6535 2321  -1
   9105    3224 1226 5447  -1
   9106    4177 120 4326  -1
   9107    2421 4698 688  -1
   9108    1861 6015 1518  -1
   9109    3784 6867 5229  -1
   9110    6608 2625 6085  -1
   9111    2663 4705 4390  -1
   9112    4233 3495 1036  -1
   9113    1931 1413 3574  -1
   9114    3994 2858 6289  -1
   9115    5243 2566 2588  -1
   9116    6601 3005 1135  -1
   9117    2335 6201 6867  -1
   9118    4863 1806 3383  -1
   9119    3464 4198 1397  -1
   9120    3017 2116 4451  -1
   9121    4156 5178 821  -1
   9122    1641 2237 5704  -1
   9123    3872 5438 1089  -1
   9124    5809 5810 4438  -1
   9125    584 3678 5374  -1
   9126    2955 1072 5765  -1
   9127    1899 1900 5103  -1
   9128    4866 6332 3165  -1
   9129    5360 1567 6409  -1
   9130    1195 4384 830  -1
   9131    444 6971 6776  -1
   9132    6639 1853 4471  -1
   9133    5033 4416 3421  -1
   9134    2593 6302 3342  -1
   9135    165 1712 2612  -1
   9136    1885 6137 4184  -1
   9137    5484 5620 1034  -1
   9138    4935 5049 1980  -1
   9139    5403 4486 1777  -1
   9140    3790 1995 3192  -1
   9141    2959 877 5234  -1
   9142    3158 2294 349  -1
   9143    4843 2189 6280  -1
   9144    6976 2313 5158  -1
   9145    6322 5262 1665  -1
   9146    2675 3118 4905  -1
   9147    6508 1030 1120  -1
   9148    6850 2712 526  -1
   9149    1989 3263 551  -1
   9150    1151 3064 1901  -1
   9151    2598 764 5204  -1
   9152    2357 326 3314  -1
   9153    3187 2192 3186  -1
   9154    355 1211 6751  -1
   9155    3314 326 6662  -1
   9156    4809 2374 293  -1
   9157    1139 3742 4465  -1
   9158    3186 2192 3742  -1
   9159    5913 3154 5215  -1
   9160    3104 1602 3531  -1
   9161    3932 1701 403  -1
   9162    3597 841 6681  -1
   9163    5685 2762 3828  -1
   9164    2067 1556 2405  -1
   9165    6843 2434 5942  -1
   9166    3340 5038 5  -1
   9167    6316 1810 4093  -1
   9168    2487 6551 273  -1
   9169    3142 2337 1420  -1
   9170    6604 2729 561  -1
   9171    1710 4204 1786  -1
   9172    360 5467 5230  -1
   9173    2383 4795 1574  -1
   9174    3577 6880 2467  -1
   9175    4566 6754 4398  -1
   9176    6540 2873 4460  -1
   9177    3396 1430 5796  -1
   9178    6223 4088 834  -1
   9179    1266 3831 1074  -1
   9180    2772 6612 512  -1
   9181    2632 401 1814  -1
   9182    223 3830 4377  -1
   9183    2632 1814 3426  -1
   9184    2178 3505 479  -1
   9185    1606 1048 4617  -1
   9186    308 2836 1403  -1
   9187    6486 6358 5261  -1
   9188    1795 4961 2253  -1
   9189    2188 5587 914  -1
   9190    4320 2813 1670  -1
   9191    5581 5821 3588  -1
   9192    2665 4834 1145  -1
   9193    10 667 4109  -1
   9194    4966 1469 3201  -1
   9195    35 6881 3766  -1
   9196    2434 1533 1039  -1
   9197    2211 5996 6050  -1
   9198    5331 5320 1794  -1
   9199    3554 2685 1683  -1
   9200    5377 1630 113  -1
   9201    2227 4220 6544  -1
   9202    5735 3378 1828  -1
   9203    6005 4735 1043  -1
   9204    3300 4852 761  -1
   9205    1506 6299 4846  -1
   9206    2723 5086 6469  -1
   9207    1054 5029 4770  -1
   9208    4050 6851 1045  -1
   9209    6192 1638 5329  -1
   9210    3119 2374 1034  -1
   9211    6980 3944 173  -1
   9212    1099 6592 81  -1
   9213    1594 1494 2148  -1
   9214    146 3184 5103  -1
   9215    1909 2095 4496  -1
   9216    3053 4001 3323  -1
   9217    3033 1532 5597  -1
   9218    6866 392 4415  -1
   9219    6866 6539 1804  -1
   9220    2542 4730 975  -1
   9221    3231 6568 2385  -1
   9222    2606 6568 3231  -1
   9223    5415 2464 1768  -1
   9224    6082 3382 3911  -1
   9225    1878 4686 2618  -1
   9226    2291 148 4292  -1
   9227    1937 4992 4127  -1
   9228    2810 160 6794  -1
   9229    581 3669 6569  -1
   9230    6586 657 1484  -1
   9231    315 3965 2452  -1
   9232    4555 2030 871  -1
   9233    966 2479 5350  -1
   9234    6972 657 1256  -1
   9235    3285 1570 615  -1
   9236    5649 1605 761  -1
   9237    5332 3691 1400  -1
   9238    4366 1985 982  -1
   9239    315 5424 3965  -1
   9240    4068 5091 5011  -1
   9241    3925 3080 6314  -1
   9242    5943 1866 4208  -1
   9243    6454 2328 3442  -1
   9244    111 3013 4822  -1
   9245    4788 3578 5193  -1
   9246    6722 5067 50  -1
   9247    42 3654 2662  -1
   9248    1831 4546 6653  -1
   9249    6392 4370 2204  -1
   9250    6746 2508 5500  -1
   9251    515 4713 2093  -1
   9252    975 3018 2542  -1
   9253    5668 937 6798  -1
   9254    5219 3890 724  -1
   9255    1086 6120 4298  -1
   9256    1735 3736 2967  -1
   9257    5625 3367 2088  -1
   9258    4561 1283 6869  -1
   9259    5607 986 3787  -1
   9260    977 3690 6765  -1
   9261    861 2494 314  -1
   9262    5371 421 886  -1
   9263    2158 4554 5546  -1
   9264    5729 4767 4358  -1
   9265    6653 5356 1831  -1
   9266    2525 4144 880  -1
   9267    3167 6168 673  -1
   9268    5648 920 2043  -1
   9269    6835 5266 1577  -1
   9270    3940 3046 1768  -1
   9271    4977 2271 862  -1
   9272    4977 862 6286  -1
   9273    5188 5748 5464  -1
   9274    0 5970 3136  -1
   9275    1231 4887 4885  -1
   9276    5970 1146 3136  -1
   9277    1046 4942 4620  -1
   9278    908 2828 1319  -1
   9279    2335 5228 6201  -1
   9280    6867 5946 2335  -1
   9281    4626 2734 6973  -1
   9282    1607 4052 1187  -1
   9283    1512 3337 6032  -1
   9284    912 1859 4697  -1
   9285    296 5522 2504  -1
   9286    316 4108 2170  -1
   9287    2169 5394 766  -1
   9288    1864 5061 6852  -1
   9289    6885 6086 2597  -1
   9290    880 4144 881  -1
   9291    2544 3419 2545  -1
   9292    4027 1465 3242  -1
   9293    6989 1032 6753  -1
   9294    66 1661 3731  -1
   9295    405 6381 639  -1
   9296    3575 604 272  -1
   9297    2653 6255 6464  -1
   9298    3345 4907 295  -1
   9299    6658 1932 5341  -1
   9300    833 4195 423  -1
   9301    93 3293 5455  -1
   9302    5904 2140 2688  -1
   9303    78 5427 6802  -1
   9304    1474 3070 1896  -1
   9305    3581 2609 6913  -1
   9306    3224 5447 2307  -1
   9307    4131 4563 5135  -1
   9308    4873 2994 521  -1
   9309    3251 1247 4957  -1
   9310    280 4553 2776  -1
   9311    1829 6624 446  -1
   9312    2808 6641 3525  -1
   9313    4514 6328 931  -1
   9314    728 6717 3107  -1
   9315    3409 3424 719  -1
   9316    5875 2140 5904  -1
   9317    6139 5159 3068  -1
   9318    4864 6780 1382  -1
   9319    6033 1057 3383  -1
   9320    4701 4101 2263  -1
   9321    638 6241 3072  -1
   9322    79 2832 3228  -1
   9323    4769 1523 1199  -1
   9324    444 281 6971  -1
   9325    1317 5266 6835  -1
   9326    1795 2253 5789  -1
   9327    226 3782 6790  -1
   9328    3946 5963 2623  -1
   9329    6887 1488 6198  -1
   9330    3727 6426 1507  -1
   9331    2817 6186 5656  -1
   9332    5331 1310 5320  -1
   9333    6064 1310 5331  -1
   9334    4242 1581 1582  -1
   9335    1857 746 3216  -1
   9336    1729 3329 5853  -1
   9337    5853 3329 4151  -1
   9338    1419 5006 6885  -1
   9339    1793 810 3838  -1
   9340    5 2408 638  -1
   9341    4897 6341 294  -1
   9342    2838 41 785  -1
   9343    1596 4939 6831  -1
   9344    4754 2750 4841  -1
   9345    5751 4936 1230  -1
   9346    928 3462 5683  -1
   9347    6499 3673 4983  -1
   9348    3572 457 2443  -1
   9349    4256 5251 621  -1
   9350    6734 1996 1384  -1
   9351    3494 3914 782  -1
   9352    3402 753 2435  -1
   9353    3413 422 6427  -1
   9354    1764 5239 6672  -1
   9355    6645 2310 5626  -1
   9356    3641 6173 2053  -1
   9357    3379 6624 5618  -1
   9358    1633 2317 5623  -1
   9359    1683 2685 6447  -1
   9360    1953 234 5002  -1
   9361    4303 3530 310  -1
   9362    1416 981 6673  -1
   9363    1218 3284 6588  -1
   9364    991 4042 3443  -1
   9365    2102 2850 3735  -1
   9366    4832 4029 1463  -1
   9367    2954 4694 248  -1
   9368    45 2152 2235  -1
   9369    1469 668 4684  -1
   9370    4459 6670 2984  -1
   9371    273 1850 393  -1
   9372    6975 1854 812  -1
   9373    1652 4488 3558  -1
   9374    6402 2512 1391  -1
   9375    4740 2935 1286  -1
   9376    5563 1795 3011  -1
   9377    4302 6252 6933  -1
   9378    6867 6201 5229  -1
   9379    2662 3654 5223  -1
   9380    6642 2912 4611  -1
   9381    4368 6749 5230  -1
   9382    6066 3625 1152  -1
   9383    3523 2258 970  -1
   9384    5410 4818 3099  -1
   9385    6309 1120 2852  -1
   9386    3753 1292 4010  -1
   9387    6623 5667 5089  -1
   9388    900 1763 3622  -1
   9389    2242 6727 169  -1
   9390    3233 6066 1763  -1
   9391    1353 3256 5212  -1
   9392    5464 5748 1053  -1
   9393    1421 6789 5673  -1
   9394    3729 3181 1898  -1
   9395    2129 3020 5004  -1
   9396    5876 1941 2679  -1
   9397    2955 21 2956  -1
   9398    1534 2892 4865  -1
   9399    495 6651 3560  -1
   9400    1522 5382 1620  -1
   9401    2966 771 3056  -1
   9402    5906 228 3670  -1
   9403    949 6442 2320  -1
   9404    3698 5384 6864  -1
   9405    4412 5050 399  -1
   9406    4833 1072 607  -1
   9407    1481 6604 561  -1
   9408    2019 6450 3696  -1
   9409    5928 264 3599  -1
   9410    2183 4533 320  -1
   9411    6880 2786 2467  -1
   9412    3804 5937 1400  -1
   9413    6146 783 6813  -1
   9414    705 4559 2687  -1
   9415    6695 1454 328  -1
   9416    6526 2566 5243  -1
   9417    1513 5760 3108  -1
   9418    3970 4249 595  -1
   9419    2648 1174 3025  -1
   9420    4076 59 4250  -1
   9421    3707 1066 5211  -1
   9422    5141 696 1066  -1
   9423    365 2993 5702  -1
   9424    2520 3870 164  -1
   9425    3290 6032 3291  -1
   9426    3291 1458 3290  -1
   9427    2462 6213 336  -1
   9428    2253 104 3475  -1
   9429    4116 1444 4487  -1
   9430    6498 4623 6024  -1
   9431    207 6756 3559  -1
   9432    102 3266 5562  -1
   9433    5562 5833 102  -1
   9434    992 2631 6433  -1
   9435    370 5876 2678  -1
   9436    1028 3391 2227  -1
   9437    3764 6022 1518  -1
   9438    6317 2427 4715  -1
   9439    2227 3391 6075  -1
   9440    144 5015 4472  -1
   9441    3300 6124 4852  -1
   9442    358 5919 4468  -1
   9443    1323 5454 3685  -1
   9444    2770 3265 4911  -1
   9445    2145 2926 5711  -1
   9446    3663 4600 3213  -1
   9447    5945 5694 2453  -1
   9448    2166 6230 625  -1
   9449    4984 3492 131  -1
   9450    1256 6750 2617  -1
   9451    2511 543 4898  -1
   9452    4202 6371 181  -1
   9453    5189 2321 441  -1
   9454    1819 1531 6415  -1
   9455    2589 865 450  -1
   9456    4788 381 3578  -1
   9457    1035 72 6163  -1
   9458    4941 1545 5643  -1
   9459    5165 3889 4941  -1
   9460    6030 1951 5408  -1
   9461    634 5579 5332  -1
   9462    2569 2327 1189  -1
   9463    2274 5483 4652  -1
   9464    3699 1044 437  -1
   9465    578 3702 907  -1
   9466    4732 629 1096  -1
   9467    814 4025 5606  -1
   9468    2462 5848 6213  -1
   9469    1005 6503 3533  -1
   9470    5157 6776 2056  -1
   9471    5881 5691 438  -1
   9472    3065 1694 1988  -1
   9473    1988 1694 6878  -1
   9474    6720 3350 3762  -1
   9475    3097 6775 793  -1
   9476    650 244 4986  -1
   9477    3010 5707 1399  -1
   9478    3396 3449 1430  -1
   9479    6004 2902 6831  -1
   9480    3193 1514 1137  -1
   9481    155 2583 1431  -1
   9482    1806 6648 411  -1
   9483    3685 5427 2134  -1
   9484    3869 187 5826  -1
   9485    5850 6300 1435  -1
   9486    1301 5173 5174  -1
   9487    3244 468 178  -1
   9488    4202 181 2400  -1
   9489    3281 3324 522  -1
   9490    213 2230 5490  -1
   9491    1151 543 5786  -1
   9492    3514 1149 850  -1
   9493    1730 5438 4909  -1
   9494    564 5594 4012  -1
   9495    3950 2735 5074  -1
   9496    4518 4888 2826  -1
   9497    4502 764 2598  -1
   9498    1426 2652 318  -1
   9499    4119 5995 281  -1
   9500    6534 5296 3634  -1
   9501    1622 1836 3923  -1
   9502    6777 6534 1597  -1
   9503    1597 195 6777  -1
   9504    5296 2384 990  -1
   9505    1597 6534 3634  -1
   9506    5892 6419 2460  -1
   9507    4117 6377 5480  -1
   9508    6584 3775 1377  -1
   9509    1377 3775 513  -1
   9510    4083 2010 1136  -1
   9511    4746 6837 2754  -1
   9512    859 5991 2399  -1
   9513    2490 4980 5416  -1
   9514    2446 2549 6952  -1
   9515    1920 2129 5003  -1
   9516    3406 2129 1920  -1
   9517    3407 722 5093  -1
   9518    2454 732 5041  -1
   9519    3969 1365 3656  -1
   9520    4178 1642 3580  -1
   9521    289 921 4516  -1
   9522    3601 205 3260  -1
   9523    1408 6173 4826  -1
   9524    2134 3650 3685  -1
   9525    732 3948 5041  -1
   9526    2006 1844 6543  -1
   9527    732 2364 3948  -1
   9528    4113 2364 732  -1
   9529    237 1844 982  -1
   9530    4012 5594 1219  -1
   9531    124 4090 5979  -1
   9532    6949 4881 3461  -1
   9533    4790 5788 177  -1
   9534    969 3846 4890  -1
   9535    4458 1218 4457  -1
   9536    5042 4141 73  -1
   9537    210 6332 3515  -1
   9538    5902 2322 5129  -1
   9539    5813 5416 2354  -1
   9540    2747 2448 4514  -1
   9541    261 1351 6852  -1
   9542    3103 592 4834  -1
   9543    1340 5552 5342  -1
   9544    5717 1352 6217  -1
   9545    5544 169 3849  -1
   9546    1044 2638 437  -1
   9547    5768 544 2466  -1
   9548    4579 691 3693  -1
   9549    1137 6107 3193  -1
   9550    362 2533 2648  -1
   9551    4184 1884 2567  -1
   9552    1859 165 803  -1
   9553    894 3457 4074  -1
   9554    1569 588 4936  -1
   9555    663 6077 2932  -1
   9556    3679 3591 5329  -1
   9557    5751 3917 2008  -1
   9558    29 868 3301  -1
   9559    6250 4509 110  -1
   9560    1012 3800 1618  -1
   9561    550 4845 4844  -1
   9562    4091 1471 2645  -1
   9563    3379 5216 1828  -1
   9564    2088 6613 531  -1
   9565    5007 6615 3162  -1
   9566    503 2801 3768  -1
   9567    4602 689 3603  -1
   9568    2031 789 6049  -1
   9569    3234 5762 305  -1
   9570    5209 4073 2503  -1
   9571    5348 934 6283  -1
   9572    5558 3674 4457  -1
   9573    6137 118 4184  -1
   9574    610 1505 2969  -1
   9575    2718 4297 3828  -1
   9576    588 4305 6281  -1
   9577    6281 4305 1872  -1
   9578    5182 680 1930  -1
   9579    4607 3500 4071  -1
   9580    389 6743 6744  -1
   9581    6786 4351 2040  -1
   9582    430 6185 3496  -1
   9583    3247 5575 1724  -1
   9584    1138 5216 3379  -1
   9585    2690 6430 5040  -1
   9586    463 1912 2674  -1
   9587    6730 1916 4182  -1
   9588    4229 1133 4975  -1
   9589    4726 2142 135  -1
   9590    4050 1045 4110  -1
   9591    4298 5987 695  -1
   9592    5227 6964 1181  -1
   9593    5226 957 2528  -1
   9594    5226 1182 957  -1
   9595    3779 2195 6650  -1
   9596    3779 6650 6364  -1
   9597    6930 6830 116  -1
   9598    6830 3232 116  -1
   9599    2320 4964 546  -1
   9600    1647 4083 3374  -1
   9601    2505 498 157  -1
   9602    2155 1743 747  -1
   9603    1734 4963 3023  -1
   9604    6097 4081 1239  -1
   9605    2345 4827 5424  -1
   9606    4504 3858 162  -1
   9607    3425 976 1658  -1
   9608    2701 666 6758  -1
   9609    2266 5601 5725  -1
   9610    2637 2063 6654  -1
   9611    6586 1484 2171  -1
   9612    971 1198 181  -1
   9613    3699 437 2946  -1
   9614    6231 5180 1444  -1
   9615    1792 5612 6251  -1
   9616    2042 3386 5609  -1
   9617    1452 4333 2820  -1
   9618    525 6197 5843  -1
   9619    187 4912 1790  -1
   9620    2267 2266 4343  -1
   9621    6933 3452 4778  -1
   9622    2282 6921 4296  -1
   9623    6921 787 4296  -1
   9624    4669 1410 3907  -1
   9625    2883 200 2882  -1
   9626    2552 406 4063  -1
   9627    5426 1997 3493  -1
   9628    2322 2267 1157  -1
   9629    6227 1257 2056  -1
   9630    4962 4961 2078  -1
   9631    4952 6673 4950  -1
   9632    4374 6673 2093  -1
   9633    2710 5801 10  -1
   9634    1211 5034 5883  -1
   9635    10 4109 2710  -1
   9636    5449 3807 248  -1
   9637    3405 2154 1276  -1
   9638    4495 5365 2989  -1
   9639    3785 5475 5474  -1
   9640    2868 5475 3785  -1
   9641    497 3242 6473  -1
   9642    780 6358 3805  -1
   9643    6523 6524 489  -1
   9644    6402 3683 5505  -1
   9645    2199 409 2873  -1
   9646    6433 2679 4748  -1
   9647    4773 660 5674  -1
   9648    2184 3899 6740  -1
   9649    5148 6269 2856  -1
   9650    6369 2582 4991  -1
   9651    4608 6288 1834  -1
   9652    1352 3723 5125  -1
   9653    6288 4990 1834  -1
   9654    4527 5572 492  -1
   9655    6597 518 1429  -1
   9656    599 4901 4902  -1
   9657    40 6389 734  -1
   9658    4633 63 2322  -1
   9659    5958 2470 965  -1
   9660    1746 4418 325  -1
   9661    1591 2320 6442  -1
   9662    4275 201 1924  -1
   9663    6431 5390 3031  -1
   9664    394 2881 6266  -1
   9665    6466 616 4644  -1
   9666    4616 5102 1008  -1
   9667    5201 5653 241  -1
   9668    4323 1796 5563  -1
   9669    2011 6178 2506  -1
   9670    2297 6471 5101  -1
   9671    124 2609 4090  -1
   9672    115 6147 2445  -1
   9673    2997 2051 5264  -1
   9674    3932 2229 1179  -1
   9675    1979 5591 5590  -1
   9676    5070 2777 5731  -1
   9677    4211 5917 1075  -1
   9678    3048 268 3468  -1
   9679    6910 1746 2431  -1
   9680    861 674 1905  -1
   9681    5642 402 5643  -1
   9682    2902 2015 6030  -1
   9683    3327 2413 4360  -1
   9684    3202 6215 4966  -1
   9685    5644 3181 566  -1
   9686    380 1825 3645  -1
   9687    4410 6036 1443  -1
   9688    4684 215 6857  -1
   9689    19 3142 5624  -1
   9690    6451 1601 1156  -1
   9691    1173 2657 4665  -1
   9692    5089 356 6623  -1
   9693    943 6758 4232  -1
   9694    2709 667 3034  -1
   9695    728 3107 2  -1
   9696    1857 3216 1603  -1
   9697    6913 6823 3581  -1
   9698    5565 4017 5326  -1
   9699    359 4313 2128  -1
   9700    5665 4288 1273  -1
   9701    1273 4288 5807  -1
   9702    819 4600 3663  -1
   9703    5913 1130 6654  -1
   9704    1576 3325 678  -1
   9705    808 6090 3289  -1
   9706    1994 1576 678  -1
   9707    6795 1788 1234  -1
   9708    4293 1185 4295  -1
   9709    5913 6654 3154  -1
   9710    798 2262 5515  -1
   9711    73 4141 6535  -1
   9712    4198 88 5437  -1
   9713    5437 88 4000  -1
   9714    2507 1637 4096  -1
   9715    3544 5515 5501  -1
   9716    5431 1505 610  -1
   9717    3544 5501 1270  -1
   9718    2097 5541 3906  -1
   9719    1700 4045 2879  -1
   9720    2366 3945 664  -1
   9721    4617 2918 1606  -1
   9722    1086 4298 1980  -1
   9723    1569 4936 6915  -1
   9724    3197 4492 6430  -1
   9725    1445 4277 2098  -1
   9726    2098 3344 1445  -1
   9727    553 2169 4376  -1
   9728    4867 4382 6590  -1
   9729    6682 2335 4776  -1
   9730    1335 3435 1847  -1
   9731    4049 6851 4050  -1
   9732    6556 5388 1759  -1
   9733    5538 6546 4044  -1
   9734    6901 4210 694  -1
   9735    1787 4457 3674  -1
   9736    6518 3843 4262  -1
   9737    5790 5791 4241  -1
   9738    4275 4601 2736  -1
   9739    920 1624 6990  -1
   9740    925 3019 1427  -1
   9741    4278 2911 2510  -1
   9742    6481 3019 925  -1
   9743    6185 1171 2862  -1
   9744    2609 4809 4090  -1
   9745    3214 562 6699  -1
   9746    2307 562 3214  -1
   9747    5347 6699 5979  -1
   9748    1074 4005 2290  -1
   9749    10 5595 3238  -1
   9750    6203 2778 4469  -1
   9751    6203 567 2778  -1
   9752    3807 329 5543  -1
   9753    5288 1222 506  -1
   9754    4653 622 5887  -1
   9755    3479 3195 489  -1
   9756    489 3195 6523  -1
   9757    154 4935 1980  -1
   9758    190 1887 6075  -1
   9759    3339 5529 5528  -1
   9760    3339 5528 4173  -1
   9761    2463 3367 5625  -1
   9762    3329 1783 557  -1
   9763    275 3090 5232  -1
   9764    6991 2744 2580  -1
   9765    4015 861 1905  -1
   9766    6685 1868 4550  -1
   9767    142 6685 5229  -1
   9768    1710 4329 5379  -1
   9769    5379 6417 1710  -1
   9770    1088 3919 6313  -1
   9771    2261 1063 4540  -1
   9772    301 5739 5032  -1
   9773    5386 2231 724  -1
   9774    130 4698 2985  -1
   9775    354 5769 6432  -1
   9776    1902 895 5993  -1
   9777    1411 6513 3402  -1
   9778    5790 871 5791  -1
   9779    1891 6648 4863  -1
   9780    1670 3687 6050  -1
   9781    4840 4839 4519  -1
   9782    3155 5197 954  -1
   9783    4630 6256 3619  -1
   9784    4630 3619 5647  -1
   9785    3220 2877 6398  -1
   9786    3166 6908 1605  -1
   9787    3898 5027 4194  -1
   9788    718 5233 1180  -1
   9789    3136 1146 6417  -1
   9790    4226 3380 3381  -1
   9791    111 1853 6639  -1
   9792    5080 6801 6224  -1
   9793    5711 2926 5071  -1
   9794    3103 827 592  -1
   9795    6271 1713 6891  -1
   9796    2641 5099 5939  -1
   9797    2953 6015 4694  -1
   9798    5114 4155 1117  -1
   9799    2405 6107 5992  -1
   9800    5168 4928 968  -1
   9801    2863 1781 3638  -1
   9802    1117 3306 5114  -1
   9803    1431 6622 2046  -1
   9804    18 2846 377  -1
   9805    6622 4011 2046  -1
   9806    1235 817 5383  -1
   9807    2135 4928 5168  -1
   9808    4709 6441 4463  -1
   9809    5119 3874 1892  -1
   9810    3627 35 3766  -1
   9811    1847 696 5141  -1
   9812    2817 3313 4227  -1
   9813    4360 1871 162  -1
   9814    1680 3530 1565  -1
   9815    2050 6771 422  -1
   9816    5519 1311 247  -1
   9817    2359 3127 5097  -1
   9818    6431 3031 1538  -1
   9819    1565 3530 4303  -1
   9820    6712 4909 285  -1
   9821    1078 4071 2285  -1
   9822    6055 4607 4071  -1
   9823    5112 3736 4987  -1
   9824    1029 3816 4495  -1
   9825    2375 898 6377  -1
   9826    5468 2633 6103  -1
   9827    6152 1630 5377  -1
   9828    1643 3548 4103  -1
   9829    5488 4521 2224  -1
   9830    5488 1346 82  -1
   9831    2497 3584 3630  -1
   9832    6888 1961 4629  -1
   9833    4353 1434 3579  -1
   9834    675 6618 4353  -1
   9835    6391 5618 1829  -1
   9836    1303 5357 3632  -1
   9837    6414 2987 1521  -1
   9838    4686 2619 1325  -1
   9839    4755 4524 71  -1
   9840    4889 1171 6185  -1
   9841    1759 5388 3560  -1
   9842    4279 656 1539  -1
   9843    6842 3293 93  -1
   9844    3282 3664 6182  -1
   9845    3802 3327 605  -1
   9846    2148 1494 4363  -1
   9847    580 6671 1717  -1
   9848    2880 5719 412  -1
   9849    412 4202 2880  -1
   9850    2507 4095 1637  -1
   9851    5270 3558 6617  -1
   9852    6609 2070 1175  -1
   9853    425 2176 3308  -1
   9854    3119 293 2374  -1
   9855    2046 155 1431  -1
   9856    5482 2569 1189  -1
   9857    1686 5149 254  -1
   9858    2217 538 182  -1
   9859    2630 4098 4393  -1
   9860    100 5211 4992  -1
   9861    2476 3204 6438  -1
   9862    4811 6177 350  -1
   9863    2931 5429 5441  -1
   9864    1883 945 6997  -1
   9865    1093 5805 6601  -1
   9866    1179 5503 6905  -1
   9867    784 6948 6134  -1
   9868    4538 5130 2824  -1
   9869    4920 1368 1037  -1
   9870    1327 5567 5568  -1
   9871    1803 1267 3598  -1
   9872    1261 5192 4351  -1
   9873    4162 5818 156  -1
   9874    5854 2533 4769  -1
   9875    2330 5005 3447  -1
   9876    142 5469 6685  -1
   9877    6833 2239 3218  -1
   9878    187 5941 3038  -1
   9879    6080 525 3169  -1
   9880    1733 1840 3819  -1
   9881    579 84 3812  -1
   9882    4031 3091 1243  -1
   9883    540 6119 3100  -1
   9884    5545 1941 5876  -1
   9885    5158 554 6976  -1
   9886    5993 895 6637  -1
   9887    351 1140 6844  -1
   9888    317 1239 3054  -1
   9889    5700 849 5517  -1
   9890    4348 4688 5927  -1
   9891    135 4890 6183  -1
   9892    4264 4595 398  -1
   9893    4179 6700 77  -1
   9894    775 4409 5948  -1
   9895    4586 4479 1021  -1
   9896    6539 5696 1804  -1
   9897    4686 3160 3390  -1
   9898    368 4650 3431  -1
   9899    6345 1416 168  -1
   9900    2492 6805 5180  -1
   9901    713 3086 75  -1
   9902    4416 1130 5913  -1
   9903    316 2170 3644  -1
   9904    2657 2296 4665  -1
   9905    2474 1130 4416  -1
   9906    1198 2905 3835  -1
   9907    3055 1743 769  -1
   9908    3624 6336 2252  -1
   9909    6321 4231 145  -1
   9910    6321 145 2773  -1
   9911    5204 1823 1274  -1
   9912    3835 1312 181  -1
   9913    6662 6701 4816  -1
   9914    2946 496 6638  -1
   9915    5669 5111 5110  -1
   9916    6671 1992 4498  -1
   9917    5532 79 5117  -1
   9918    4943 2393 1447  -1
   9919    2393 834 4088  -1
   9920    4088 1447 2393  -1
   9921    6977 5974 3042  -1
   9922    5795 4719 1983  -1
   9923    4437 2786 343  -1
   9924    2790 428 1498  -1
   9925    3226 1010 1008  -1
   9926    1590 2626 4155  -1
   9927    1590 2091 3360  -1
   9928    6451 2764 3735  -1
   9929    4146 797 4423  -1
   9930    6229 2768 4699  -1
   9931    2081 2225 5215  -1
   9932    2078 4704 6318  -1
   9933    355 2562 3614  -1
   9934    2704 3945 2366  -1
   9935    2874 6595 418  -1
   9936    4424 1574 1973  -1
   9937    1574 3621 114  -1
   9938    2370 1973 114  -1
   9939    870 5000 2590  -1
   9940    6752 2521 1466  -1
   9941    670 4539 3731  -1
   9942    4939 369 971  -1
   9943    1199 1523 5592  -1
   9944    1992 580 79  -1
   9945    4997 2347 3849  -1
   9946    314 1449 861  -1
   9947    1147 5933 1569  -1
   9948    6108 6253 1987  -1
   9949    4608 2087 697  -1
   9950    6908 5288 1605  -1
   9951    465 3031 3946  -1
   9952    6390 3927 734  -1
   9953    1246 1026 2440  -1
   9954    729 3867 484  -1
   9955    3506 6769 2833  -1
   9956    3696 6450 3069  -1
   9957    2178 479 2975  -1
   9958    3282 4716 3664  -1
   9959    3156 6549 5079  -1
   9960    4325 1042 6399  -1
   9961    1872 5184 3012  -1
   9962    283 4165 3912  -1
   9963    291 3344 2398  -1
   9964    6592 4510 926  -1
   9965    2098 3585 2398  -1
   9966    6411 6984 3589  -1
   9967    3128 2591 5783  -1
   9968    4722 4077 831  -1
   9969    3661 4285 828  -1
   9970    112 2659 1246  -1
   9971    3573 1687 4750  -1
   9972    68 2697 3831  -1
   9973    5751 3528 6915  -1
   9974    743 6537 3976  -1
   9975    3407 2403 3116  -1
   9976    657 3929 3803  -1
   9977    657 3803 1484  -1
   9978    4750 1687 4751  -1
   9979    4491 6276 1616  -1
   9980    4004 1778 1127  -1
   9981    893 616 5075  -1
   9982    3656 1365 5001  -1
   9983    3242 6472 6473  -1
   9984    1737 4374 2093  -1
   9985    2093 6673 4952  -1
   9986    2811 537 3191  -1
   9987    3068 3067 626  -1
   9988    4369 1946 4125  -1
   9989    5112 4987 546  -1
   9990    2789 4127 696  -1
   9991    2790 4127 2789  -1
   9992    2142 6356 135  -1
   9993    6407 4389 5739  -1
   9994    6431 1538 815  -1
   9995    167 5803 3777  -1
   9996    1877 6334 3309  -1
   9997    864 455 6751  -1
   9998    3084 2579 3746  -1
   9999    2011 2506 3591  -1
   10000    1142 2011 3591  -1
   10001    6442 2481 1591  -1
   10002    5850 97 4243  -1
   10003    4113 1531 5911  -1
   10004    1808 4309 1621  -1
   10005    4793 5732 5905  -1
   10006    3039 4931 4082  -1
   10007    2170 5339 3644  -1
   10008    4330 479 2121  -1
   10009    3236 955 1879  -1
   10010    6928 6564 2910  -1
   10011    5516 2846 18  -1
   10012    4770 2861 3506  -1
   10013    2861 479 3506  -1
   10014    3057 5524 4978  -1
   10015    296 3660 5811  -1
   10016    5132 2175 4475  -1
   10017    2856 3996 5148  -1
   10018    6560 3286 5931  -1
   10019    4748 827 2080  -1
   10020    6902 1778 827  -1
   10021    1778 6821 827  -1
   10022    6846 3976 507  -1
   10023    4667 6532 5085  -1
   10024    180 2522 2521  -1
   10025    4561 1497 5672  -1
   10026    4213 1016 6017  -1
   10027    3722 6042 1497  -1
   10028    891 3889 510  -1
   10029    4001 1037 2606  -1
   10030    5856 1312 442  -1
   10031    2643 5494 5315  -1
   10032    5663 1083 4944  -1
   10033    6860 5179 3274  -1
   10034    719 6969 3409  -1
   10035    2085 6124 4567  -1
   10036    6058 51 5733  -1
   10037    1332 5302 5376  -1
   10038    5320 4324 3011  -1
   10039    5549 5012 184  -1
   10040    3283 5874 3877  -1
   10041    6176 738 6738  -1
   10042    5282 1487 839  -1
   10043    887 4593 2197  -1
   10044    5051 6331 581  -1
   10045    2740 6264 2458  -1
   10046    2380 3727 5214  -1
   10047    5645 5974 6977  -1
   10048    3977 5949 997  -1
   10049    3319 5324 1173  -1
   10050    5368 6161 5598  -1
   10051    4560 6035 3336  -1
   10052    2807 5598 4670  -1
   10053    5480 4552 4117  -1
   10054    3766 5397 5480  -1
   10055    5930 1496 2396  -1
   10056    2254 5629 6063  -1
   10057    2027 3916 5035  -1
   10058    266 1306 6287  -1
   10059    549 5504 6832  -1
   10060    3159 5178 3027  -1
   10061    1475 3461 216  -1
   10062    3779 2414 721  -1
   10063    1634 364 4819  -1
   10064    4800 6335 656  -1
   10065    1515 782 6787  -1
   10066    3486 2923 223  -1
   10067    182 5231 5363  -1
   10068    4849 1957 1559  -1
   10069    2339 4849 2430  -1
   10070    3025 1708 6959  -1
   10071    3025 1174 4658  -1
   10072    1803 4020 6034  -1
   10073    5958 5614 2470  -1
   10074    102 5833 5832  -1
   10075    111 6714 1853  -1
   10076    866 6804 5466  -1
   10077    2878 4501 2879  -1
   10078    6874 171 6277  -1
   10079    6991 385 5140  -1
   10080    2611 2919 4736  -1
   10081    6020 1327 4159  -1
   10082    2580 385 6991  -1
   10083    1919 3153 6136  -1
   10084    4493 3268 6627  -1
   10085    5141 1066 4017  -1
   10086    2706 4932 3611  -1
   10087    930 1498 3419  -1
   10088    3419 4564 930  -1
   10089    1936 1066 3707  -1
   10090    5711 1115 353  -1
   10091    5071 1115 5711  -1
   10092    6690 4665 5104  -1
   10093    2285 3739 5752  -1
   10094    2021 108 3798  -1
   10095    4104 1570 3285  -1
   10096    6166 5813 3164  -1
   10097    848 2584 5691  -1
   10098    5576 1776 4022  -1
   10099    6479 1300 4133  -1
   10100    4169 3006 288  -1
   10101    5998 1661 66  -1
   10102    235 2932 2106  -1
   10103    1683 4014 5788  -1
   10104    4744 3590 4696  -1
   10105    2115 1307 2265  -1
   10106    6078 4642 2938  -1
   10107    139 5090 3149  -1
   10108    6078 2938 2115  -1
   10109    4997 4998 2347  -1
   10110    1641 5704 2347  -1
   10111    4998 1641 2347  -1
   10112    1575 6318 4729  -1
   10113    1200 6351 380  -1
   10114    225 2524 6803  -1
   10115    5994 3574 106  -1
   10116    5921 2349 363  -1
   10117    6240 5752 2256  -1
   10118    363 762 5921  -1
   10119    5584 6355 130  -1
   10120    6239 1078 6240  -1
   10121    1078 5752 6240  -1
   10122    633 5989 3510  -1
   10123    4246 1318 3612  -1
   10124    528 2337 3142  -1
   10125    6082 5901 5802  -1
   10126    5091 3842 6259  -1
   10127    2976 1985 790  -1
   10128    2681 1490 6625  -1
   10129    3891 6285 374  -1
   10130    4547 4728 1303  -1
   10131    6225 163 4607  -1
   10132    4330 2121 1728  -1
   10133    229 1986 3017  -1
   10134    6259 3842 3644  -1
   10135    1828 4790 5735  -1
   10136    2830 4618 1411  -1
   10137    6802 5427 3685  -1
   10138    1303 4728 6533  -1
   10139    6163 2426 210  -1
   10140    5516 2308 2846  -1
   10141    3652 2308 5516  -1
   10142    4544 944 6153  -1
   10143    3558 4488 1653  -1
   10144    3737 5361 896  -1
   10145    4094 958 6806  -1
   10146    4809 869 2374  -1
   10147    3993 995 3994  -1
   10148    2798 6703 2211  -1
   10149    5655 5654 815  -1
   10150    6091 6090 2316  -1
   10151    5281 15 3675  -1
   10152    775 3728 5532  -1
   10153    3373 888 6604  -1
   10154    3848 4003 1912  -1
   10155    6494 152 6530  -1
   10156    4445 2388 1688  -1
   10157    4068 5011 2023  -1
   10158    4403 1575 4729  -1
   10159    4187 1860 953  -1
   10160    4975 3914 3494  -1
   10161    1680 1565 2418  -1
   10162    1350 1575 4403  -1
   10163    2496 5135 3942  -1
   10164    1481 561 3854  -1
   10165    6645 5741 2310  -1
   10166    2547 911 2997  -1
   10167    2163 911 2547  -1
   10168    6523 1200 6524  -1
   10169    806 5340 2170  -1
   10170    6216 3236 1879  -1
   10171    3954 5634 2915  -1
   10172    1017 2517 2500  -1
   10173    5284 1781 6631  -1
   10174    1346 5116 82  -1
   10175    382 116 3566  -1
   10176    4696 809 2565  -1
   10177    1631 4505 2973  -1
   10178    5639 1104 2343  -1
   10179    879 5721 3059  -1
   10180    2350 2557 4304  -1
   10181    5118 6694 115  -1
   10182    6277 171 3347  -1
   10183    42 5586 4364  -1
   10184    1047 4163 5891  -1
   10185    752 1234 2247  -1
   10186    5588 4123 3001  -1
   10187    2514 1788 669  -1
   10188    1153 3572 2443  -1
   10189    5221 3572 1153  -1
   10190    1155 6073 5465  -1
   10191    6206 5901 740  -1
   10192    1848 4665 6690  -1
   10193    5321 1252 633  -1
   10194    1593 3145 3339  -1
   10195    114 6117 3074  -1
   10196    3074 6117 2113  -1
   10197    6131 4496 4641  -1
   10198    825 232 3311  -1
   10199    6158 4601 4275  -1
   10200    2862 1171 2113  -1
   10201    868 2792 3301  -1
   10202    3199 5395 4107  -1
   10203    114 3621 6117  -1
   10204    6076 402 4335  -1
   10205    2614 3484 2153  -1
   10206    1250 3176 3579  -1
   10207    1250 3595 1051  -1
   10208    1051 2692 1250  -1
   10209    3555 1315 4193  -1
   10210    605 3327 4360  -1
   10211    5041 3949 2454  -1
   10212    6518 869 6918  -1
   10213    3016 3198 6962  -1
   10214    6543 1844 237  -1
   10215    5934 5009 2970  -1
   10216    4434 1972 6089  -1
   10217    4653 1945 959  -1
   10218    391 3359 688  -1
   10219    5706 4078 2084  -1
   10220    755 5372 6119  -1
   10221    1653 2678 1357  -1
   10222    6767 5313 2887  -1
   10223    3466 5701 4452  -1
   10224    953 1860 3389  -1
   10225    849 4237 5517  -1
   10226    5057 1762 4462  -1
   10227    1067 5007 3162  -1
   10228    191 3820 2052  -1
   10229    349 3770 3158  -1
   10230    3383 1059 6033  -1
   10231    3110 1404 1315  -1
   10232    3615 2979 601  -1
   10233    2853 6346 150  -1
   10234    6962 6849 3016  -1
   10235    4292 1007 6234  -1
   10236    3566 116 4643  -1
   10237    707 5973 6297  -1
   10238    5363 5231 1023  -1
   10239    5012 5549 3529  -1
   10240    527 2713 6466  -1
   10241    216 4244 6375  -1
   10242    55 6081 4708  -1
   10243    2134 1696 2195  -1
   10244    2195 1696 6650  -1
   10245    1089 3400 4872  -1
   10246    4947 423 3229  -1
   10247    4422 2872 4527  -1
   10248    6985 323 887  -1
   10249    677 3773 4727  -1
   10250    1878 3160 4686  -1
   10251    5668 6798 3021  -1
   10252    1038 2540 3272  -1
   10253    2806 6599 2257  -1
   10254    3029 5862 2327  -1
   10255    3670 228 933  -1
   10256    3571 5712 5110  -1
   10257    2687 4559 2007  -1
   10258    2007 2686 2687  -1
   10259    3474 5819 3550  -1
   10260    510 3889 6312  -1
   10261    1502 788 158  -1
   10262    1789 2872 4526  -1
   10263    1995 6345 3192  -1
   10264    3757 5896 4237  -1
   10265    5930 2396 263  -1
   10266    5597 3687 3033  -1
   10267    5116 558 82  -1
   10268    252 6029 3206  -1
   10269    6544 491 3348  -1
   10270    404 4657 4100  -1
   10271    4707 404 2404  -1
   10272    1170 6165 4132  -1
   10273    1793 6947 810  -1
   10274    3813 3782 2111  -1
   10275    5459 1041 1780  -1
   10276    4978 6155 4970  -1
   10277    6299 4450 4846  -1
   10278    4137 4970 560  -1
   10279    560 5562 4137  -1
   10280    2691 6430 194  -1
   10281    3840 1251 4176  -1
   10282    5608 874 6596  -1
   10283    3676 2187 4635  -1
   10284    1472 4039 6412  -1
   10285    6412 6614 1472  -1
   10286    2263 5253 5515  -1
   10287    961 6589 2502  -1
   10288    4377 3830 1193  -1
   10289    3672 1694 1989  -1
   10290    4461 4160 6502  -1
   10291    4279 6354 261  -1
   10292    5688 2180 784  -1
   10293    3851 6018 4691  -1
   10294    5653 3640 241  -1
   10295    3335 5316 5907  -1
   10296    153 3741 2547  -1
   10297    1017 1578 6871  -1
   10298    1432 51 5144  -1
   10299    2342 4898 4508  -1
   10300    6871 2517 1017  -1
   10301    2501 2517 6871  -1
   10302    222 5108 3168  -1
   10303    244 2074 3557  -1
   10304    5579 3884 6799  -1
   10305    3823 4091 2439  -1
   10306    4466 2843 210  -1
   10307    237 5268 6541  -1
   10308    6846 4381 6147  -1
   10309    1191 6540 909  -1
   10310    2439 4091 1289  -1
   10311    4546 6040 6653  -1
   10312    3102 5561 1347  -1
   10313    1276 4141 3405  -1
   10314    5175 4342 866  -1
   10315    3339 4173 4307  -1
   10316    3505 6769 479  -1
   10317    816 1541 4861  -1
   10318    6635 2871 750  -1
   10319    4149 1789 6635  -1
   10320    3507 1100 5578  -1
   10321    6635 1100 4149  -1
   10322    5475 616 2857  -1
   10323    3831 2697 6128  -1
   10324    6515 2308 3652  -1
   10325    5223 1615 5835  -1
   10326    5158 1380 554  -1
   10327    6415 5626 2310  -1
   10328    738 6753 4225  -1
   10329    6337 6176 6738  -1
   10330    6914 1726 4847  -1
   10331    5661 6013 3648  -1
   10332    5595 2516 6809  -1
   10333    4192 965 1617  -1
   10334    3318 1232 4423  -1
   10335    1232 5435 3682  -1
   10336    5263 3783 1585  -1
   10337    2261 653 3354  -1
   10338    2762 6626 2329  -1
   10339    196 6401 3252  -1
   10340    2153 3484 5321  -1
   10341    6542 237 6541  -1
   10342    1174 5854 94  -1
   10343    1385 4984 3102  -1
   10344    5744 40 734  -1
   10345    4984 131 5561  -1
   10346    5466 6804 6339  -1
   10347    4985 611 1392  -1
   10348    1556 4002 2405  -1
   10349    4002 5145 2405  -1
   10350    6501 4596 5600  -1
   10351    2867 2060 1224  -1
   10352    3562 1606 2803  -1
   10353    2803 1258 3562  -1
   10354    1821 3975 4639  -1
   10355    362 4430 4904  -1
   10356    1382 3435 1335  -1
   10357    1382 1335 2879  -1
   10358    552 6485 1882  -1
   10359    3053 6695 47  -1
   10360    158 788 5628  -1
   10361    5287 1049 3946  -1
   10362    1049 465 3946  -1
   10363    5213 704 2970  -1
   10364    5181 6535 3063  -1
   10365    3968 5039 295  -1
   10366    1390 5838 2710  -1
   10367    3602 5359 4602  -1
   10368    4430 6698 4904  -1
   10369    4290 6766 726  -1
   10370    4290 726 5439  -1
   10371    2041 5396 6983  -1
   10372    4782 6983 559  -1
   10373    5072 2937 1812  -1
   10374    700 2738 5801  -1
   10375    3834 6129 5316  -1
   10376    6345 4839 6382  -1
   10377    969 4890 3637  -1
   10378    3981 6145 2485  -1
   10379    4195 833 4123  -1
   10380    5139 5849 1791  -1
   10381    1936 449 5326  -1
   10382    4765 2338 3708  -1
   10383    5270 5271 6975  -1
   10384    5804 5434 3556  -1
   10385    6808 1699 933  -1
   10386    3965 5424 5423  -1
   10387    4223 3243 4679  -1
   10388    3091 4142 756  -1
   10389    756 486 3091  -1
   10390    1244 3091 486  -1
   10391    486 2451 1244  -1
   10392    2 2819 5632  -1
   10393    6997 945 5777  -1
   10394    5122 6978 3785  -1
   10395    3801 1225 6059  -1
   10396    5945 2453 1614  -1
   10397    3801 3802 1225  -1
   10398    4680 655 6814  -1
   10399    2231 515 6853  -1
   10400    5648 1300 5274  -1
   10401    4205 5096 2745  -1
   10402    204 2703 760  -1
   10403    6228 2920 1059  -1
   10404    5028 1259 3811  -1
   10405    3810 1259 5028  -1
   10406    6426 811 3563  -1
   10407    2077 1217 4677  -1
   10408    5179 1147 3274  -1
   10409    1786 4204 5179  -1
   10410    4782 837 2041  -1
   10411    6408 4079 2330  -1
   10412    876 3306 6067  -1
   10413    2694 3816 857  -1
   10414    1885 4594 5047  -1
   10415    835 4350 6117  -1
   10416    6117 3621 835  -1
   10417    1011 523 4638  -1
   10418    3353 1495 2148  -1
   10419    2148 205 3353  -1
   10420    6377 620 1646  -1
   10421    3126 1064 1682  -1
   10422    3326 6162 677  -1
   10423    5688 5328 3724  -1
   10424    1433 3724 5632  -1
   10425    5994 4470 1931  -1
   10426    4696 3590 809  -1
   10427    3297 3565 4435  -1
   10428    4394 6129 3834  -1
   10429    3919 3765 4552  -1
   10430    2726 4544 4848  -1
   10431    1812 821 6024  -1
   10432    2428 821 1812  -1
   10433    5848 2112 2111  -1
   10434    1528 2406 3859  -1
   10435    1528 5010 2406  -1
   10436    3110 1315 3555  -1
   10437    1826 1767 5317  -1
   10438    3288 2410 5302  -1
   10439    2745 5096 171  -1
   10440    1175 4430 6609  -1
   10441    1625 4821 5375  -1
   10442    3576 677 4727  -1
   10443    3576 4727 5978  -1
   10444    940 5908 1378  -1
   10445    5056 3773 373  -1
   10446    1965 5289 3480  -1
   10447    6350 3137 2643  -1
   10448    373 3773 677  -1
   10449    1330 4292 1679  -1
   10450    4121 911 3530  -1
   10451    5675 2022 901  -1
   10452    5140 2745 6874  -1
   10453    4048 4035 3280  -1
   10454    4752 2940 4835  -1
   10455    5982 5534 4087  -1
   10456    3471 537 6819  -1
   10457    713 75 2339  -1
   10458    1392 3492 4985  -1
   10459    5475 199 5474  -1
   10460    3289 6090 6091  -1
   10461    693 4341 3360  -1
   10462    6798 937 4331  -1
   10463    498 6073 5357  -1
   10464    256 1671 3095  -1
   10465    1760 2784 6722  -1
   10466    1391 3683 6402  -1
   10467    5823 428 1470  -1
   10468    599 2948 4402  -1
   10469    4901 599 2163  -1
   10470    1677 1911 5662  -1
   10471    2487 3951 6551  -1
   10472    950 3015 5964  -1
   10473    4598 2910 1550  -1
   10474    755 6119 6755  -1
   10475    2694 1911 1677  -1
   10476    1726 5049 4935  -1
   10477    890 6793 5165  -1
   10478    3231 2385 1298  -1
   10479    1298 2385 5518  -1
   10480    4402 2948 6245  -1
   10481    3901 6717 728  -1
   10482    1728 6736 4330  -1
   10483    6009 3819 6010  -1
   10484    4873 5095 196  -1
   10485    5941 4527 3038  -1
   10486    2438 6021 2986  -1
   10487    2986 6021 4728  -1
   10488    6074 501 6919  -1
   10489    5295 2411 1333  -1
   10490    2674 745 5855  -1
   10491    3182 4471 5933  -1
   10492    5459 395 1779  -1
   10493    6905 5503 4420  -1
   10494    6780 4721 2815  -1
   10495    3365 6821 4004  -1
   10496    640 6571 5531  -1
   10497    5600 4596 6083  -1
   10498    1447 4088 5128  -1
   10499    6898 6699 3793  -1
   10500    4183 5166 3214  -1
   10501    4108 316 1930  -1
   10502    2658 4126 2377  -1
   10503    4427 2296 405  -1
   10504    405 639 4427  -1
   10505    2984 405 2657  -1
   10506    2657 1264 2984  -1
   10507    3916 2479 6709  -1
   10508    4058 303 6512  -1
   10509    1002 5359 3602  -1
   10510    4411 1143 820  -1
   10511    2768 5481 1736  -1
   10512    3602 2313 4929  -1
   10513    6492 218 4158  -1
   10514    1525 841 3597  -1
   10515    381 2419 586  -1
   10516    3476 776 4447  -1
   10517    6112 456 3276  -1
   10518    3968 2793 3476  -1
   10519    3476 2382 3968  -1
   10520    4829 776 6979  -1
   10521    4829 2794 776  -1
   10522    2841 3205 6953  -1
   10523    1358 4913 3693  -1
   10524    3205 6683 4153  -1
   10525    934 5348 3228  -1
   10526    912 322 4789  -1
   10527    480 1233 2336  -1
   10528    5630 5461 6227  -1
   10529    5683 3463 2727  -1
   10530    3728 2340 2832  -1
   10531    3728 2832 5532  -1
   10532    1771 1371 3891  -1
   10533    2832 2340 934  -1
   10534    6211 2810 5879  -1
   10535    110 6555 5993  -1
   10536    2727 928 5683  -1
   10537    491 1164 3348  -1
   10538    3228 2832 934  -1
   10539    6897 2933 2943  -1
   10540    162 605 4360  -1
   10541    5134 6789 1202  -1
   10542    2080 6821 3365  -1
   10543    6109 2872 1789  -1
   10544    741 3231 1298  -1
   10545    1554 679 2653  -1
   10546    6172 515 2231  -1
   10547    881 4319 5890  -1
   10548    586 6757 2771  -1
   10549    522 2630 1665  -1
   10550    5097 208 2649  -1
   10551    2359 1287 6362  -1
   10552    6239 4130 3363  -1
   10553    1061 5196 5160  -1
   10554    1995 2767 981  -1
   10555    774 2299 5692  -1
   10556    747 2914 4640  -1
   10557    4087 5534 244  -1
   10558    1995 981 1416  -1
   10559    2497 511 3074  -1
   10560    4891 1472 4040  -1
   10561    6267 4545 1095  -1
   10562    6777 1277 4989  -1
   10563    1145 6302 2593  -1
   10564    2933 4461 4856  -1
   10565    4295 3641 5460  -1
   10566    523 6269 5148  -1
   10567    6679 4637 6577  -1
   10568    3271 1987 3641  -1
   10569    1692 6379 6739  -1
   10570    3947 625 5081  -1
   10571    999 5079 1807  -1
   10572    6194 2202 3717  -1
   10573    3055 4062 1743  -1
   10574    1743 4062 4061  -1
   10575    5833 3620 2947  -1
   10576    4477 94 5854  -1
   10577    6769 4406 2833  -1
   10578    5984 4541 5977  -1
   10579    5104 2296 5162  -1
   10580    2241 4788 5193  -1
   10581    2037 2036 5385  -1
   10582    520 3638 4959  -1
   10583    3993 5262 6322  -1
   10584    116 3232 4643  -1
   10585    6676 3687 996  -1
   10586    6724 2698 2205  -1
   10587    858 4041 3067  -1
   10588    3629 6449 4878  -1
   10589    1813 1141 3286  -1
   10590    481 5870 6710  -1
   10591    5005 2571 476  -1
   10592    1353 4937 4379  -1
   10593    1216 5881 5581  -1
   10594    3722 1497 2017  -1
   10595    4159 2554 6020  -1
   10596    634 4972 6629  -1
   10597    4174 3594 335  -1
   10598    2400 181 5856  -1
   10599    924 5812 4720  -1
   10600    4289 5812 924  -1
   10601    2012 2857 893  -1
   10602    2012 893 4639  -1
   10603    859 5520 4498  -1
   10604    5060 3592 532  -1
   10605    1725 440 4772  -1
   10606    3881 1897 6041  -1
   10607    1366 264 3956  -1
   10608    571 6963 5988  -1
   10609    4732 2325 1932  -1
   10610    6819 537 5329  -1
   10611    5855 745 1982  -1
   10612    5870 2914 5013  -1
   10613    822 4566 4398  -1
   10614    5329 537 6192  -1
   10615    3988 2719 433  -1
   10616    1832 6365 3106  -1
   10617    115 5708 6846  -1
   10618    3730 2774 4231  -1
   10619    3273 207 4544  -1
   10620    1243 5745 2473  -1
   10621    4428 4047 1210  -1
   10622    3062 411 4730  -1
   10623    1991 4664 3062  -1
   10624    6403 1756 4655  -1
   10625    6842 5509 3293  -1
   10626    1081 6160 2042  -1
   10627    2042 5018 1081  -1
   10628    5033 4968 1482  -1
   10629    1530 6197 525  -1
   10630    2868 616 5475  -1
   10631    4644 616 2868  -1
   10632    6857 1374 4684  -1
   10633    6154 218 2721  -1
   10634    5378 921 5693  -1
   10635    6193 4196 98  -1
   10636    4127 4992 1066  -1
   10637    76 2059 1249  -1
   10638    4147 1709 445  -1
   10639    297 6004 6831  -1
   10640    297 6244 4597  -1
   10641    4205 2745 385  -1
   10642    492 5572 3014  -1
   10643    420 4527 5573  -1
   10644    2932 6077 2106  -1
   10645    1148 3421 5116  -1
   10646    6158 4275 4473  -1
   10647    5859 6578 159  -1
   10648    4877 2237 1641  -1
   10649    5154 2484 1882  -1
   10650    3061 384 6384  -1
   10651    254 3458 6039  -1
   10652    2867 1224 2716  -1
   10653    2716 1224 5067  -1
   10654    2149 1102 2150  -1
   10655    1818 3850 5685  -1
   10656    3379 5618 1138  -1
   10657    2934 6713 2004  -1
   10658    4593 887 2963  -1
   10659    6910 2431 2432  -1
   10660    3834 3335 2644  -1
   10661    2972 1640 3829  -1
   10662    2004 535 4979  -1
   10663    2037 5385 1236  -1
   10664    5891 6895 1047  -1
   10665    6965 1888 1500  -1
   10666    1500 6400 6965  -1
   10667    6411 1099 6984  -1
   10668    6637 3862 110  -1
   10669    1230 3012 5305  -1
   10670    3922 6768 1902  -1
   10671    1902 6126 3922  -1
   10672    4211 3769 640  -1
   10673    1353 4379 3256  -1
   10674    2747 1785 6574  -1
   10675    5419 5418 3709  -1
   10676    976 458 3088  -1
   10677    6715 3047 983  -1
   10678    5538 4044 64  -1
   10679    1687 5900 524  -1
   10680    4979 3623 2837  -1
   10681    1154 6307 6532  -1
   10682    1984 2622 5153  -1
   10683    3821 5137 6669  -1
   10684    4259 5741 1050  -1
   10685    3173 1095 4651  -1
   10686    4037 1095 3173  -1
   10687    594 2238 106  -1
   10688    4058 6110 303  -1
   10689    2572 108 3752  -1
   10690    106 3574 4754  -1
   10691    5318 1292 3753  -1
   10692    1292 3277 6112  -1
   10693    1316 1292 5318  -1
   10694    2572 4037 494  -1
   10695    925 4308 2613  -1
   10696    3019 4291 2680  -1
   10697    2680 1427 3019  -1
   10698    4910 5115 4614  -1
   10699    2506 4095 2507  -1
   10700    1155 2373 4760  -1
   10701    1008 6260 3226  -1
   10702    5284 6631 2594  -1
   10703    2136 4955 2546  -1
   10704    5509 4070 5780  -1
   10705    3681 2135 3338  -1
   10706    1708 4658 5917  -1
   10707    5032 4280 350  -1
   10708    2688 469 5062  -1
   10709    6430 4492 194  -1
   10710    5040 6430 2691  -1
   10711    740 140 2751  -1
   10712    4199 2703 1397  -1
   10713    2749 1660 4785  -1
   10714    4033 6781 5614  -1
   10715    6005 297 4597  -1
   10716    5816 4002 4876  -1
   10717    4417 2711 3974  -1
   10718    5364 2711 4417  -1
   10719    64 4044 2725  -1
   10720    402 6076 4044  -1
   10721    2492 615 3561  -1
   10722    6573 579 3812  -1
   10723    5071 2926 2769  -1
   10724    919 3615 2136  -1
   10725    2511 4898 6995  -1
   10726    6914 6105 4517  -1
   10727    3627 3766 5480  -1
   10728    4417 2062 5364  -1
   10729    5298 2062 987  -1
   10730    5298 3203 4150  -1
   10731    909 4460 4875  -1
   10732    5244 5650 4111  -1
   10733    2722 3014 636  -1
   10734    1043 2392 6004  -1
   10735    269 4134 2671  -1
   10736    5686 2608 3076  -1
   10737    1921 3793 3146  -1
   10738    1 5463 4661  -1
   10739    3146 3793 2608  -1
   10740    2161 3880 3930  -1
   10741    6106 126 6311  -1
   10742    2207 126 1110  -1
   10743    6311 2207 1749  -1
   10744    4243 1039 6300  -1
   10745    5686 6504 2608  -1
   10746    6880 716 2786  -1
   10747    6897 1217 2933  -1
   10748    3512 1820 621  -1
   10749    4989 5912 103  -1
   10750    1038 3272 314  -1
   10751    5912 2384 103  -1
   10752    1358 3884 2024  -1
   10753    6602 526 5122  -1
   10754    4255 1420 6208  -1
   10755    3142 4255 5624  -1
   10756    1730 4909 5601  -1
   10757    1072 1402 5765  -1
   10758    6303 4125 2472  -1
   10759    3611 1402 4930  -1
   10760    2738 2017 5801  -1
   10761    286 1509 6348  -1
   10762    4612 3115 2424  -1
   10763    2475 3303 3860  -1
   10764    365 1247 3999  -1
   10765    3654 998 2141  -1
   10766    1230 4936 6281  -1
   10767    5603 1165 3388  -1
   10768    373 4168 5056  -1
   10769    6494 2250 152  -1
   10770    4604 6329 1361  -1
   10771    4020 478 6034  -1
   10772    1866 5394 4284  -1
   10773    290 1485 2286  -1
   10774    6753 2848 4225  -1
   10775    4491 4923 194  -1
   10776    3833 5824 1913  -1
   10777    3705 5737 6387  -1
   10778    2912 1079 4335  -1
   10779    6333 1084 6687  -1
   10780    399 5050 4034  -1
   10781    4811 2177 3078  -1
   10782    4982 301 3078  -1
   10783    3325 5025 1722  -1
   10784    4759 129 3375  -1
   10785    1504 4340 1917  -1
   10786    6735 4681 375  -1
   10787    1813 6981 1141  -1
   10788    3639 488 4916  -1
   10789    6593 5066 3388  -1
   10790    322 4642 4789  -1
   10791    3262 1228 3128  -1
   10792    722 3733 5093  -1
   10793    3128 828 3262  -1
   10794    5100 2280 3527  -1
   10795    3527 2848 5100  -1
   10796    50 5775 1760  -1
   10797    6722 50 1760  -1
   10798    3381 2334 4442  -1
   10799    2935 4490 1716  -1
   10800    5321 633 5797  -1
   10801    6630 4690 3240  -1
   10802    1577 5266 2172  -1
   10803    5778 2788 252  -1
   10804    2331 6543 6542  -1
   10805    4873 521 3517  -1
   10806    5855 2673 4753  -1
   10807    3488 86 745  -1
   10808    745 2674 3488  -1
   10809    2870 6647 552  -1
   10810    901 3961 3686  -1
   10811    4721 6193 98  -1
   10812    423 4947 3058  -1
   10813    1974 4572 4518  -1
   10814    2797 2595 5550  -1
   10815    822 2849 4566  -1
   10816    471 3439 4585  -1
   10817    5320 3011 1794  -1
   10818    3776 2733 5961  -1
   10819    4600 5208 3213  -1
   10820    6041 4100 2797  -1
   10821    5806 4175 549  -1
   10822    2347 5544 3849  -1
   10823    5194 5393 43  -1
   10824    1588 4481 2844  -1
   10825    5780 4070 6804  -1
   10826    3750 2337 528  -1
   10827    5654 338 5390  -1
   10828    2546 6160 1081  -1
   10829    2136 2546 1081  -1
   10830    3108 2042 6990  -1
   10831    1554 5910 3005  -1
   10832    1554 4525 5910  -1
   10833    4066 5159 146  -1
   10834    3717 973 4588  -1
   10835    1990 2925 4504  -1
   10836    1871 5023 4504  -1
   10837    3215 6844 2359  -1
   10838    6362 3215 2359  -1
   10839    2795 4032 6611  -1
   10840    5297 59 4076  -1
   10841    5884 796 3755  -1
   10842    1946 2254 6063  -1
   10843    1008 1459 6260  -1
   10844    3925 3348 1846  -1
   10845    1414 567 6203  -1
   10846    4295 3271 3641  -1
   10847    27 4990 1846  -1
   10848    4812 4704 2078  -1
   10849    1414 6420 2161  -1
   10850    2161 567 1414  -1
   10851    656 2509 4800  -1
   10852    4533 3431 320  -1
   10853    5064 2578 368  -1
   10854    3861 4794 2394  -1
   10855    3405 2614 2153  -1
   10856    2353 2838 785  -1
   10857    4366 3817 1985  -1
   10858    4109 667 2709  -1
   10859    4411 3676 1143  -1
   10860    2876 1211 5883  -1
   10861    3166 3620 560  -1
   10862    5711 3792 2145  -1
   10863    5509 6842 3294  -1
   10864    5615 4034 767  -1
   10865    6933 3775 915  -1
   10866    5715 2321 5189  -1
   10867    353 1285 3521  -1
   10868    3152 1715 2038  -1
   10869    930 4564 1938  -1
   10870    2808 4669 3907  -1
   10871    1087 4669 2808  -1
   10872    1087 2732 4669  -1
   10873    5911 1531 1819  -1
   10874    4257 5754 376  -1
   10875    2039 590 6822  -1
   10876    2568 1047 5771  -1
   10877    5720 699 3403  -1
   10878    2428 3472 3082  -1
   10879    6287 981 266  -1
   10880    6181 1133 4974  -1
   10881    802 955 6323  -1
   10882    3938 2351 608  -1
   10883    2223 4210 6901  -1
   10884    6930 6537 743  -1
   10885    6360 3755 2179  -1
   10886    6961 137 4436  -1
   10887    946 5709 2611  -1
   10888    6656 346 2811  -1
   10889    3847 1519 3929  -1
   10890    3818 1227 3560  -1
   10891    5388 3818 3560  -1
   10892    5013 2914 1068  -1
   10893    2817 4228 6186  -1
   10894    2628 1688 2120  -1
   10895    4703 5734 1317  -1
   10896    2302 2958 4581  -1
   10897    1109 4552 5480  -1
   10898    5480 5397 1109  -1
   10899    3551 4575 5260  -1
   10900    4162 6615 2001  -1
   10901    5325 433 5171  -1
   10902    276 4546 1070  -1
   10903    1070 2986 276  -1
   10904    4277 6527 2098  -1
   10905    1006 2508 2436  -1
   10906    107 1302 5263  -1
   10907    107 5263 1585  -1
   10908    4573 4400 6278  -1
   10909    45 4548 6443  -1
   10910    1370 2271 4654  -1
   10911    6011 2456 1200  -1
   10912    2882 200 3420  -1
   10913    5240 349 2898  -1
   10914    330 5907 1889  -1
   10915    2179 5439 5440  -1
   10916    1861 3806 2650  -1
   10917    1947 242 2792  -1
   10918    1662 2930 1928  -1
   10919    4597 2901 5959  -1
   10920    6919 6346 2853  -1
   10921    5771 1047 612  -1
   10922    5731 2777 1322  -1
   10923    2658 426 1376  -1
   10924    2658 2378 426  -1
   10925    5312 1690 5071  -1
   10926    1307 6470 2265  -1
   10927    2179 3755 4290  -1
   10928    4334 1402 1072  -1
   10929    6838 3012 4317  -1
   10930    131 5560 3401  -1
   10931    4679 655 4680  -1
   10932    6528 3848 463  -1
   10933    1637 6016 4096  -1
   10934    1758 4544 2726  -1
   10935    5765 1402 3039  -1
   10936    6730 5178 926  -1
   10937    6425 2963 4576  -1
   10938    4576 4642 6425  -1
   10939    2101 5047 609  -1
   10940    6688 208 6965  -1
   10941    5046 5367 5285  -1
   10942    4999 6147 4381  -1
   10943    4497 1841 6010  -1
   10944    4497 6010 1840  -1
   10945    1840 6877 4497  -1
   10946    6738 3734 6337  -1
   10947    3571 1275 2601  -1
   10948    4896 6341 2218  -1
   10949    5658 4591 6219  -1
   10950    3394 2655 4239  -1
   10951    1398 6341 4896  -1
   10952    71 6485 5371  -1
   10953    3175 749 1739  -1
   10954    5697 1331 6969  -1
   10955    3246 1740 457  -1
   10956    457 3175 3246  -1
   10957    3248 719 5147  -1
   10958    4705 806 4390  -1
   10959    4072 2502 1651  -1
   10960    3262 2269 551  -1
   10961    4830 2454 3949  -1
   10962    2454 5741 6645  -1
   10963    4830 3655 2455  -1
   10964    5788 4014 177  -1
   10965    2078 4961 612  -1
   10966    5541 1751 942  -1
   10967    3556 5434 942  -1
   10968    1644 4003 3848  -1
   10969    6916 4572 5451  -1
   10970    1598 6729 3543  -1
   10971    6967 3278 1390  -1
   10972    6789 6036 4410  -1
   10973    3682 5435 351  -1
   10974    2757 4444 1809  -1
   10975    17 4216 5828  -1
   10976    1047 2890 3470  -1
   10977    1205 3351 6013  -1
   10978    6943 4171 2142  -1
   10979    4635 2304 1143  -1
   10980    4817 5410 1612  -1
   10981    4836 2487 393  -1
   10982    1815 2981 6781  -1
   10983    393 1850 3651  -1
   10984    1329 5815 1928  -1
   10985    3524 1329 534  -1
   10986    1112 5409 3520  -1
   10987    1781 5535 5971  -1
   10988    6483 4972 5146  -1
   10989    1980 695 154  -1
   10990    5140 385 2745  -1
   10991    196 5095 6401  -1
   10992    3355 2448 5922  -1
   10993    6189 385 2580  -1
   10994    5607 3751 986  -1
   10995    5134 2587 6789  -1
   10996    4006 1074 1544  -1
   10997    5568 5567 2174  -1
   10998    3248 720 719  -1
   10999    3011 5789 230  -1
   11000    5195 2082 3414  -1
   11001    9 2172 2386  -1
   11002    6862 6370 1209  -1
   11003    673 5151 3167  -1
   11004    5635 5634 564  -1
   11005    6315 1206 2828  -1
   11006    2821 5340 2171  -1
   11007    1914 4391 3632  -1
   11008    5845 2821 2171  -1
   11009    2171 5340 806  -1
   11010    198 1228 5388  -1
   11011    5388 1228 3818  -1
   11012    3832 4024 4023  -1
   11013    1499 133 3832  -1
   11014    6063 737 6890  -1
   11015    6763 1946 6063  -1
   11016    2369 138 4709  -1
   11017    975 1536 3018  -1
   11018    1798 2686 29  -1
   11019    6682 5228 2335  -1
   11020    248 1203 2954  -1
   11021    1870 1203 248  -1
   11022    6465 1091 2325  -1
   11023    1333 191 2052  -1
   11024    765 2708 4937  -1
   11025    1914 5357 4760  -1
   11026    661 4995 5790  -1
   11027    5790 4241 661  -1
   11028    4934 2971 5934  -1
   11029    1583 2853 150  -1
   11030    2765 5107 4666  -1
   11031    3096 6818 5954  -1
   11032    1724 6700 4179  -1
   11033    1945 4285 3661  -1
   11034    3661 1651 1945  -1
   11035    288 4763 3613  -1
   11036    2929 5444 574  -1
   11037    308 6167 2617  -1
   11038    4634 473 6847  -1
   11039    6847 473 1943  -1
   11040    4449 5667 6623  -1
   11041    1475 1702 4175  -1
   11042    1702 548 4175  -1
   11043    1050 1867 5200  -1
   11044    6739 5201 1692  -1
   11045    4207 2169 766  -1
   11046    4179 6960 3247  -1
   11047    5802 3573 6082  -1
   11048    787 2719 4296  -1
   11049    450 5034 2589  -1
   11050    3956 5259 1852  -1
   11051    289 3332 5391  -1
   11052    754 4230 5964  -1
   11053    5799 951 4445  -1
   11054    5640 33 4824  -1
   11055    4498 4386 859  -1
   11056    5799 4445 1688  -1
   11057    6462 5685 2065  -1
   11058    5928 5863 4874  -1
   11059    6990 1624 3108  -1
   11060    6329 35 6330  -1
   11061    4242 6904 1581  -1
   11062    4453 1205 1856  -1
   11063    740 3911 1379  -1
   11064    740 1379 140  -1
   11065    3567 5425 1281  -1
   11066    3086 6855 5362  -1
   11067    1907 6718 651  -1
   11068    1907 5753 6667  -1
   11069    1761 4883 2945  -1
   11070    1640 4624 3829  -1
   11071    1875 3041 689  -1
   11072    1781 6940 3638  -1
   11073    4311 1271 5831  -1
   11074    4438 5810 512  -1
   11075    514 1802 6859  -1
   11076    6397 1517 2761  -1
   11077    3439 3126 330  -1
   11078    3902 2419 381  -1
   11079    1188 625 4116  -1
   11080    2329 625 1188  -1
   11081    820 5461 4411  -1
   11082    2343 1467 5639  -1
   11083    2238 4688 106  -1
   11084    5384 3061 6384  -1
   11085    3611 4932 4931  -1
   11086    3251 4957 520  -1
   11087    520 2839 4097  -1
   11088    4695 6170 6171  -1
   11089    4695 6171 1771  -1
   11090    6225 2284 2416  -1
   11091    365 3999 2993  -1
   11092    5522 3565 3297  -1
   11093    20 1059 3383  -1
   11094    3383 5521 20  -1
   11095    5677 2019 1794  -1
   11096    4458 3284 1218  -1
   11097    661 2198 3732  -1
   11098    13 1462 6677  -1
   11099    13 6677 2818  -1
   11100    2272 3746 2579  -1
   11101    1504 1735 2272  -1
   11102    1735 1504 3736  -1
   11103    4542 4541 6929  -1
   11104    6268 6620 3042  -1
   11105    4212 1016 4213  -1
   11106    3736 3101 4987  -1
   11107    2596 5290 734  -1
   11108    5753 6619 4070  -1
   11109    3169 4557 6080  -1
   11110    6003 2222 2564  -1
   11111    6667 4070 5509  -1
   11112    2366 1014 6352  -1
   11113    1420 2338 4765  -1
   11114    6342 3795 1479  -1
   11115    1479 3795 5999  -1
   11116    5999 3795 4799  -1
   11117    4914 5616 128  -1
   11118    624 1762 2089  -1
   11119    624 2028 1762  -1
   11120    6825 3823 5921  -1
   11121    1544 3335 2802  -1
   11122    4912 187 3869  -1
   11123    2906 6889 3369  -1
   11124    808 5757 6090  -1
   11125    3369 808 3289  -1
   11126    3178 4659 1801  -1
   11127    3227 948 4803  -1
   11128    3023 948 3249  -1
   11129    5442 2055 3765  -1
   11130    5289 4624 577  -1
   11131    5977 838 408  -1
   11132    5977 2109 838  -1
   11133    28 5330 1908  -1
   11134    3089 1437 4823  -1
   11135    1074 4735 1266  -1
   11136    5775 924 4718  -1
   11137    5321 1418 2153  -1
   11138    3831 5210 68  -1
   11139    3069 1057 658  -1
   11140    2402 6392 1656  -1
   11141    2808 3525 1087  -1
   11142    2734 3160 1878  -1
   11143    321 4621 6796  -1
   11144    3777 3776 167  -1
   11145    4511 3444 2291  -1
   11146    6145 1711 2485  -1
   11147    1415 5275 4470  -1
   11148    1415 4470 5994  -1
   11149    2050 3413 499  -1
   11150    6738 4225 5756  -1
   11151    5756 3734 6738  -1
   11152    6871 1578 547  -1
   11153    3710 1995 3790  -1
   11154    1522 3973 817  -1
   11155    453 3209 3210  -1
   11156    5632 2819 1433  -1
   11157    6716 6717 4132  -1
   11158    6899 2271 1370  -1
   11159    6856 5714 6857  -1
   11160    5212 704 5213  -1
   11161    6907 123 6037  -1
   11162    1647 2554 139  -1
   11163    322 1326 6425  -1
   11164    540 3100 3933  -1
   11165    6407 2774 3730  -1
   11166    3730 6868 6407  -1
   11167    3206 4663 6912  -1
   11168    3671 935 1650  -1
   11169    5919 3951 2487  -1
   11170    5964 358 4468  -1
   11171    3083 5776 2149  -1
   11172    6832 5504 1305  -1
   11173    5636 6832 1305  -1
   11174    6955 3035 2013  -1
   11175    6753 1032 2848  -1
   11176    5100 2848 3550  -1
   11177    3569 2528 645  -1
   11178    5306 6074 1583  -1
   11179    6979 4687 4829  -1
   11180    6417 4204 1710  -1
   11181    6325 4056 1450  -1
   11182    5481 2109 4718  -1
   11183    6935 1593 2920  -1
   11184    5045 3441 1984  -1
   11185    6687 2029 1911  -1
   11186    6176 6989 738  -1
   11187    3177 198 6556  -1
   11188    5131 1108 2151  -1
   11189    6989 6753 738  -1
   11190    2457 4719 6707  -1
   11191    3305 2319 4973  -1
   11192    4875 658 5528  -1
   11193    6064 3069 658  -1
   11194    3299 5793 4908  -1
   11195    4043 5793 3299  -1
   11196    2282 4043 6921  -1
   11197    3628 4713 2283  -1
   11198    1737 4713 80  -1
   11199    4951 6853 2093  -1
   11200    6889 808 3369  -1
   11201    3027 4182 4927  -1
   11202    3555 4193 3090  -1
   11203    3461 6374 6806  -1
   11204    3055 5962 6291  -1
   11205    1010 3226 6446  -1
   11206    4362 59 5297  -1
   11207    2045 4942 59  -1
   11208    1956 6527 3189  -1
   11209    1962 265 4750  -1
   11210    2045 59 4362  -1
   11211    1013 4942 1046  -1
   11212    333 1524 5720  -1
   11213    414 3485 4046  -1
   11214    1846 4990 6288  -1
   11215    1118 3925 1846  -1
   11216    5764 400 5087  -1
   11217    1118 1846 6288  -1
   11218    1118 3080 3925  -1
   11219    1118 6288 427  -1
   11220    635 3346 2523  -1
   11221    5507 6954 6504  -1
   11222    6954 3146 6504  -1
   11223    2452 4183 1921  -1
   11224    1921 315 2452  -1
   11225    315 1921 6954  -1
   11226    6954 5507 315  -1
   11227    737 1833 4421  -1
   11228    4421 1833 3771  -1
   11229    6472 4223 202  -1
   11230    4407 2755 6503  -1
   11231    1987 6253 3641  -1
   11232    6609 2648 3025  -1
   11233    3025 6607 6609  -1
   11234    2087 5893 3469  -1
   11235    3168 5109 1220  -1
   11236    1847 5141 1335  -1
   11237    3504 6828 1903  -1
   11238    6224 635 2527  -1
   11239    1220 5892 5893  -1
   11240    3168 1220 5893  -1
   11241    6506 3502 6505  -1
   11242    5238 986 6585  -1
   11243    4123 833 423  -1
   11244    5362 6855 1632  -1
   11245    5315 5007 1067  -1
   11246    2683 4030 2075  -1
   11247    5936 5659 4030  -1
   11248    702 5239 6611  -1
   11249    4961 104 2253  -1
   11250    3074 1171 2497  -1
   11251    4231 6568 396  -1
   11252    5257 832 3270  -1
   11253    5822 566 3729  -1
   11254    566 5822 5754  -1
   11255    4257 376 6057  -1
   11256    4257 6057 2425  -1
   11257    2425 832 5755  -1
   11258    5755 832 5257  -1
   11259    2875 4784 4785  -1
   11260    2594 5535 5284  -1
   11261    6817 3924 188  -1
   11262    825 3311 2592  -1
   11263    72 3043 4773  -1
   11264    5350 6297 2958  -1
   11265    3828 2762 5940  -1
   11266    741 1809 4444  -1
   11267    4219 6870 325  -1
   11268    4381 507 1584  -1
   11269    2450 5808 3420  -1
   11270    2746 591 3633  -1
   11271    6465 1096 1091  -1
   11272    1584 6883 4381  -1
   11273    5747 4528 1103  -1
   11274    4759 1839 129  -1
   11275    3939 6122 1666  -1
   11276    4465 2670 460  -1
   11277    5448 6035 4560  -1
   11278    2107 2749 1659  -1
   11279    4610 1022 2107  -1
   11280    3844 1796 2568  -1
   11281    4435 4235 3297  -1
   11282    4096 6016 4316  -1
   11283    3416 565 654  -1
   11284    698 4853 3003  -1
   11285    294 4507 4897  -1
   11286    5650 5735 2047  -1
   11287    5890 880 881  -1
   11288    4923 3124 2691  -1
   11289    4046 3485 6184  -1
   11290    5043 4046 6184  -1
   11291    4356 67 5287  -1
   11292    2901 105 1713  -1
   11293    6391 1829 1080  -1
   11294    1829 5040 2691  -1
   11295    1829 2691 1080  -1
   11296    3216 5844 4161  -1
   11297    3004 4625 5888  -1
   11298    551 3263 3262  -1
   11299    4064 1305 4237  -1
   11300    954 5468 4846  -1
   11301    1904 5538 64  -1
   11302    448 2268 5611  -1
   11303    4970 6908 3166  -1
   11304    3166 560 4970  -1
   11305    1816 1360 83  -1
   11306    1816 4481 1360  -1
   11307    6395 3358 83  -1
   11308    4707 5935 3930  -1
   11309    546 4964 4965  -1
   11310    1865 1530 5474  -1
   11311    714 5955 4251  -1
   11312    2204 1214 613  -1
   11313    4789 989 2854  -1
   11314    5731 3825 5070  -1
   11315    4392 4391 1914  -1
   11316    6128 2697 4394  -1
   11317    6282 1324 6235  -1
   11318    4394 2697 6129  -1
   11319    4394 3834 2644  -1
   11320    17 5828 4714  -1
   11321    2351 6039 608  -1
   11322    5828 4216 6132  -1
   11323    1957 5136 1513  -1
   11324    4165 1957 1513  -1
   11325    5018 3108 5760  -1
   11326    5760 2137 5018  -1
   11327    3150 5170 99  -1
   11328    5295 2052 3688  -1
   11329    6207 5170 3150  -1
   11330    2653 4174 5840  -1
   11331    2128 4085 6190  -1
   11332    6865 6204 3497  -1
   11333    3889 5165 819  -1
   11334    819 6312 3889  -1
   11335    925 1427 5699  -1
   11336    5699 6736 1728  -1
   11337    1728 925 5699  -1
   11338    5096 4205 6188  -1
   11339    5096 6188 1479  -1
   11340    6852 2911 4278  -1
   11341    1810 5759 417  -1
   11342    4963 4964 2320  -1
   11343    1983 2912 5642  -1
   11344    6707 4719 5795  -1
   11345    5795 4813 6707  -1
   11346    4813 5795 1182  -1
   11347    1664 61 3993  -1
   11348    52 2627 4952  -1
   11349    902 3356 1868  -1
   11350    4105 215 4684  -1
   11351    3363 4130 5155  -1
   11352    811 6426 2380  -1
   11353    4225 1110 5756  -1
   11354    3390 1288 4686  -1
   11355    4213 391 4212  -1
   11356    2896 451 3474  -1
   11357    1464 5314 2215  -1
   11358    4681 5314 1464  -1
   11359    1464 6488 4681  -1
   11360    6735 5254 4681  -1
   11361    946 2611 1654  -1
   11362    1654 3429 946  -1
   11363    221 1715 3152  -1
   11364    6054 2026 451  -1
   11365    3153 5817 221  -1
   11366    1715 5250 4112  -1
   11367    1715 3605 5250  -1
   11368    5470 1580 5694  -1
   11369    5694 3152 5470  -1
   11370    6918 1622 6518  -1
   11371    4473 863 6158  -1
   11372    4825 4263 324  -1
   11373    1452 683 1269  -1
   11374    2820 683 1452  -1
   11375    4494 6688 6627  -1
   11376    1000 6688 4494  -1
   11377    6295 1079 4702  -1
   11378    1423 2381 3878  -1
   11379    2453 2779 1614  -1
   11380    4383 830 3665  -1
   11381    3665 830 3895  -1
   11382    5467 3895 30  -1
   11383    2785 2002 3666  -1
   11384    3666 3665 2785  -1
   11385    1151 5786 3064  -1
   11386    400 4035 1412  -1
   11387    5175 442 4342  -1
   11388    6928 4347 1549  -1
   11389    1587 5692 1741  -1
   11390    1741 6475 1587  -1
   11391    5758 3113 4570  -1
   11392    721 2414 5687  -1
   11393    5687 4906 721  -1
   11394    353 1115 1285  -1
   11395    2055 2543 5250  -1
   11396    5250 475 2055  -1
   11397    412 2516 4202  -1
   11398    5719 5059 1019  -1
   11399    3511 6130 6570  -1
   11400    3933 6603 5077  -1
   11401    2158 1227 3818  -1
   11402    864 3150 455  -1
   11403    4701 1939 757  -1
   11404    6751 455 5564  -1
   11405    1277 1611 1278  -1
   11406    4989 1277 1278  -1
   11407    6327 4164 382  -1
   11408    5548 4164 6966  -1
   11409    2293 2638 1044  -1
   11410    4973 1524 333  -1
   11411    1680 4121 3530  -1
   11412    3068 5159 4066  -1
   11413    2854 165 4789  -1
   11414    3241 4731 1749  -1
   11415    2304 1144 3827  -1
   11416    4718 924 1736  -1
   11417    6719 4731 3241  -1
   11418    3986 6945 6405  -1
   11419    53 4479 3623  -1
   11420    4401 5098 1858  -1
   11421    6663 5551 1675  -1
   11422    4773 4599 5369  -1
   11423    3587 4245 5581  -1
   11424    2561 4137 5877  -1
   11425    2561 1541 4137  -1
   11426    4773 5369 660  -1
   11427    1968 1712 3719  -1
   11428    2824 178 5445  -1
   11429    13 3376 2196  -1
   11430    3029 4779 5862  -1
   11431    2332 2333 4054  -1
   11432    5554 2323 6233  -1
   11433    5412 5372 3200  -1
   11434    4054 2311 641  -1
   11435    4926 88 4198  -1
   11436    1666 5156 458  -1
   11437    6392 2204 613  -1
   11438    5710 2977 3254  -1
   11439    2638 4060 1500  -1
   11440    4144 2177 4810  -1
   11441    4810 2177 4811  -1
   11442    5518 1548 4903  -1
   11443    5518 2385 1548  -1
   11444    5826 187 3038  -1
   11445    4081 3172 5013  -1
   11446    5064 1654 1048  -1
   11447    2611 5709 485  -1
   11448    4218 3266 932  -1
   11449    3591 2506 5329  -1
   11450    5329 1638 3679  -1
   11451    5704 2992 2347  -1
   11452    4013 1478 6188  -1
   11453    4754 2536 2750  -1
   11454    1535 6549 3156  -1
   11455    6510 3156 999  -1
   11456    168 3037 4519  -1
   11457    4179 77 4180  -1
   11458    4572 4888 4518  -1
   11459    6347 4742 1820  -1
   11460    1250 2692 5256  -1
   11461    5256 2692 4523  -1
   11462    843 2806 4359  -1
   11463    6912 252 3206  -1
   11464    654 2239 4086  -1
   11465    4086 2239 6833  -1
   11466    1157 4912 3869  -1
   11467    1107 1295 2724  -1
   11468    6494 6530 1194  -1
   11469    2640 5735 5650  -1
   11470    3751 2824 2337  -1
   11471    6511 2610 4052  -1
   11472    6372 1391 3879  -1
   11473    5486 4051 2610  -1
   11474    1923 6158 5495  -1
   11475    4194 2387 6179  -1
   11476    6179 2387 6217  -1
   11477    5202 41 1366  -1
   11478    3716 209 437  -1
   11479    2993 4209 609  -1
   11480    798 1709 2262  -1
   11481    2262 1709 2753  -1
   11482    4972 2415 6629  -1
   11483    861 1449 2763  -1
   11484    5168 2980 2135  -1
   11485    3272 1297 2642  -1
   11486    1681 1297 3272  -1
   11487    3651 2693 6443  -1
   11488    1850 2693 3651  -1
   11489    1850 6537 2693  -1
   11490    2485 6146 6813  -1
   11491    4851 2115 2265  -1
   11492    552 2381 5371  -1
   11493    2731 1965 3480  -1
   11494    3531 1602 856  -1
   11495    4934 3104 3531  -1
   11496    439 4913 2024  -1
   11497    4934 3531 2971  -1
   11498    2661 4887 1231  -1
   11499    2019 2020 5042  -1
   11500    3797 1231 312  -1
   11501    2661 1231 3797  -1
   11502    2265 3418 5836  -1
   11503    1013 1046 2552  -1
   11504    887 323 2963  -1
   11505    4978 2721 6155  -1
   11506    4978 6154 2721  -1
   11507    2869 736 3672  -1
   11508    6095 2884 1558  -1
   11509    5047 4594 2850  -1
   11510    411 6648 1056  -1
   11511    2008 3917 4063  -1
   11512    6384 6904 4242  -1
   11513    384 6904 6384  -1
   11514    1712 2855 2612  -1
   11515    5608 4888 874  -1
   11516    6455 2314 3068  -1
   11517    3068 626 6455  -1
   11518    4485 6545 985  -1
   11519    5669 1033 5111  -1
   11520    3850 6626 2762  -1
   11521    3850 2762 5685  -1
   11522    5807 4717 1839  -1
   11523    1652 3342 5557  -1
   11524    5932 3342 2998  -1
   11525    2690 6686 4825  -1
   11526    5761 1247 365  -1
   11527    9 2386 5582  -1
   11528    4495 3816 2694  -1
   11529    2438 2986 2988  -1
   11530    1883 1258 945  -1
   11531    6436 1643 2830  -1
   11532    5365 3941 1678  -1
   11533    4485 3192 6382  -1
   11534    1313 6130 3511  -1
   11535    6425 1326 4593  -1
   11536    2441 3697 6864  -1
   11537    1195 357 3894  -1
   11538    579 4976 5150  -1
   11539    5691 3711 4856  -1
   11540    811 31 4837  -1
   11541    2444 2268 448  -1
   11542    6843 5400 3174  -1
   11543    1220 5109 6419  -1
   11544    6061 138 2369  -1
   11545    5249 1422 873  -1
   11546    2219 6600 4767  -1
   11547    2219 2356 5240  -1
   11548    3692 5718 2122  -1
   11549    1828 5216 4790  -1
   11550    1167 6943 2142  -1
   11551    6587 474 6937  -1
   11552    3675 15 836  -1
   11553    836 1900 3675  -1
   11554    5922 2448 3967  -1
   11555    5239 2795 6611  -1
   11556    5863 2065 3487  -1
   11557    5998 2663 1661  -1
   11558    4746 3190 6837  -1
   11559    6911 3161 2082  -1
   11560    5758 4569 519  -1
   11561    6884 1738 331  -1
   11562    5069 3177 3267  -1
   11563    6159 2539 5094  -1
   11564    3648 6013 5858  -1
   11565    5407 3647 5124  -1
   11566    4101 5525 5981  -1
   11567    1806 411 4664  -1
   11568    3200 755 3269  -1
   11569    6095 6554 2884  -1
   11570    1558 4085 6095  -1
   11571    3780 2586 671  -1
   11572    3780 671 438  -1
   11573    6028 3587 4425  -1
   11574    4425 438 671  -1
   11575    3697 2480 127  -1
   11576    2612 2855 1493  -1
   11577    2855 1712 1968  -1
   11578    3886 4078 5706  -1
   11579    1052 4078 3886  -1
   11580    6102 2635 329  -1
   11581    4265 3350 2838  -1
   11582    3762 5225 6720  -1
   11583    3939 342 2361  -1
   11584    2361 6122 3939  -1
   11585    3882 4619 4942  -1
   11586    4942 2045 3882  -1
   11587    101 6084 2418  -1
   11588    1595 2616 6268  -1
   11589    4308 5453 2613  -1
   11590    6041 1897 404  -1
   11591    404 4100 6041  -1
   11592    1837 4866 4134  -1
   11593    3258 3938 524  -1
   11594    387 1591 2481  -1
   11595    387 2481 6083  -1
   11596    6289 2890 4419  -1
   11597    211 2890 6289  -1
   11598    3453 6061 2369  -1
   11599    3788 2210 3731  -1
   11600    3731 4539 3788  -1
   11601    4261 2741 5639  -1
   11602    2509 6045 4656  -1
   11603    1540 3426 331  -1
   11604    1887 3426 1540  -1
   11605    161 6420 4160  -1
   11606    6588 161 1217  -1
   11607    6588 3284 161  -1
   11608    1886 4080 6752  -1
   11609    5088 923 3221  -1
   11610    3635 5142 6903  -1
   11611    3335 1682 2802  -1
   11612    1014 4924 6352  -1
   11613    6609 6607 2070  -1
   11614    4896 172 1398  -1
   11615    172 2976 1398  -1
   11616    4136 278 2927  -1
   11617    4896 5152 172  -1
   11618    825 3253 2587  -1
   11619    2687 430 3526  -1
   11620    2551 5900 5802  -1
   11621    1254 3573 4750  -1
   11622    4750 265 1254  -1
   11623    2234 4756 4399  -1
   11624    4440 4528 2493  -1
   11625    4652 2569 846  -1
   11626    5213 2834 6646  -1
   11627    5212 3151 704  -1
   11628    1101 2202 5827  -1
   11629    6678 1527 31  -1
   11630    3861 589 4794  -1
   11631    341 4326 2001  -1
   11632    633 1252 5989  -1
   11633    3300 506 6124  -1
   11634    4568 2085 4567  -1
   11635    5332 5579 6799  -1
   11636    3186 5781 5846  -1
   11637    1865 6197 1530  -1
   11638    3729 1898 5187  -1
   11639    782 3914 3009  -1
   11640    3785 1530 6080  -1
   11641    532 3467 2603  -1
   11642    532 6826 3467  -1
   11643    6219 4591 3646  -1
   11644    3366 3646 898  -1
   11645    1183 3626 2791  -1
   11646    2535 4379 1354  -1
   11647    4851 6238 4850  -1
   11648    1092 3996 4802  -1
   11649    2305 5828 6132  -1
   11650    2108 2908 6221  -1
   11651    5751 2008 4007  -1
   11652    4100 4657 2595  -1
   11653    2000 4326 6113  -1
   11654    6113 341 5494  -1
   11655    3589 2299 6411  -1
   11656    6953 5871 2841  -1
   11657    5290 6390 734  -1
   11658    932 3266 2431  -1
   11659    4895 889 1347  -1
   11660    17 3220 2517  -1
   11661    1700 6246 2181  -1
   11662    3583 6478 2176  -1
   11663    3716 689 3041  -1
   11664    4789 165 912  -1
   11665    4230 1979 5965  -1
   11666    2869 67 736  -1
   11667    670 1004 3571  -1
   11668    5571 4164 6327  -1
   11669    6903 2229 410  -1
   11670    786 410 3932  -1
   11671    5672 454 6514  -1
   11672    1783 2800 4433  -1
   11673    778 4657 3880  -1
   11674    6529 5373 3114  -1
   11675    6707 3114 2457  -1
   11676    3786 332 6702  -1
   11677    3334 762 3866  -1
   11678    3151 2646 3430  -1
   11679    4099 2108 6221  -1
   11680    4053 6309 377  -1
   11681    3098 2908 2108  -1
   11682    645 2528 3304  -1
   11683    1181 5226 3569  -1
   11684    5300 847 6079  -1
   11685    1637 536 5798  -1
   11686    5798 3393 1637  -1
   11687    5736 998 6593  -1
   11688    2141 998 5736  -1
   11689    3875 3874 5119  -1
   11690    760 3018 4388  -1
   11691    5058 3713 4536  -1
   11692    5373 4040 95  -1
   11693    706 4378 2228  -1
   11694    1521 4378 706  -1
   11695    2987 5523 4378  -1
   11696    4857 6359 5389  -1
   11697    4857 493 6359  -1
   11698    4875 1461 658  -1
   11699    6148 6564 4447  -1
   11700    2336 1799 480  -1
   11701    241 3640 1873  -1
   11702    1254 3382 6082  -1
   11703    5201 3920 5653  -1
   11704    705 4249 3970  -1
   11705    1616 4215 4491  -1
   11706    1470 5014 2545  -1
   11707    2545 5823 1470  -1
   11708    285 5438 3872  -1
   11709    2738 3722 2017  -1
   11710    164 2096 2520  -1
   11711    1114 2821 2623  -1
   11712    1888 208 5097  -1
   11713    1197 6745 3808  -1
   11714    1197 4247 6745  -1
   11715    3470 211 697  -1
   11716    6885 1721 6086  -1
   11717    4163 3469 5891  -1
   11718    5386 4247 1197  -1
   11719    697 3469 4163  -1
   11720    4725 4608 697  -1
   11721    3885 2949 2950  -1
   11722    1148 2883 2882  -1
   11723    2977 6688 6965  -1
   11724    6643 1166 5558  -1
   11725    2957 5512 5513  -1
   11726    3177 6556 1723  -1
   11727    5981 5525 1682  -1
   11728    5558 4563 6643  -1
   11729    2943 4856 1216  -1
   11730    4627 957 1983  -1
   11731    1182 5795 957  -1
   11732    3543 5829 2634  -1
   11733    4628 1983 5642  -1
   11734    4857 6851 2559  -1
   11735    3688 5406 1884  -1
   11736    766 2277 3049  -1
   11737    488 5292 5015  -1
   11738    6333 3295 1084  -1
   11739    842 1534 4865  -1
   11740    1335 4017 2878  -1
   11741    6644 815 2574  -1
   11742    5357 1914 3632  -1
   11743    2536 144 2750  -1
   11744    3835 5498 1312  -1
   11745    5498 904 5455  -1
   11746    4873 3517 1904  -1
   11747    6704 2188 2662  -1
   11748    3210 3209 5895  -1
   11749    6448 6449 2286  -1
   11750    3290 6782 5510  -1
   11751    6172 2231 5386  -1
   11752    2668 5834 2667  -1
   11753    298 5835 2667  -1
   11754    5834 298 2667  -1
   11755    6188 6189 4013  -1
   11756    3200 69 2125  -1
   11757    5141 4017 1335  -1
   11758    1335 2878 2879  -1
   11759    1327 5038 3340  -1
   11760    3340 2175 1327  -1
   11761    22 3477 4687  -1
   11762    2793 978 22  -1
   11763    5354 1935 4776  -1
   11764    6233 2645 5554  -1
   11765    913 5367 5046  -1
   11766    4091 2645 1289  -1
   11767    5554 2645 4000  -1
   11768    6160 1917 5502  -1
   11769    5256 3715 2513  -1
   11770    2845 2988 6725  -1
   11771    1705 1080 5370  -1
   11772    3963 4441 2365  -1
   11773    5468 3888 4846  -1
   11774    954 2633 5468  -1
   11775    4488 2678 1653  -1
   11776    5267 2875 1317  -1
   11777    73 6535 5181  -1
   11778    1082 3567 5241  -1
   11779    1881 3567 1082  -1
   11780    1926 4955 1623  -1
   11781    1926 682 4955  -1
   11782    4955 682 2546  -1
   11783    1926 1623 1082  -1
   11784    1082 5241 1926  -1
   11785    4085 2885 6095  -1
   11786    5766 4482 6305  -1
   11787    4220 491 6544  -1
   11788    4828 2006 758  -1
   11789    1316 5387 3277  -1
   11790    2996 3517 1955  -1
   11791    1955 5308 2996  -1
   11792    5098 1022 4610  -1
   11793    3898 4610 53  -1
   11794    53 4610 2107  -1
   11795    4237 6102 4064  -1
   11796    4010 2391 3411  -1
   11797    539 5484 649  -1
   11798    6741 4430 1175  -1
   11799    6408 5777 4079  -1
   11800    1426 318 2654  -1
   11801    854 6712 6019  -1
   11802    2178 731 6058  -1
   11803    6058 2677 2178  -1
   11804    5335 2311 5196  -1
   11805    3302 6074 5306  -1
   11806    4641 1313 6131  -1
   11807    1061 5335 5196  -1
   11808    298 4318 4054  -1
   11809    3988 749 4296  -1
   11810    2227 6075 4220  -1
   11811    4359 2806 2257  -1
   11812    1909 854 6019  -1
   11813    4300 6456 5364  -1
   11814    1318 5612 5613  -1
   11815    438 5691 3780  -1
   11816    6056 2247 3960  -1
   11817    5222 1720 2057  -1
   11818    5222 5238 6585  -1
   11819    5222 550 5238  -1
   11820    1719 550 5222  -1
   11821    1340 5395 3199  -1
   11822    5645 1595 5974  -1
   11823    1114 1714 3841  -1
   11824    4356 2821 5845  -1
   11825    2623 2821 4356  -1
   11826    2073 2424 231  -1
   11827    231 2424 3759  -1
   11828    3305 5063 6955  -1
   11829    2735 1184 1775  -1
   11830    89 1184 2735  -1
   11831    3490 4930 2462  -1
   11832    651 132 1907  -1
   11833    651 2987 3937  -1
   11834    651 5245 2987  -1
   11835    6665 5405 994  -1
   11836    994 5405 2477  -1
   11837    3412 6142 6681  -1
   11838    3074 2370 114  -1
   11839    6852 4278 261  -1
   11840    521 2994 2165  -1
   11841    1656 4051 3333  -1
   11842    3042 5974 6268  -1
   11843    3006 4169 5281  -1
   11844    5167 374 2717  -1
   11845    5167 2717 4233  -1
   11846    4182 3757 4927  -1
   11847    4054 2333 298  -1
   11848    6413 3219 2287  -1
   11849    4303 1876 1565  -1
   11850    2812 5065 4605  -1
   11851    274 1520 6594  -1
   11852    4656 1738 5477  -1
   11853    3824 717 1477  -1
   11854    4262 3843 649  -1
   11855    2118 4157 5818  -1
   11856    2325 6264 6096  -1
   11857    291 5261 4512  -1
   11858    6096 1480 2325  -1
   11859    5031 6255 3387  -1
   11860    6314 6322 4393  -1
   11861    598 3035 5560  -1
   11862    4393 6322 1665  -1
   11863    1902 6993 6126  -1
   11864    5993 6993 1902  -1
   11865    3047 4506 1964  -1
   11866    1964 2420 3047  -1
   11867    1689 4267 6619  -1
   11868    6619 4267 6339  -1
   11869    5466 1689 4265  -1
   11870    5466 4267 1689  -1
   11871    6339 4267 5466  -1
   11872    1689 1817 1106  -1
   11873    5082 2621 3073  -1
   11874    6619 5753 4266  -1
   11875    1429 5762 5633  -1
   11876    2843 6332 210  -1
   11877    1862 5349 6839  -1
   11878    2757 1809 3747  -1
   11879    3235 5349 1862  -1
   11880    4735 6005 3749  -1
   11881    2635 6102 5896  -1
   11882    6248 1438 2675  -1
   11883    6843 3174 5918  -1
   11884    3149 356 5121  -1
   11885    1647 139 3149  -1
   11886    5121 6879 3149  -1
   11887    1647 3149 2752  -1
   11888    6574 6097 141  -1
   11889    141 6097 3026  -1
   11890    6227 3384 5630  -1
   11891    4361 5244 2588  -1
   11892    6856 6559 2060  -1
   11893    5206 642 1699  -1
   11894    5420 5479 337  -1
   11895    2328 344 1138  -1
   11896    2942 4645 2590  -1
   11897    2590 606 2942  -1
   11898    697 2087 3469  -1
   11899    2603 5476 5155  -1
   11900    1583 1159 3769  -1
   11901    3417 6379 2286  -1
   11902    1658 499 5742  -1
   11903    5744 5440 40  -1
   11904    3700 1849 242  -1
   11905    4022 1776 1777  -1
   11906    6776 3384 6227  -1
   11907    1169 1798 29  -1
   11908    1777 1776 6018  -1
   11909    2073 3939 3897  -1
   11910    2073 3897 2424  -1
   11911    5742 1209 3425  -1
   11912    2757 3747 5500  -1
   11913    5069 4073 6591  -1
   11914    130 2985 1236  -1
   11915    3853 2985 5383  -1
   11916    2985 6432 5383  -1
   11917    687 4073 5069  -1
   11918    3238 6809 412  -1
   11919    3238 412 3034  -1
   11920    412 5719 3034  -1
   11921    6790 2581 3318  -1
   11922    4288 270 5807  -1
   11923    2175 5567 1327  -1
   11924    1428 6656 3811  -1
   11925    5942 1260 6843  -1
   11926    2433 1260 5942  -1
   11927    5400 1260 2433  -1
   11928    3709 1073 5419  -1
   11929    2173 5142 3635  -1
   11930    3805 6486 6483  -1
   11931    3720 6528 26  -1
   11932    2940 681 795  -1
   11933    5601 485 1730  -1
   11934    485 5709 1730  -1
   11935    3439 1064 3126  -1
   11936    5069 6591 3177  -1
   11937    3539 1089 4872  -1
   11938    5709 946 3400  -1
   11939    3863 1063 3437  -1
   11940    2032 789 2031  -1
   11941    5021 4796 2541  -1
   11942    5021 547 4796  -1
   11943    3194 4808 1514  -1
   11944    3463 5683 1852  -1
   11945    5679 3863 3437  -1
   11946    987 2062 4417  -1
   11947    1325 2619 4190  -1
   11948    6112 3277 456  -1
   11949    692 2942 4685  -1
   11950    4645 2942 692  -1
   11951    2511 6995 250  -1
   11952    4781 3533 602  -1
   11953    6711 4781 602  -1
   11954    2666 3261 2811  -1
   11955    5611 2268 3529  -1
   11956    1264 826 2984  -1
   11957    3529 2268 5012  -1
   11958    2291 3444 148  -1
   11959    1516 3655 3949  -1
   11960    1516 3949 5041  -1
   11961    222 5893 2087  -1
   11962    6662 2372 5444  -1
   11963    3480 4221 2162  -1
   11964    4556 2540 3608  -1
   11965    5004 5668 3021  -1
   11966    3822 6269 1011  -1
   11967    553 5394 2169  -1
   11968    2464 1572 5740  -1
   11969    5820 4365 4114  -1
   11970    6083 2481 5600  -1
   11971    3362 4365 5820  -1
   11972    4072 1651 3661  -1
   11973    113 2490 5048  -1
   11974    5260 6392 613  -1
   11975    6474 5524 3057  -1
   11976    1221 293 1645  -1
   11977    563 3586 3163  -1
   11978    3656 565 5713  -1
   11979    6670 1166 6643  -1
   11980    3195 6011 6523  -1
   11981    864 1211 2876  -1
   11982    6419 5109 3635  -1
   11983    2095 5537 6116  -1
   11984    4775 2479 966  -1
   11985    1895 4779 3710  -1
   11986    579 3083 84  -1
   11987    1505 4042 2968  -1
   11988    2968 4042 991  -1
   11989    3274 3528 4007  -1
   11990    5474 4181 1865  -1
   11991    84 1468 6724  -1
   11992    6996 3037 4374  -1
   11993    2358 3765 2055  -1
   11994    6724 2205 84  -1
   11995    84 2205 6689  -1
   11996    5108 3169 3168  -1
   11997    1784 277 1950  -1
   11998    1950 5304 4534  -1
   11999    6439 1552 4520  -1
   12000    761 4852 4082  -1
   12001    3182 845 4471  -1
   12002    4782 559 1629  -1
   12003    4019 5330 2841  -1
   12004    2234 5914 3694  -1
   12005    4579 4756 3694  -1
   12006    4324 1310 263  -1
   12007    5677 6827 2020  -1
   12008    4323 4324 263  -1
   12009    263 6065 1461  -1
   12010    6503 2755 6256  -1
   12011    829 5197 6232  -1
   12012    6232 5197 3155  -1
   12013    5197 829 6380  -1
   12014    829 1770 6380  -1
   12015    1073 6934 5419  -1
   12016    81 6984 1099  -1
   12017    5346 5907 330  -1
   12018    6629 3884 5579  -1
   12019    5769 1235 5383  -1
   12020    431 2368 5738  -1
   12021    5252 215 4105  -1
   12022    596 5680 4974  -1
   12023    217 2544 2545  -1
   12024    2544 1071 3419  -1
   12025    3419 1071 1938  -1
   12026    3434 2796 2203  -1
   12027    2697 583 6129  -1
   12028    68 6583 2697  -1
   12029    6583 583 2697  -1
   12030    872 2796 3842  -1
   12031    1713 1395 3209  -1
   12032    1638 1162 2009  -1
   12033    1158 5826 3038  -1
   12034    2150 5585 1468  -1
   12035    3677 5603 5068  -1
   12036    6427 422 2860  -1
   12037    3413 6427 3856  -1
   12038    3956 264 5259  -1
   12039    1341 6284 4529  -1
   12040    4529 3278 6536  -1
   12041    2806 717 6599  -1
   12042    4471 3183 6639  -1
   12043    3503 3183 845  -1
   12044    845 3183 4471  -1
   12045    1135 3183 3503  -1
   12046    5355 3604 3004  -1
   12047    2949 3885 4755  -1
   12048    4956 2079 3989  -1
   12049    2079 873 3989  -1
   12050    5351 1258 4059  -1
   12051    3453 1286 4051  -1
   12052    4051 1656 3453  -1
   12053    1797 3825 1322  -1
   12054    3826 1295 2068  -1
   12055    4393 4098 3391  -1
   12056    6145 3981 6826  -1
   12057    6681 6142 2532  -1
   12058    6971 281 5630  -1
   12059    3384 6971 5630  -1
   12060    1116 6149 3141  -1
   12061    4457 1218 1802  -1
   12062    2574 1538 6939  -1
   12063    6713 3623 535  -1
   12064    2691 3124 5370  -1
   12065    4114 4365 1969  -1
   12066    6007 4365 3362  -1
   12067    5126 1159 2355  -1
   12068    1969 2708 765  -1
   12069    6018 4749 585  -1
   12070    4691 6018 585  -1
   12071    5071 2769 5312  -1
   12072    2965 1000 6493  -1
   12073    5117 580 5547  -1
   12074    2950 2197 3885  -1
   12075    2716 5067 6722  -1
   12076    5135 4563 3942  -1
   12077    4301 4093 1811  -1
   12078    1760 6929 2784  -1
   12079    6411 2299 5944  -1
   12080    6276 4191 1616  -1
   12081    518 229 4451  -1
   12082    229 3017 4451  -1
   12083    5235 3984 4753  -1
   12084    3984 463 4753  -1
   12085    6985 4166 3395  -1
   12086    5857 3043 1002  -1
   12087    6133 323 6985  -1
   12088    3395 6133 6985  -1
   12089    1308 3418 6133  -1
   12090    3706 1308 6133  -1
   12091    6133 3395 3706  -1
   12092    3753 245 6305  -1
   12093    1511 3927 6361  -1
   12094    3362 5820 4502  -1
   12095    569 4797 6774  -1
   12096    5868 5869 2906  -1
   12097    3733 3734 1613  -1
   12098    6767 2887 278  -1
   12099    6828 3504 1093  -1
   12100    2788 6029 252  -1
   12101    3867 4314 5104  -1
   12102    5104 1600 3867  -1
   12103    1088 5036 5724  -1
   12104    3519 1838 6196  -1
   12105    5646 3134 3276  -1
   12106    6299 6298 4450  -1
   12107    1858 5646 4401  -1
   12108    3276 3134 1483  -1
   12109    1858 735 3134  -1
   12110    3134 5646 1858  -1
   12111    396 5860 756  -1
   12112    5860 1368 756  -1
   12113    2442 4606 5523  -1
   12114    4870 2923 5887  -1
   12115    2513 3837 4922  -1
   12116    3957 5090 139  -1
   12117    5948 5574 775  -1
   12118    2555 3508 3957  -1
   12119    4234 368 6378  -1
   12120    3316 1619 169  -1
   12121    511 2497 3630  -1
   12122    3630 2242 511  -1
   12123    917 1553 4239  -1
   12124    259 1553 4584  -1
   12125    259 6797 4239  -1
   12126    3725 3287 5957  -1
   12127    5957 2411 5295  -1
   12128    5957 3287 2411  -1
   12129    5302 3287 3725  -1
   12130    2410 3287 5302  -1
   12131    274 3667 1520  -1
   12132    2112 1072 4833  -1
   12133    2980 5493 1881  -1
   12134    1512 2212 672  -1
   12135    3290 2212 1512  -1
   12136    5165 6546 890  -1
   12137    597 2715 5249  -1
   12138    198 6591 1228  -1
   12139    626 4700 1259  -1
   12140    1938 1071 5766  -1
   12141    4514 2448 907  -1
   12142    907 2448 3355  -1
   12143    249 5736 3283  -1
   12144    6305 245 5766  -1
   12145    52 1811 4094  -1
   12146    5504 4832 1463  -1
   12147    1463 5517 5504  -1
   12148    1843 4212 391  -1
   12149    5877 1373 2561  -1
   12150    1042 2903 6633  -1
   12151    5877 4218 4219  -1
   12152    4219 1373 5877  -1
   12153    4673 4025 2903  -1
   12154    1154 6410 5076  -1
   12155    5744 6360 5440  -1
   12156    1511 6361 6360  -1
   12157    6644 1042 6633  -1
   12158    6644 2575 1042  -1
   12159    6915 4936 5751  -1
   12160    5473 3923 5078  -1
   12161    1328 5951 5471  -1
   12162    1794 2019 3696  -1
   12163    4169 2999 5281  -1
   12164    1860 4187 4065  -1
   12165    4065 3677 1860  -1
   12166    3933 5077 4895  -1
   12167    2913 3840 502  -1
   12168    6222 941 1396  -1
   12169    613 1214 3883  -1
   12170    3883 1214 6582  -1
   12171    3731 2210 66  -1
   12172    3507 5578 6570  -1
   12173    6570 5578 3511  -1
   12174    5294 4672 1580  -1
   12175    1661 2663 5542  -1
   12176    1396 5803 167  -1
   12177    6001 1282 2491  -1
   12178    6625 1490 587  -1
   12179    2138 1742 6429  -1
   12180    5684 2366 6352  -1
   12181    6739 3417 6449  -1
   12182    3759 2424 4879  -1
   12183    3723 201 735  -1
   12184    4049 6956 1412  -1
   12185    3928 6505 5884  -1
   12186    1664 3275 61  -1
   12187    5737 1380 5158  -1
   12188    5158 555 3704  -1
   12189    555 5019 3704  -1
   12190    398 4595 3333  -1
   12191    5158 2313 555  -1
   12192    4200 1365 3072  -1
   12193    1365 4200 5001  -1
   12194    638 3072 1365  -1
   12195    3038 6469 1158  -1
   12196    5941 4422 4527  -1
   12197    1737 2093 4713  -1
   12198    3313 6142 3412  -1
   12199    1134 1158 5086  -1
   12200    3260 1494 4055  -1
   12201    5037 4055 390  -1
   12202    4211 1075 5306  -1
   12203    5992 652 2067  -1
   12204    6745 4247 1896  -1
   12205    4247 3890 1896  -1
   12206    2230 5386 1197  -1
   12207    6423 3072 2074  -1
   12208    4200 3072 6423  -1
   12209    1549 6564 6928  -1
   12210    5128 4088 5428  -1
   12211    4605 5065 905  -1
   12212    1826 3555 4012  -1
   12213    1320 6016 1637  -1
   12214    638 1365 5  -1
   12215    5 4474 3340  -1
   12216    3066 1976 101  -1
   12217    5782 4603 6757  -1
   12218    6084 4603 4121  -1
   12219    4121 4603 5782  -1
   12220    1320 3393 182  -1
   12221    6094 6478 3583  -1
   12222    1560 96 3103  -1
   12223    2057 3961 108  -1
   12224    455 3865 5564  -1
   12225    5832 5833 2947  -1
   12226    6413 3239 472  -1
   12227    2939 4835 6663  -1
   12228    2432 472 3239  -1
   12229    3239 574 2432  -1
   12230    6834 3998 5487  -1
   12231    5487 133 6834  -1
   12232    2401 4610 3898  -1
   12233    4190 2619 5327  -1
   12234    1937 3411 100  -1
   12235    4992 1937 100  -1
   12236    824 5020 6527  -1
   12237    3297 4235 2766  -1
   12238    2414 5227 1181  -1
   12239    929 6380 6277  -1
   12240    1415 4688 4348  -1
   12241    3349 2414 3569  -1
   12242    2391 1483 5211  -1
   12243    3594 5031 2518  -1
   12244    3626 583 824  -1
   12245    2391 6112 3276  -1
   12246    4010 6112 2391  -1
   12247    2820 4333 231  -1
   12248    2820 231 5280  -1
   12249    231 4333 2073  -1
   12250    4092 3115 4612  -1
   12251    4532 1178 337  -1
   12252    5214 1023 5537  -1
   12253    5537 1023 6116  -1
   12254    6827 4598 3484  -1
   12255    6548 633 3510  -1
   12256    6548 2619 5797  -1
   12257    5797 1288 6157  -1
   12258    4607 2284 6225  -1
   12259    6945 897 6405  -1
   12260    3349 6742 2180  -1
   12261    6916 5451 4118  -1
   12262    2301 413 3228  -1
   12263    5348 2301 3228  -1
   12264    3974 987 4417  -1
   12265    3923 1836 2742  -1
   12266    4464 1026 624  -1
   12267    3790 985 3710  -1
   12268    5631 4663 3501  -1
   12269    3632 4391 744  -1
   12270    3966 5866 5865  -1
   12271    5865 5866 1141  -1
   12272    1751 2881 943  -1
   12273    5267 5734 758  -1
   12274    6346 2392 150  -1
   12275    5944 1099 6411  -1
   12276    2599 4432 197  -1
   12277    6483 1825 380  -1
   12278    5146 3805 6483  -1
   12279    5797 6157 5321  -1
   12280    3558 5270 1652  -1
   12281    5177 727 1627  -1
   12282    6219 3646 1363  -1
   12283    6763 3944 6980  -1
   12284    1363 2214 6219  -1
   12285    6055 2284 4607  -1
   12286    6063 3944 6763  -1
   12287    480 4397 1609  -1
   12288    6156 5283 186  -1
   12289    17 4714 3220  -1
   12290    613 3883 5260  -1
   12291    945 2803 4079  -1
   12292    672 6439 4520  -1
   12293    2356 3499 3158  -1
   12294    3158 3770 2356  -1
   12295    234 3800 1012  -1
   12296    2122 3678 584  -1
   12297    4409 3678 1537  -1
   12298    1450 2216 6325  -1
   12299    1405 5137 6283  -1
   12300    6000 2428 3082  -1
   12301    1659 4479 2107  -1
   12302    4723 6607 6959  -1
   12303    6637 895 4426  -1
   12304    860 2341 5960  -1
   12305    5988 6963 2827  -1
   12306    5988 2827 3804  -1
   12307    780 6963 5236  -1
   12308    6336 1603 6693  -1
   12309    5612 1792 5613  -1
   12310    5516 1792 3652  -1
   12311    645 6343 3870  -1
   12312    6343 5727 164  -1
   12313    164 5727 6101  -1
   12314    6312 3662 510  -1
   12315    6212 5727 4627  -1
   12316    4908 5793 504  -1
   12317    2003 6351 5055  -1
   12318    1866 2922 4208  -1
   12319    1902 6768 895  -1
   12320    3218 5628 1237  -1
   12321    6833 3218 342  -1
   12322    3884 2003 5851  -1
   12323    1190 5743 698  -1
   12324    1117 2737 3306  -1
   12325    5064 368 1654  -1
   12326    2423 4204 1146  -1
   12327    3180 668 2698  -1
   12328    2250 1613 3079  -1
   12329    1194 6530 807  -1
   12330    807 6530 2915  -1
   12331    6530 152 2915  -1
   12332    31 6243 4837  -1
   12333    5110 1566 5669  -1
   12334    1993 270 5009  -1
   12335    5883 5034 450  -1
   12336    1211 2877 5279  -1
   12337    2353 4265 2838  -1
   12338    6263 1267 1268  -1
   12339    6721 3598 1267  -1
   12340    1267 6263 6721  -1
   12341    5656 4771 2817  -1
   12342    4459 1166 6670  -1
   12343    6807 6945 2783  -1
   12344    6404 897 5583  -1
   12345    5749 6807 1446  -1
   12346    2488 5810 5809  -1
   12347    4467 6563 2486  -1
   12348    3 2468 894  -1
   12349    3508 356 5090  -1
   12350    4660 356 3508  -1
   12351    2731 1319 1965  -1
   12352    6010 1841 6009  -1
   12353    2369 4709 388  -1
   12354    4654 4977 4463  -1
   12355    387 1841 2469  -1
   12356    6009 1841 387  -1
   12357    5127 2802 5126  -1
   12358    1071 2892 5766  -1
   12359    5652 5073 2076  -1
   12360    2076 5073 6076  -1
   12361    3881 6041 4772  -1
   12362    5766 245 1938  -1
   12363    245 4312 1938  -1
   12364    3913 5760 75  -1
   12365    6752 4080 2521  -1
   12366    6070 5136 3105  -1
   12367    5070 1108 4122  -1
   12368    2934 4490 4194  -1
   12369    3510 4949 6548  -1
   12370    6548 4949 5327  -1
   12371    5537 2888 5214  -1
   12372    4499 299 4500  -1
   12373    1176 3984 5235  -1
   12374    5235 299 1176  -1
   12375    2286 6379 290  -1
   12376    3826 2068 3825  -1
   12377    290 6379 4565  -1
   12378    3727 1507 2989  -1
   12379    2380 6426 3727  -1
   12380    3056 839 591  -1
   12381    2449 4727 940  -1
   12382    844 1903 1241  -1
   12383    1892 2669 800  -1
   12384    3187 3874 1754  -1
   12385    1754 2192 3187  -1
   12386    1892 3874 3187  -1
   12387    3187 2669 1892  -1
   12388    6943 3875 5119  -1
   12389    5061 2911 6852  -1
   12390    1864 5773 3169  -1
   12391    16 6762 5654  -1
   12392    3743 6110 5400  -1
   12393    476 1915 5005  -1
   12394    5400 6110 2866  -1
   12395    5655 1090 5654  -1
   12396    2433 3743 5400  -1
   12397    612 4961 1795  -1
   12398    612 1795 5771  -1
   12399    4677 6897 2318  -1
   12400    2318 4676 4677  -1
   12401    2830 4921 495  -1
   12402    4653 959 6515  -1
   12403    1601 3660 2504  -1
   12404    1161 2738 3291  -1
   12405    3758 4927 849  -1
   12406    1332 3288 5302  -1
   12407    4209 3288 1332  -1
   12408    2955 2956 6783  -1
   12409    2956 607 6783  -1
   12410    6674 21 2955  -1
   12411    2956 4831 973  -1
   12412    2956 21 4831  -1
   12413    814 4914 4025  -1
   12414    3542 5506 1457  -1
   12415    4793 5506 3542  -1
   12416    4812 2078 612  -1
   12417    6336 2806 1603  -1
   12418    1477 2806 6336  -1
   12419    1477 717 2806  -1
   12420    1412 4035 4048  -1
   12421    2904 3015 950  -1
   12422    1696 5044 6650  -1
   12423    3567 1281 5241  -1
   12424    4245 2182 5581  -1
   12425    6011 1200 6523  -1
   12426    1739 749 3988  -1
   12427    5327 4949 593  -1
   12428    1412 2559 4049  -1
   12429    5056 4168 1378  -1
   12430    572 978 2167  -1
   12431    370 2678 4488  -1
   12432    976 4887 1658  -1
   12433    6863 5361 5362  -1
   12434    5362 5361 3737  -1
   12435    6863 2083 4820  -1
   12436    2263 4101 11  -1
   12437    3306 1346 6067  -1
   12438    2737 1346 3306  -1
   12439    1043 4735 2290  -1
   12440    6005 4900 3749  -1
   12441    5623 2317 1144  -1
   12442    6285 1371 3817  -1
   12443    1658 4887 4886  -1
   12444    5942 6418 2433  -1
   12445    97 5942 4243  -1
   12446    4885 976 3088  -1
   12447    4206 5831 5456  -1
   12448    4206 5456 1443  -1
   12449    3163 3586 5813  -1
   12450    5363 1678 2217  -1
   12451    3333 4595 2402  -1
   12452    1748 5265 3758  -1
   12453    6584 3331 1337  -1
   12454    6211 2982 160  -1
   12455    913 2982 5367  -1
   12456    5048 2490 3586  -1
   12457    2394 4794 879  -1
   12458    4208 1966 5943  -1
   12459    5943 2898 770  -1
   12460    2981 2470 5614  -1
   12461    4197 1440 3404  -1
   12462    846 3380 4652  -1
   12463    2369 4740 3453  -1
   12464    3453 4740 1286  -1
   12465    2828 1206 166  -1
   12466    1206 2829 166  -1
   12467    3200 2125 5412  -1
   12468    2126 1999 2124  -1
   12469    5198 69 3269  -1
   12470    3269 2964 5198  -1
   12471    3382 5499 278  -1
   12472    6390 4636 4946  -1
   12473    2160 122 4214  -1
   12474    4946 3927 6390  -1
   12475    3213 5208 1774  -1
   12476    538 5364 3008  -1
   12477    4585 3439 4254  -1
   12478    5960 4426 5652  -1
   12479    2076 5960 5652  -1
   12480    1730 5709 3400  -1
   12481    5577 3366 3022  -1
   12482    4948 531 5905  -1
   12483    3310 2859 4038  -1
   12484    6410 6409 889  -1
   12485    889 5077 5076  -1
   12486    3150 5505 455  -1
   12487    5077 889 4895  -1
   12488    11 5253 2263  -1
   12489    2983 4862 1386  -1
   12490    1097 5909 2825  -1
   12491    4678 5454 1323  -1
   12492    3827 3147 1673  -1
   12493    1774 3385 3147  -1
   12494    3147 3827 1774  -1
   12495    1774 3827 1672  -1
   12496    6405 6404 896  -1
   12497    2069 5792 1323  -1
   12498    3685 3650 1323  -1
   12499    1323 3650 2069  -1
   12500    3908 4806 6067  -1
   12501    2480 964 630  -1
   12502    5281 3675 2483  -1
   12503    2483 3006 5281  -1
   12504    288 2483 3048  -1
   12505    3048 4763 288  -1
   12506    5075 6816 893  -1
   12507    5445 6816 4538  -1
   12508    6982 3537 5163  -1
   12509    6447 4014 1683  -1
   12510    4790 177 2684  -1
   12511    2684 2047 4790  -1
   12512    3423 1223 2376  -1
   12513    3423 5812 1223  -1
   12514    6249 2903 2233  -1
   12515    742 6779 6115  -1
   12516    3744 2701 943  -1
   12517    523 5148 2495  -1
   12518    6132 4216 1018  -1
   12519    4638 523 4439  -1
   12520    4439 523 4768  -1
   12521    5381 4768 262  -1
   12522    523 2495 262  -1
   12523    262 4768 523  -1
   12524    282 3298 3823  -1
   12525    6825 762 5920  -1
   12526    3163 5813 4524  -1
   12527    4524 5813 6166  -1
   12528    4829 4687 3477  -1
   12529    6698 4430 6741  -1
   12530    2513 3715 1387  -1
   12531    2513 6987 3837  -1
   12532    2084 5705 2656  -1
   12533    1491 5705 2084  -1
   12534    655 5248 5952  -1
   12535    5130 57 3708  -1
   12536    6429 5248 2138  -1
   12537    5952 5248 6429  -1
   12538    6029 5345 3206  -1
   12539    3202 1589 6215  -1
   12540    4627 1983 4628  -1
   12541    1559 3922 4849  -1
   12542    3304 2528 4627  -1
   12543    4395 2732 3013  -1
   12544    111 6639 4395  -1
   12545    4206 530 5831  -1
   12546    3466 5286 3465  -1
   12547    3465 5701 3466  -1
   12548    3803 6509 736  -1
   12549    6838 4317 5520  -1
   12550    5894 662 3634  -1
   12551    67 6941 736  -1
   12552    1610 4201 1113  -1
   12553    6327 4201 1610  -1
   12554    5338 6871 5021  -1
   12555    770 349 3509  -1
   12556    1444 3257 4487  -1
   12557    2949 5371 886  -1
   12558    5212 6708 3151  -1
   12559    2984 826 4459  -1
   12560    4059 4840 2475  -1
   12561    6214 2147 2503  -1
   12562    6440 1081 2137  -1
   12563    5760 3913 2137  -1
   12564    896 6723 2570  -1
   12565    310 4692 4303  -1
   12566    3331 5135 2496  -1
   12567    2232 515 6172  -1
   12568    3942 1802 514  -1
   12569    6650 5044 4217  -1
   12570    2615 2671 4726  -1
   12571    46 6906 3951  -1
   12572    3951 6906 1791  -1
   12573    5849 6551 3951  -1
   12574    1791 5849 3951  -1
   12575    5944 1870 1099  -1
   12576    4419 2890 3995  -1
   12577    2568 1796 2890  -1
   12578    3995 1496 4419  -1
   12579    197 4432 3313  -1
   12580    5947 6388 6069  -1
   12581    6069 1096 5947  -1
   12582    2546 682 3101  -1
   12583    1091 6069 2458  -1
   12584    4771 1392 2599  -1
   12585    6264 1091 2458  -1
   12586    6788 3295 90  -1
   12587    6788 90 1764  -1
   12588    2694 857 1911  -1
   12589    6687 857 6333  -1
   12590    5951 2156 188  -1
   12591    3659 391 688  -1
   12592    6395 391 4213  -1
   12593    4481 730 1360  -1
   12594    3501 4663 1103  -1
   12595    6582 1214 4619  -1
   12596    388 4740 2369  -1
   12597    388 2935 4740  -1
   12598    4593 1326 3564  -1
   12599    2197 4593 6150  -1
   12600    4593 3564 6150  -1
   12601    4272 357 1195  -1
   12602    5973 225 6803  -1
   12603    1109 3919 4552  -1
   12604    2524 6881 2958  -1
   12605    3360 771 2626  -1
   12606    2626 771 2966  -1
   12607    3056 591 2966  -1
   12608    3277 5387 5997  -1
   12609    3158 3157 2294  -1
   12610    2898 349 770  -1
   12611    5516 18 6761  -1
   12612    6761 4798 5516  -1
   12613    5622 1623 4955  -1
   12614    2137 3913 4188  -1
   12615    1696 5427 5044  -1
   12616    1336 2299 3589  -1
   12617    5692 2299 1336  -1
   12618    3712 4309 709  -1
   12619    3686 3961 1720  -1
   12620    4840 1258 1883  -1
   12621    5208 573 1774  -1
   12622    1060 4028 283  -1
   12623    2994 4873 196  -1
   12624    196 4028 2994  -1
   12625    4028 196 283  -1
   12626    283 196 3252  -1
   12627    4848 3559 6882  -1
   12628    3520 5409 2557  -1
   12629    3520 878 1704  -1
   12630    6580 2028 4853  -1
   12631    3960 1788 2514  -1
   12632    2988 3899 2184  -1
   12633    120 2389 3899  -1
   12634    5818 4162 120  -1
   12635    120 3899 5818  -1
   12636    5818 3899 2118  -1
   12637    752 4196 1234  -1
   12638    823 2702 1849  -1
   12639    5474 199 4181  -1
   12640    4771 5656 1392  -1
   12641    2013 3035 598  -1
   12642    4177 6113 2388  -1
   12643    1932 3795 6342  -1
   12644    23 5218 3795  -1
   12645    23 3795 1932  -1
   12646    2348 6613 128  -1
   12647    5506 5905 2348  -1
   12648    3872 2889 2095  -1
   12649    2889 5537 2095  -1
   12650    1885 5047 867  -1
   12651    3818 1228 2158  -1
   12652    1228 3263 2158  -1
   12653    6293 3009 4808  -1
   12654    6256 2755 3619  -1
   12655    6509 3673 736  -1
   12656    3013 2732 1087  -1
   12657    2788 4029 6029  -1
   12658    1933 3537 4761  -1
   12659    4761 3537 5354  -1
   12660    1875 4503 2556  -1
   12661    5209 2503 4072  -1
   12662    6862 1209 499  -1
   12663    2347 2992 2157  -1
   12664    4483 6323 1062  -1
   12665    1062 2668 4483  -1
   12666    6323 955 2259  -1
   12667    2157 2992 1409  -1
   12668    1366 3956 5202  -1
   12669    2196 3376 2155  -1
   12670    1743 3376 769  -1
   12671    755 6755 4860  -1
   12672    5671 2054 2222  -1
   12673    1199 2127 4769  -1
   12674    2465 540 3933  -1
   12675    3933 3401 2465  -1
   12676    2964 3269 755  -1
   12677    755 4860 2964  -1
   12678    2579 1279 2272  -1
   12679    2750 1334 4842  -1
   12680    3235 2566 6526  -1
   12681    454 4562 6514  -1
   12682    5072 726 2937  -1
   12683    5342 5552 3117  -1
   12684    119 6284 3117  -1
   12685    586 2051 6757  -1
   12686    483 1517 6397  -1
   12687    3117 6284 5342  -1
   12688    2937 726 5552  -1
   12689    726 3117 5552  -1
   12690    1779 6641 5882  -1
   12691    4955 2136 3615  -1
   12692    3615 5622 4955  -1
   12693    919 4188 1886  -1
   12694    5998 4170 2663  -1
   12695    5717 3723 1352  -1
   12696    982 2717 374  -1
   12697    1844 2717 982  -1
   12698    799 6491 1532  -1
   12699    1532 3033 799  -1
   12700    6921 3299 1782  -1
   12701    6921 1782 787  -1
   12702    3248 5147 6269  -1
   12703    6269 3822 3248  -1
   12704    249 2289 5736  -1
   12705    3877 2289 249  -1
   12706    6484 1718 3282  -1
   12707    260 1718 6484  -1
   12708    2500 6398 355  -1
   12709    2811 3191 3811  -1
   12710    6656 2811 3811  -1
   12711    136 1121 6251  -1
   12712    6251 1121 4870  -1
   12713    1469 6572 3201  -1
   12714    3343 5000 870  -1
   12715    912 2973 3483  -1
   12716    131 3401 5561  -1
   12717    4706 5560 131  -1
   12718    2940 795 1509  -1
   12719    4450 6298 65  -1
   12720    4169 288 1487  -1
   12721    3277 5997 456  -1
   12722    3188 456 1660  -1
   12723    2429 4450 65  -1
   12724    6347 4587 109  -1
   12725    6235 809 4587  -1
   12726    109 4742 6347  -1
   12727    4743 4742 109  -1
   12728    109 3590 5472  -1
   12729    109 5472 4743  -1
   12730    3590 109 4587  -1
   12731    5951 6861 3446  -1
   12732    3511 5578 854  -1
   12733    5951 1328 6861  -1
   12734    4853 2028 3003  -1
   12735    3862 4426 2341  -1
   12736    5094 2539 6678  -1
   12737    6202 1413 2778  -1
   12738    6436 2831 1643  -1
   12739    220 3457 6104  -1
   12740    2035 3457 894  -1
   12741    5996 6703 5237  -1
   12742    2211 6703 5996  -1
   12743    6104 3457 2035  -1
   12744    4361 2640 5244  -1
   12745    6882 3559 2435  -1
   12746    2435 3559 4921  -1
   12747    6042 4414 3570  -1
   12748    3782 226 2111  -1
   12749    1049 2869 3830  -1
   12750    4448 1049 3830  -1
   12751    1481 3854 2995  -1
   12752    6306 3356 1491  -1
   12753    6464 3594 4174  -1
   12754    1876 5712 1004  -1
   12755    1017 355 3614  -1
   12756    355 6398 1211  -1
   12757    2053 3112 5460  -1
   12758    3677 2132 5603  -1
   12759    6637 4426 3862  -1
   12760    2341 860 5603  -1
   12761    5603 2132 2341  -1
   12762    2158 3263 4554  -1
   12763    941 2640 4361  -1
   12764    3779 721 2195  -1
   12765    289 4370 3332  -1
   12766    1944 3882 2634  -1
   12767    243 4996 4884  -1
   12768    4361 2588 1396  -1
   12769    5733 5188 6058  -1
   12770    5103 858 146  -1
   12771    3067 4066 858  -1
   12772    6281 1872 1230  -1
   12773    2182 5821 5581  -1
   12774    3409 352 1330  -1
   12775    4958 3702 578  -1
   12776    2676 5188 5733  -1
   12777    6120 4517 5513  -1
   12778    979 6964 5227  -1
   12779    600 2676 3343  -1
   12780    1420 4765 6208  -1
   12781    1916 3757 4182  -1
   12782    1003 2521 2522  -1
   12783    180 2570 2522  -1
   12784    330 3126 5346  -1
   12785    5346 3126 1682  -1
   12786    2964 4860 2143  -1
   12787    3814 2143 246  -1
   12788    1266 4735 3749  -1
   12789    2553 3131 5956  -1
   12790    5875 4580 3392  -1
   12791    1856 5757 4453  -1
   12792    6804 4070 6339  -1
   12793    6997 5777 6382  -1
   12794    6382 5777 1691  -1
   12795    4861 2561 3670  -1
   12796    6780 4864 2181  -1
   12797    3974 2711 6456  -1
   12798    3907 6516 2808  -1
   12799    1407 6923 987  -1
   12800    3251 2110 1247  -1
   12801    1343 466 6691  -1
   12802    3198 466 1343  -1
   12803    6794 4571 2810  -1
   12804    2739 5898 6096  -1
   12805    2642 2066 1449  -1
   12806    3529 2066 2642  -1
   12807    3410 3095 4203  -1
   12808    4203 6820 3410  -1
   12809    1449 2066 2763  -1
   12810    3615 601 5622  -1
   12811    3338 2979 3681  -1
   12812    5168 968 2980  -1
   12813    549 4175 4106  -1
   12814    968 5276 2980  -1
   12815    3910 2551 5802  -1
   12816    5714 2060 3458  -1
   12817    1388 2579 3084  -1
   12818    2579 1388 1279  -1
   12819    3315 2386 2172  -1
   12820    2172 5387 1316  -1
   12821    1316 3315 2172  -1
   12822    5581 5881 3587  -1
   12823    3517 2995 1955  -1
   12824    4336 2076 6076  -1
   12825    916 4441 3963  -1
   12826    6208 1073 1592  -1
   12827    1770 6991 5140  -1
   12828    829 6991 1770  -1
   12829    4618 2830 1643  -1
   12830    779 4618 1643  -1
   12831    4985 3492 4984  -1
   12832    6680 1679 1007  -1
   12833    5566 5915 4643  -1
   12834    5977 408 166  -1
   12835    5984 5977 166  -1
   12836    6554 2885 5022  -1
   12837    5768 3212 996  -1
   12838    6093 1720 5617  -1
   12839    6516 6641 2808  -1
   12840    3988 433 5325  -1
   12841    5317 5118 3110  -1
   12842    4678 3864 5454  -1
   12843    1977 4801 949  -1
   12844    2300 3817 6808  -1
   12845    790 1910 2976  -1
   12846    5679 5678 3863  -1
   12847    1728 2121 4308  -1
   12848    2121 5453 4308  -1
   12849    6187 5239 702  -1
   12850    6451 4594 1601  -1
   12851    5847 3439 471  -1
   12852    4711 1810 4302  -1
   12853    6623 6570 4449  -1
   12854    6178 5667 4095  -1
   12855    1095 4545 1758  -1
   12856    1758 4651 1095  -1
   12857    6447 4599 4773  -1
   12858    3811 1259 1428  -1
   12859    637 5038 1327  -1
   12860    3885 2197 6150  -1
   12861    1168 1764 6007  -1
   12862    5904 6628 3197  -1
   12863    1161 3722 2738  -1
   12864    324 5961 5904  -1
   12865    5961 2733 5904  -1
   12866    5078 5951 188  -1
   12867    5078 3923 2742  -1
   12868    5934 2970 320  -1
   12869    320 2970 2183  -1
   12870    3563 4379 6426  -1
   12871    6426 4379 2535  -1
   12872    5143 1489 3523  -1
   12873    6861 1328 473  -1
   12874    3029 2327 513  -1
   12875    2523 1385 3102  -1
   12876    268 1467 3468  -1
   12877    6625 587 5710  -1
   12878    4135 5973 707  -1
   12879    5350 2479 6297  -1
   12880    5214 3727 434  -1
   12881    1975 3600 2913  -1
   12882    1502 3840 3600  -1
   12883    5205 2625 1190  -1
   12884    2051 5782 6757  -1
   12885    4516 813 289  -1
   12886    4402 3530 2163  -1
   12887    4686 1325 2618  -1
   12888    5109 2173 3635  -1
   12889    1985 5152 982  -1
   12890    5646 456 4401  -1
   12891    4401 456 3188  -1
   12892    3081 1788 6795  -1
   12893    4822 6403 4305  -1
   12894    4822 4305 6714  -1
   12895    3410 6820 3732  -1
   12896    6198 3821 6887  -1
   12897    1985 3817 790  -1
   12898    6745 1896 3808  -1
   12899    1305 4064 5636  -1
   12900    5703 189 6840  -1
   12901    6840 189 6046  -1
   12902    3440 6840 4646  -1
   12903    2866 5703 3440  -1
   12904    1571 772 4646  -1
   12905    3364 5885 1571  -1
   12906    1571 4646 3364  -1
   12907    5369 5514 2924  -1
   12908    2924 3457 3451  -1
   12909    3778 212 1388  -1
   12910    78 6679 6577  -1
   12911    4623 5938 5072  -1
   12912    5613 4798 389  -1
   12913    389 4798 2123  -1
   12914    1318 5613 389  -1
   12915    6743 2123 4797  -1
   12916    6884 331 2921  -1
   12917    939 5429 5153  -1
   12918    1264 5324 5550  -1
   12919    6722 4649 2716  -1
   12920    3190 5914 2234  -1
   12921    3942 4563 1802  -1
   12922    514 2496 3942  -1
   12923    867 5047 5376  -1
   12924    1332 5376 2101  -1
   12925    1094 3144 3143  -1
   12926    3143 274 1094  -1
   12927    274 6594 3903  -1
   12928    1094 274 3903  -1
   12929    3903 6594 6267  -1
   12930    4232 1751 943  -1
   12931    4475 1364 6191  -1
   12932    5515 5253 5501  -1
   12933    6810 4245 6375  -1
   12934    6975 2998 1652  -1
   12935    5780 6804 866  -1
   12936    5224 6250 3862  -1
   12937    2341 5224 3862  -1
   12938    4805 5499 265  -1
   12939    2342 4509 6250  -1
   12940    4805 265 1962  -1
   12941    4429 5895 6448  -1
   12942    4059 1258 4840  -1
   12943    1767 6694 5317  -1
   12944    780 3805 2827  -1
   12945    4794 589 2350  -1
   12946    4149 2555 5573  -1
   12947    5279 3768 2589  -1
   12948    503 3768 5279  -1
   12949    4975 1133 6181  -1
   12950    4517 6105 5513  -1
   12951    3355 4659 3178  -1
   12952    1196 3808 329  -1
   12953    2405 5992 2067  -1
   12954    4458 1787 5489  -1
   12955    1787 778 5489  -1
   12956    4666 1455 6274  -1
   12957    140 2206 4966  -1
   12958    4321 2206 435  -1
   12959    4966 2206 3202  -1
   12960    6471 2297 1431  -1
   12961    5938 6389 40  -1
   12962    4948 1058 2088  -1
   12963    3781 2851 407  -1
   12964    2218 5052 5053  -1
   12965    3879 863 6372  -1
   12966    6160 5502 3386  -1
   12967    2814 4246 3612  -1
   12968    4392 2373 1229  -1
   12969    2814 3612 6301  -1
   12970    3612 4925 6301  -1
   12971    6629 5579 634  -1
   12972    6629 2415 2003  -1
   12973    6629 2003 3884  -1
   12974    5808 4968 3420  -1
   12975    3305 2013 3547  -1
   12976    4706 1393 3547  -1
   12977    3547 598 5560  -1
   12978    5560 4706 3547  -1
   12979    4895 1347 3401  -1
   12980    6579 2814 6301  -1
   12981    3763 478 4020  -1
   12982    4884 6740 3763  -1
   12983    4960 2047 6140  -1
   12984    4976 2680 148  -1
   12985    6908 4970 6155  -1
   12986    2886 3189 1981  -1
   12987    5540 822 2886  -1
   12988    1981 3189 5772  -1
   12989    4543 3189 2886  -1
   12990    2708 6338 1354  -1
   12991    4937 2708 1354  -1
   12992    4379 4937 1354  -1
   12993    3044 1662 1663  -1
   12994    5146 4972 634  -1
   12995    623 1920 3873  -1
   12996    5104 1599 6690  -1
   12997    5104 4314 1599  -1
   12998    6183 2615 4726  -1
   12999    4983 3673 6509  -1
   13000    1439 2877 3220  -1
   13001    1439 3220 2499  -1
   13002    2194 529 3936  -1
   13003    1437 3936 4823  -1
   13004    529 2659 2660  -1
   13005    2660 4823 529  -1
   13006    2961 1537 5718  -1
   13007    3000 775 5532  -1
   13008    3000 5532 5117  -1
   13009    3000 3678 775  -1
   13010    775 3678 4409  -1
   13011    6279 1041 5882  -1
   13012    1141 4408 3286  -1
   13013    5557 4488 1652  -1
   13014    5557 6302 1942  -1
   13015    5590 3592 5060  -1
   13016    5391 3332 2420  -1
   13017    1040 6892 5290  -1
   13018    2942 5637 4685  -1
   13019    6313 4135 3123  -1
   13020    4759 1838 3596  -1
   13021    4433 2800 1838  -1
   13022    5455 904 4606  -1
   13023    1312 5498 5455  -1
   13024    5455 4606 93  -1
   13025    2167 3977 5852  -1
   13026    4858 2465 3918  -1
   13027    1189 5862 3799  -1
   13028    2419 5482 1189  -1
   13029    1189 3799 2419  -1
   13030    2526 276 5539  -1
   13031    6000 6592 2428  -1
   13032    4387 2426 6163  -1
   13033    6630 2426 4387  -1
   13034    3624 6220 6336  -1
   13035    4662 4905 3982  -1
   13036    6348 3433 3434  -1
   13037    5596 1215 4131  -1
   13038    5215 2225 558  -1
   13039    4021 5545 6302  -1
   13040    6946 1988 224  -1
   13041    194 1830 4491  -1
   13042    2687 2686 1798  -1
   13043    6220 3624 304  -1
   13044    3229 4195 1528  -1
   13045    379 4611 2457  -1
   13046    4969 6479 888  -1
   13047    495 6436 2830  -1
   13048    5679 652 5678  -1
   13049    874 4572 1  -1
   13050    874 4888 4572  -1
   13051    1891 4863 3383  -1
   13052    4933 1744 1843  -1
   13053    1016 4212 6023  -1
   13054    1843 1744 4212  -1
   13055    2004 2610 1286  -1
   13056    1349 2531 15  -1
   13057    1215 4563 4131  -1
   13058    5526 557 3519  -1
   13059    5947 5946 6867  -1
   13060    3396 6533 4733  -1
   13061    5947 6867 3784  -1
   13062    984 5053 6541  -1
   13063    6541 5053 3761  -1
   13064    984 2218 5053  -1
   13065    6724 5827 3180  -1
   13066    3180 2698 6724  -1
   13067    5840 1934 4669  -1
   13068    6029 4029 5345  -1
   13069    4669 2732 5840  -1
   13070    5840 2732 383  -1
   13071    5283 1609 4862  -1
   13072    3032 1532 70  -1
   13073    6113 5494 3137  -1
   13074    699 3491 3403  -1
   13075    2752 2010 4083  -1
   13076    380 4972 6483  -1
   13077    3948 2024 12  -1
   13078    3760 5232 1564  -1
   13079    1942 5545 370  -1
   13080    775 5574 3728  -1
   13081    1855 4847 3477  -1
   13082    4826 439 3948  -1
   13083    420 2555 3957  -1
   13084    1669 1364 5713  -1
   13085    6217 2387 6286  -1
   13086    3283 1165 860  -1
   13087    5530 1306 266  -1
   13088    2767 4779 266  -1
   13089    5862 4779 1895  -1
   13090    4807 5262 61  -1
   13091    5880 2723 504  -1
   13092    3211 5772 68  -1
   13093    3749 3831 1266  -1
   13094    3953 2942 606  -1
   13095    1220 6419 5892  -1
   13096    1537 121 5948  -1
   13097    5195 3414 6461  -1
   13098    4639 3975 284  -1
   13099    953 6299 1506  -1
   13100    4413 1084 3295  -1
   13101    2662 5223 6704  -1
   13102    1838 2800 3596  -1
   13103    3139 6505 672  -1
   13104    4613 6987 2700  -1
   13105    500 6987 4613  -1
   13106    2715 6099 1422  -1
   13107    3997 1595 5645  -1
   13108    4647 2616 1595  -1
   13109    6268 2616 3846  -1
   13110    1117 4155 1148  -1
   13111    4167 6839 1648  -1
   13112    2399 6838 5520  -1
   13113    1355 5520 701  -1
   13114    1666 458 956  -1
   13115    5305 3012 6838  -1
   13116    458 3089 3088  -1
   13117    2478 4673 1456  -1
   13118    4746 5914 3190  -1
   13119    2158 5546 1967  -1
   13120    4433 1838 3519  -1
   13121    6127 2584 848  -1
   13122    6127 5275 2584  -1
   13123    4470 5275 6127  -1
   13124    168 1416 3037  -1
   13125    2322 63 5129  -1
   13126    5729 1407 4767  -1
   13127    1407 987 2219  -1
   13128    2074 3072 3557  -1
   13129    3434 1684 2796  -1
   13130    5710 6400 684  -1
   13131    1491 3356 902  -1
   13132    902 2655 1491  -1
   13133    61 5262 3993  -1
   13134    1576 6037 3325  -1
   13135    5785 5164 4069  -1
   13136    5785 3662 5164  -1
   13137    852 3784 6142  -1
   13138    5206 2959 642  -1
   13139    6388 852 4432  -1
   13140    5947 3784 852  -1
   13141    6576 3346 2739  -1
   13142    1384 3346 6801  -1
   13143    6096 2740 2739  -1
   13144    5325 5171 842  -1
   13145    4152 6981 2362  -1
   13146    4152 5865 6981  -1
   13147    2378 2360 3681  -1
   13148    3681 426 2378  -1
   13149    1636 6616 3604  -1
   13150    6616 1636 1476  -1
   13151    5356 3004 3604  -1
   13152    3604 6616 5356  -1
   13153    712 3307 3922  -1
   13154    3437 1063 4592  -1
   13155    5983 334 6772  -1
   13156    4582 334 5983  -1
   13157    1456 4372 2478  -1
   13158    2478 4372 5638  -1
   13159    5510 6782 2105  -1
   13160    6204 3866 2864  -1
   13161    2864 4372 1456  -1
   13162    1527 6243 31  -1
   13163    1473 6674 5765  -1
   13164    4416 5215 558  -1
   13165    3053 3323 2436  -1
   13166    5882 6641 6516  -1
   13167    2574 2575 6644  -1
   13168    5265 6892 1040  -1
   13169    5112 4965 1734  -1
   13170    3283 6296 5874  -1
   13171    4884 2184 6740  -1
   13172    3326 677 2034  -1
   13173    5025 3326 2034  -1
   13174    1089 6159 2889  -1
   13175    6086 6359 2597  -1
   13176    1045 6359 6086  -1
   13177    6359 3935 2597  -1
   13178    561 2729 615  -1
   13179    615 2729 3285  -1
   13180    615 3518 2278  -1
   13181    2278 4238 615  -1
   13182    6831 4940 297  -1
   13183    814 1457 5616  -1
   13184    5691 2584 2586  -1
   13185    3780 5691 2586  -1
   13186    6711 837 4781  -1
   13187    6706 837 6711  -1
   13188    3111 471 2044  -1
   13189    2235 2152 5548  -1
   13190    5548 2152 382  -1
   13191    1005 6236 6503  -1
   13192    2088 531 4948  -1
   13193    5363 2217 182  -1
   13194    4197 3404 1423  -1
   13195    1423 5273 4197  -1
   13196    5419 6934 2713  -1
   13197    608 3973 3938  -1
   13198    1522 1620 524  -1
   13199    3938 1522 524  -1
   13200    4793 3542 1289  -1
   13201    4636 5778 252  -1
   13202    2882 3421 1148  -1
   13203    4498 5520 6671  -1
   13204    6671 5520 1355  -1
   13205    3815 3196 3295  -1
   13206    5531 1939 5497  -1
   13207    3640 2190 1334  -1
   13208    432 6468 6953  -1
   13209    4752 681 2940  -1
   13210    6663 1675 3902  -1
   13211    1150 5551 6663  -1
   13212    597 1426 4345  -1
   13213    4345 4003 597  -1
   13214    5743 1190 1025  -1
   13215    310 3530 4402  -1
   13216    1458 2738 6782  -1
   13217    295 5949 3977  -1
   13218    5852 3977 997  -1
   13219    997 5949 1973  -1
   13220    1973 4102 997  -1
   13221    3223 179 4330  -1
   13222    6736 3223 4330  -1
   13223    1666 6122 5156  -1
   13224    2998 3342 1652  -1
   13225    3596 1839 4759  -1
   13226    1409 4271 5852  -1
   13227    1409 6547 4271  -1
   13228    856 3059 4717  -1
   13229    3342 6302 5557  -1
   13230    2992 6547 1409  -1
   13231    129 1839 3059  -1
   13232    1745 6697 4159  -1
   13233    3957 6697 1745  -1
   13234    1745 420 3957  -1
   13235    6273 1399 234  -1
   13236    3664 4716 6273  -1
   13237    4716 1399 6273  -1
   13238    4084 3800 234  -1
   13239    234 1399 4084  -1
   13240    3392 1648 3050  -1
   13241    3050 38 3392  -1
   13242    6746 5242 2508  -1
   13243    5500 2508 2757  -1
   13244    1006 2757 2508  -1
   13245    1877 5426 4126  -1
   13246    1376 4126 2658  -1
   13247    1376 6723 4126  -1
   13248    3411 6008 4312  -1
   13249    4312 1970 3411  -1
   13250    2182 4093 417  -1
   13251    6920 4093 4244  -1
   13252    4244 4093 6810  -1
   13253    4093 6920 4094  -1
   13254    4094 1811 4093  -1
   13255    6810 4093 2182  -1
   13256    4974 1133 2447  -1
   13257    2581 5585 1102  -1
   13258    6297 3916 2027  -1
   13259    4139 5567 5132  -1
   13260    2027 4135 707  -1
   13261    1410 5163 5983  -1
   13262    6019 3872 2095  -1
   13263    284 3975 4047  -1
   13264    4503 2842 6114  -1
   13265    5082 6626 3850  -1
   13266    4191 4215 1616  -1
   13267    4352 675 1617  -1
   13268    1544 1074 2644  -1
   13269    6282 6235 614  -1
   13270    6282 614 5120  -1
   13271    809 6235 2565  -1
   13272    2565 1324 721  -1
   13273    2195 6282 5120  -1
   13274    5120 2134 2195  -1
   13275    5049 6120 1086  -1
   13276    4517 1726 6914  -1
   13277    4411 5461 5630  -1
   13278    5510 2212 3290  -1
   13279    1565 1876 2418  -1
   13280    3299 4139 5132  -1
   13281    5628 2239 2240  -1
   13282    565 4693 5713  -1
   13283    4960 6140 3096  -1
   13284    3664 6273 6023  -1
   13285    5002 6023 1953  -1
   13286    5280 231 3759  -1
   13287    5351 143 3562  -1
   13288    3796 5429 939  -1
   13289    5989 1252 1550  -1
   13290    290 822 5540  -1
   13291    112 2660 2659  -1
   13292    3948 2364 4826  -1
   13293    3114 5373 95  -1
   13294    6323 801 802  -1
   13295    4864 1700 2181  -1
   13296    4864 4045 1700  -1
   13297    2181 450 6780  -1
   13298    1924 201 5717  -1
   13299    6353 1389 5553  -1
   13300    5695 3356 6306  -1
   13301    2575 1842 6399  -1
   13302    1042 2575 6399  -1
   13303    2396 1496 3995  -1
   13304    263 1461 5930  -1
   13305    944 3896 6153  -1
   13306    1515 4002 5816  -1
   13307    926 4510 6730  -1
   13308    5950 4971 1986  -1
   13309    4677 1337 2077  -1
   13310    1337 6666 2077  -1
   13311    436 3597 5695  -1
   13312    4390 806 4108  -1
   13313    5655 815 2903  -1
   13314    4580 883 6386  -1
   13315    2394 879 3060  -1
   13316    5045 1984 716  -1
   13317    3642 716 6880  -1
   13318    3642 2035 5976  -1
   13319    1858 2401 3723  -1
   13320    4228 2319 1393  -1
   13321    3425 956 976  -1
   13322    1723 4373 3267  -1
   13323    3267 4373 6749  -1
   13324    2103 6963 571  -1
   13325    3804 5987 5988  -1
   13326    5236 6963 87  -1
   13327    87 6963 2103  -1
   13328    4984 611 4985  -1
   13329    823 1849 3700  -1
   13330    5094 5537 2889  -1
   13331    6422 419 2909  -1
   13332    2909 1304 2972  -1
   13333    2888 31 2380  -1
   13334    2909 419 1304  -1
   13335    2035 3577 6104  -1
   13336    5307 6549 1535  -1
   13337    3156 6550 1535  -1
   13338    3317 3917 6958  -1
   13339    3317 4250 3917  -1
   13340    3111 3438 471  -1
   13341    471 3438 5847  -1
   13342    1805 5620 4953  -1
   13343    3250 313 2272  -1
   13344    5224 2342 6250  -1
   13345    2842 3515 4866  -1
   13346    573 3518 615  -1
   13347    2180 3870 6948  -1
   13348    1961 1210 3809  -1
   13349    1961 6888 4428  -1
   13350    2376 3717 4588  -1
   13351    1961 4428 1210  -1
   13352    3920 6449 3629  -1
   13353    5362 1632 2368  -1
   13354    4446 684 5676  -1
   13355    2293 3998 684  -1
   13356    2293 4060 2638  -1
   13357    5676 684 1949  -1
   13358    5710 684 4446  -1
   13359    4122 1108 5131  -1
   13360    1229 2373 834  -1
   13361    4760 2373 4392  -1
   13362    6612 5456 1442  -1
   13363    2772 512 5673  -1
   13364    512 3690 6490  -1
   13365    5810 3690 512  -1
   13366    6283 5137 483  -1
   13367    2761 1517 4076  -1
   13368    3633 2276 1299  -1
   13369    2746 3633 1299  -1
   13370    5297 6760 2550  -1
   13371    4362 3669 372  -1
   13372    1948 4683 6814  -1
   13373    2550 4362 5297  -1
   13374    6206 3910 5901  -1
   13375    4932 761 4082  -1
   13376    5649 761 4932  -1
   13377    4435 3565 20  -1
   13378    4435 1827 4235  -1
   13379    3223 1204 179  -1
   13380    2549 4924 1014  -1
   13381    1014 2365 2549  -1
   13382    2549 4441 6952  -1
   13383    4925 5684 6352  -1
   13384    5347 4090 1221  -1
   13385    6898 3214 6699  -1
   13386    4090 293 1221  -1
   13387    4090 4809 293  -1
   13388    3223 5313 1204  -1
   13389    4915 1797 1322  -1
   13390    4654 4463 5671  -1
   13391    5671 2222 4654  -1
   13392    6999 2597 6087  -1
   13393    3328 2597 6999  -1
   13394    1419 2597 3328  -1
   13395    4026 378 6565  -1
   13396    378 1630 6931  -1
   13397    113 1630 1163  -1
   13398    1630 378 4026  -1
   13399    4026 1163 1630  -1
   13400    4110 6911 5195  -1
   13401    4625 2257 5888  -1
   13402    3168 5893 222  -1
   13403    5356 6653 4625  -1
   13404    5784 3402 2435  -1
   13405    5784 2435 4921  -1
   13406    4726 2671 5404  -1
   13407    5359 1002 4503  -1
   13408    1663 3045 350  -1
   13409    6949 3461 1475  -1
   13410    1122 1945 4653  -1
   13411    501 1951 6030  -1
   13412    6030 2015 501  -1
   13413    5217 1731 2604  -1
   13414    1385 611 4984  -1
   13415    6156 2018 2701  -1
   13416    6062 6378 703  -1
   13417    3430 703 4533  -1
   13418    6378 368 3431  -1
   13419    4876 4002 1556  -1
   13420    3111 2044 3436  -1
   13421    1607 5052 6511  -1
   13422    1665 2630 4393  -1
   13423    1682 5525 2802  -1
   13424    11 4101 5981  -1
   13425    5981 3354 11  -1
   13426    3257 3410 3732  -1
   13427    3432 478 3763  -1
   13428    478 2388 6034  -1
   13429    4915 5374 1797  -1
   13430    3459 2231 6853  -1
   13431    3408 720 437  -1
   13432    917 4239 4240  -1
   13433    5789 4347 230  -1
   13434    230 4347 6928  -1
   13435    4519 6996 3303  -1
   13436    5194 3064 1207  -1
   13437    3064 5786 1207  -1
   13438    1901 3064 5194  -1
   13439    43 5393 4820  -1
   13440    1018 4216 2501  -1
   13441    17 2517 2501  -1
   13442    2501 4216 17  -1
   13443    2478 4025 4673  -1
   13444    5606 4025 2478  -1
   13445    1087 3525 1756  -1
   13446    5135 3330 4131  -1
   13447    6643 4563 1215  -1
   13448    6456 4300 5662  -1
   13449    5364 3941 4300  -1
   13450    6642 1079 2912  -1
   13451    6856 1223 5812  -1
   13452    5812 6559 6856  -1
   13453    1397 4198 4199  -1
   13454    5057 1349 15  -1
   13455    913 5131 1628  -1
   13456    6290 5131 913  -1
   13457    2580 2982 6211  -1
   13458    6211 5879 2580  -1
   13459    1395 6449 6448  -1
   13460    1144 3213 1672  -1
   13461    5402 1632 713  -1
   13462    5338 1018 2501  -1
   13463    54 5173 1492  -1
   13464    1301 5174 595  -1
   13465    3496 1492 1301  -1
   13466    5428 54 1492  -1
   13467    884 6092 1967  -1
   13468    5546 884 1967  -1
   13469    1297 1681 5611  -1
   13470    5927 2238 4689  -1
   13471    5012 2444 1201  -1
   13472    5012 2268 2444  -1
   13473    448 4203 2444  -1
   13474    4203 477 2444  -1
   13475    3638 6940 1238  -1
   13476    70 2211 3032  -1
   13477    3892 1282 6143  -1
   13478    6812 5774 3894  -1
   13479    862 6217 6286  -1
   13480    5851 2003 5055  -1
   13481    6419 4704 2460  -1
   13482    5733 5000 2676  -1
   13483    6058 5188 2677  -1
   13484    2731 578 3178  -1
   13485    3480 578 2731  -1
   13486    2343 1104 2162  -1
   13487    2162 1192 2343  -1
   13488    1938 4312 930  -1
   13489    5950 3472 2428  -1
   13490    437 1180 3408  -1
   13491    5745 4369 4125  -1
   13492    6526 4764 3235  -1
   13493    4770 803 2861  -1
   13494    4770 3506 1054  -1
   13495    3506 2833 1054  -1
   13496    2121 2861 5453  -1
   13497    2121 479 2861  -1
   13498    4079 2918 2330  -1
   13499    3228 413 5991  -1
   13500    6397 2301 5348  -1
   13501    5348 6283 6397  -1
   13502    5062 469 4191  -1
   13503    162 1588 2844  -1
   13504    605 162 2844  -1
   13505    2844 4481 1816  -1
   13506    1734 2264 2967  -1
   13507    2967 2264 1436  -1
   13508    3736 5112 1734  -1
   13509    1734 2967 3736  -1
   13510    3593 3956 1019  -1
   13511    3429 1654 4234  -1
   13512    1376 2522 6723  -1
   13513    1376 1003 2522  -1
   13514    3086 2570 180  -1
   13515    276 2986 4728  -1
   13516    3632 2526 5539  -1
   13517    1139 5781 3742  -1
   13518    4690 2798 5781  -1
   13519    4690 5781 1139  -1
   13520    6715 983 5052  -1
   13521    6397 6283 483  -1
   13522    394 3744 943  -1
   13523    943 2881 394  -1
   13524    6085 2625 5205  -1
   13525    6959 6607 3025  -1
   13526    6607 4723 2070  -1
   13527    3657 2240 565  -1
   13528    565 3656 3657  -1
   13529    5205 1190 1927  -1
   13530    1407 5729 4358  -1
   13531    5079 6549 1807  -1
   13532    2939 4752 4835  -1
   13533    5044 78 6577  -1
   13534    5044 5427 78  -1
   13535    4834 3983 1560  -1
   13536    299 3983 4500  -1
   13537    3983 5235 1105  -1
   13538    3101 3736 1917  -1
   13539    1723 6556 1759  -1
   13540    3177 1723 3267  -1
   13541    2791 1445 5589  -1
   13542    3811 3191 5028  -1
   13543    3191 537 5028  -1
   13544    3897 956 2395  -1
   13545    2395 4612 3897  -1
   13546    5982 4214 1546  -1
   13547    3261 2160 6192  -1
   13548    5982 1162 2160  -1
   13549    2160 4214 5982  -1
   13550    5982 4087 2009  -1
   13551    5982 2009 1162  -1
   13552    3817 1371 6808  -1
   13553    5206 1699 1371  -1
   13554    1371 1699 6808  -1
   13555    2450 2746 1304  -1
   13556    5854 2127 4477  -1
   13557    6422 5481 419  -1
   13558    419 5481 2768  -1
   13559    419 2768 6229  -1
   13560    2146 6153 5319  -1
   13561    2515 4940 2516  -1
   13562    2647 180 2521  -1
   13563    4944 1083 4945  -1
   13564    4477 2127 3836  -1
   13565    5570 6003 2564  -1
   13566    2564 6031 5570  -1
   13567    7 5207 1535  -1
   13568    7 1535 6550  -1
   13569    455 1755 3865  -1
   13570    5858 3351 4589  -1
   13571    1205 4354 3351  -1
   13572    1205 910 4354  -1
   13573    910 2048 4354  -1
   13574    6394 2048 910  -1
   13575    1064 5981 1682  -1
   13576    1023 3740 5363  -1
   13577    672 4520 1512  -1
   13578    2208 4511 352  -1
   13579    5057 4462 1349  -1
   13580    4573 6278 2530  -1
   13581    1164 2510 3348  -1
   13582    2510 2911 27  -1
   13583    27 2911 1255  -1
   13584    1255 4990 27  -1
   13585    4565 6379 1692  -1
   13586    2430 3307 5402  -1
   13587    5001 6423 1251  -1
   13588    4149 5573 6109  -1
   13589    6109 1789 4149  -1
   13590    6555 4508 5794  -1
   13591    3425 1209 2395  -1
   13592    3856 6862 3413  -1
   13593    1334 2190 4842  -1
   13594    1873 3640 5292  -1
   13595    3640 1334 5292  -1
   13596    4315 715 5699  -1
   13597    1727 715 5313  -1
   13598    2061 715 4315  -1
   13599    2061 4315 4774  -1
   13600    6177 301 5032  -1
   13601    5653 3629 4843  -1
   13602    3629 2189 4843  -1
   13603    4453 1742 6326  -1
   13604    1742 4036 6429  -1
   13605    6326 1742 2138  -1
   13606    6326 2138 6394  -1
   13607    4065 250 2342  -1
   13608    6995 4898 2342  -1
   13609    2132 4065 5224  -1
   13610    4065 2342 5224  -1
   13611    5803 2566 3235  -1
   13612    6864 3697 3698  -1
   13613    3698 3697 127  -1
   13614    3584 1798 1169  -1
   13615    3474 967 5819  -1
   13616    2026 967 3474  -1
   13617    1027 1923 3718  -1
   13618    2878 5565 3718  -1
   13619    3718 5565 1027  -1
   13620    4168 2931 5441  -1
   13621    1407 5730 6923  -1
   13622    5139 4712 3575  -1
   13623    3575 5849 5139  -1
   13624    1584 5849 3575  -1
   13625    3630 3584 3701  -1
   13626    2687 1798 4889  -1
   13627    4889 430 2687  -1
   13628    350 3045 3540  -1
   13629    350 3540 4811  -1
   13630    4917 1208 2664  -1
   13631    5075 57 4538  -1
   13632    6323 4483 801  -1
   13633    955 3236 3979  -1
   13634    4302 6933 4711  -1
   13635    2536 4754 1413  -1
   13636    1701 6905 4420  -1
   13637    4420 2928 3653  -1
   13638    3653 1701 4420  -1
   13639    3119 5620 3357  -1
   13640    4780 3119 3357  -1
   13641    899 2910 4598  -1
   13642    3027 6730 4182  -1
   13643    3013 1756 6403  -1
   13644    3029 513 4778  -1
   13645    4778 3452 3029  -1
   13646    2327 5483 513  -1
   13647    1114 5340 2821  -1
   13648    1484 6941 5845  -1
   13649    4784 1021 1659  -1
   13650    5267 1021 4784  -1
   13651    4826 2364 1408  -1
   13652    6306 4270 436  -1
   13653    6899 1370 2825  -1
   13654    2825 5909 5450  -1
   13655    5450 6899 2825  -1
   13656    6372 863 1097  -1
   13657    5909 1097 4473  -1
   13658    6031 2119 1097  -1
   13659    1097 2825 6031  -1
   13660    2825 5570 6031  -1
   13661    584 5374 4915  -1
   13662    3278 6284 119  -1
   13663    3002 712 6993  -1
   13664    6555 3002 6993  -1
   13665    6993 712 6126  -1
   13666    4269 6 3085  -1
   13667    546 1282 3892  -1
   13668    5380 3892 6143  -1
   13669    546 4965 5112  -1
   13670    800 1579 1892  -1
   13671    1924 5717 6899  -1
   13672    4088 54 5428  -1
   13673    84 3083 1468  -1
   13674    1468 3083 2150  -1
   13675    4048 240 2559  -1
   13676    4764 5349 3235  -1
   13677    5847 1064 3439  -1
   13678    4516 4329 813  -1
   13679    366 3171 3873  -1
   13680    623 6735 375  -1
   13681    2959 5234 642  -1
   13682    3046 2940 1509  -1
   13683    322 6425 4642  -1
   13684    4152 2363 5865  -1
   13685    5865 2363 121  -1
   13686    5865 121 3966  -1
   13687    1607 6511 4052  -1
   13688    4283 5142 2173  -1
   13689    6 5142 4283  -1
   13690    1923 5495 1922  -1
   13691    3718 1923 1922  -1
   13692    3751 178 2824  -1
   13693    5607 178 3751  -1
   13694    2309 3244 5607  -1
   13695    5607 3244 178  -1
   13696    6715 4897 3047  -1
   13697    4485 985 3192  -1
   13698    1404 4947 3140  -1
   13699    1691 4485 6382  -1
   13700    615 3385 573  -1
   13701    2840 6169 2259  -1
   13702    1721 3161 4110  -1
   13703    3481 4633 2322  -1
   13704    476 4633 6998  -1
   13705    6998 4633 3481  -1
   13706    6190 4085 1558  -1
   13707    6795 3788 3081  -1
   13708    3788 2836 308  -1
   13709    6795 2836 3788  -1
   13710    4538 57 5130  -1
   13711    3085 6 1865  -1
   13712    1230 1356 3917  -1
   13713    1230 3917 5751  -1
   13714    5570 1370 6003  -1
   13715    6003 1370 4654  -1
   13716    2223 6144 6438  -1
   13717    3589 5830 4339  -1
   13718    6280 4562 454  -1
   13719    6589 6812 2092  -1
   13720    723 3125 4272  -1
   13721    6812 357 4273  -1
   13722    2523 3102 2527  -1
   13723    3683 659 2629  -1
   13724    5505 3683 1755  -1
   13725    3683 1391 659  -1
   13726    1755 3683 6350  -1
   13727    6008 3532 930  -1
   13728    6526 886 421  -1
   13729    421 4764 6526  -1
   13730    1778 3259 1127  -1
   13731    3606 1127 3259  -1
   13732    3259 3372 3606  -1
   13733    777 3365 1127  -1
   13734    1127 3365 4004  -1
   13735    5468 6103 3888  -1
   13736    3888 250 1506  -1
   13737    4734 2633 277  -1
   13738    6103 2633 4734  -1
   13739    2511 250 3888  -1
   13740    6103 543 3888  -1
   13741    3085 1581 4269  -1
   13742    4496 2095 6116  -1
   13743    4356 6941 67  -1
   13744    5063 4089 6955  -1
   13745    5063 1958 2275  -1
   13746    5063 2275 4089  -1
   13747    4466 210 2426  -1
   13748    2426 3240 4466  -1
   13749    5477 1738 5624  -1
   13750    331 1814 2921  -1
   13751    6468 5871 6953  -1
   13752    6468 1813 5871  -1
   13753    6806 958 3461  -1
   13754    3007 1372 4219  -1
   13755    3007 4219 325  -1
   13756    5906 1373 4219  -1
   13757    3670 1373 5906  -1
   13758    6874 6380 1770  -1
   13759    6503 6256 3533  -1
   13760    4598 6827 5677  -1
   13761    316 2796 6164  -1
   13762    2560 1290 2799  -1
   13763    4886 6771 2050  -1
   13764    4886 2661 3797  -1
   13765    3772 1598 5967  -1
   13766    3772 5967 3217  -1
   13767    2151 452 6044  -1
   13768    6044 452 2068  -1
   13769    6044 2068 1107  -1
   13770    3904 6977 3042  -1
   13771    5276 5493 2980  -1
   13772    3042 6620 2682  -1
   13773    6620 5493 5276  -1
   13774    5276 2682 6620  -1
   13775    3904 3042 2682  -1
   13776    4673 2903 1042  -1
   13777    2903 4025 2233  -1
   13778    742 6865 6779  -1
   13779    5107 1455 4666  -1
   13780    6274 6845 4666  -1
   13781    742 3990 6274  -1
   13782    6274 1455 742  -1
   13783    3375 1838 4759  -1
   13784    6196 1838 3375  -1
   13785    5884 6505 3139  -1
   13786    662 2336 5750  -1
   13787    5789 2253 4347  -1
   13788    4347 2253 3475  -1
   13789    1549 4347 3475  -1
   13790    1637 3393 1320  -1
   13791    6016 3008 4316  -1
   13792    1320 538 3008  -1
   13793    560 3620 5833  -1
   13794    2947 472 5832  -1
   13795    6179 1352 3898  -1
   13796    6217 1352 6179  -1
   13797    4358 5730 1407  -1
   13798    4358 2818 5730  -1
   13799    752 98 4196  -1
   13800    434 5366 3740  -1
   13801    5363 3740 5366  -1
   13802    5366 1678 5363  -1
   13803    5115 5706 2656  -1
   13804    5706 2084 2656  -1
   13805    1330 352 4292  -1
   13806    2998 6975 812  -1
   13807    2180 6742 3870  -1
   13808    3304 6343 645  -1
   13809    3493 2360 2377  -1
   13810    3493 2639 2360  -1
   13811    710 2639 3493  -1
   13812    2823 2639 710  -1
   13813    3726 1041 1107  -1
   13814    5931 6236 1005  -1
   13815    15 2531 836  -1
   13816    4568 4567 2063  -1
   13817    1129 4568 2637  -1
   13818    6087 5204 6999  -1
   13819    2598 5204 6087  -1
   13820    5965 1979 117  -1
   13821    4230 1711 1979  -1
   13822    1085 6265 6849  -1
   13823    1085 6849 6962  -1
   13824    508 1272 1767  -1
   13825    4991 508 1767  -1
   13826    6917 5869 1948  -1
   13827    1948 5869 4683  -1
   13828    1031 4680 6814  -1
   13829    3633 839 3613  -1
   13830    3613 2276 3633  -1
   13831    6375 4245 1702  -1
   13832    6711 5575 2756  -1
   13833    6711 2756 6706  -1
   13834    2756 5575 3247  -1
   13835    5733 51 3955  -1
   13836    3131 4251 5956  -1
   13837    6691 5395 2553  -1
   13838    1341 3131 2553  -1
   13839    2553 5395 1341  -1
   13840    5801 2017 10  -1
   13841    1933 3536 3537  -1
   13842    1410 5983 6772  -1
   13843    3537 3536 5163  -1
   13844    5765 6674 2955  -1
   13845    1919 6136 4981  -1
   13846    4981 575 1919  -1
   13847    6369 4991 1767  -1
   13848    4538 6816 5075  -1
   13849    2338 5130 3708  -1
   13850    277 2633 5304  -1
   13851    3573 1254 6082  -1
   13852    5713 3969 3656  -1
   13853    4717 5861 856  -1
   13854    6944 5861 4717  -1
   13855    5895 3211 5210  -1
   13856    5772 3211 1981  -1
   13857    1981 3211 5895  -1
   13858    5895 1485 1981  -1
   13859    4107 5395 6691  -1
   13860    3489 4122 5131  -1
   13861    5635 4012 2352  -1
   13862    5635 564 4012  -1
   13863    1875 2556 3041  -1
   13864    6114 2556 4503  -1
   13865    1782 3299 5132  -1
   13866    2376 5252 6194  -1
   13867    5252 4105 6194  -1
   13868    736 6941 1484  -1
   13869    1484 3803 736  -1
   13870    490 2108 4099  -1
   13871    5700 2788 3758  -1
   13872    5700 3758 849  -1
   13873    3758 2788 1748  -1
   13874    4701 2262 5497  -1
   13875    2262 2753 5497  -1
   13876    5515 2262 4701  -1
   13877    860 5960 6295  -1
   13878    4336 6295 2076  -1
   13879    6296 860 6295  -1
   13880    4886 4887 2661  -1
   13881    499 1658 2050  -1
   13882    3924 5473 188  -1
   13883    5471 2743 1328  -1
   13884    5413 2743 5471  -1
   13885    2646 703 3430  -1
   13886    6815 3487 2065  -1
   13887    6815 2065 5685  -1
   13888    4662 4068 2023  -1
   13889    2203 4068 4662  -1
   13890    5146 634 5937  -1
   13891    558 2225 82  -1
   13892    3962 1404 3110  -1
   13893    5317 6694 5118  -1
   13894    3536 4582 5983  -1
   13895    4409 1537 5948  -1
   13896    2961 121 1537  -1
   13897    5337 121 2961  -1
   13898    3589 4339 1336  -1
   13899    3118 1572 4905  -1
   13900    1364 2576 5713  -1
   13901    5171 1668 44  -1
   13902    44 1668 3416  -1
   13903    2043 170 4133  -1
   13904    4133 170 212  -1
   13905    5265 3027 3758  -1
   13906    5713 4693 1669  -1
   13907    5215 3154 2081  -1
   13908    3324 2631 992  -1
   13909    3324 992 2630  -1
   13910    2630 522 3324  -1
   13911    3098 490 3099  -1
   13912    5486 4264 398  -1
   13913    4205 385 6189  -1
   13914    1848 3464 3028  -1
   13915    1848 1058 3464  -1
   13916    3319 3028 3464  -1
   13917    3464 1397 3319  -1
   13918    6734 171 5096  -1
   13919    1579 1281 4171  -1
   13920    4172 1281 1579  -1
   13921    682 2491 3101  -1
   13922    2491 2033 3101  -1
   13923    3101 2033 4987  -1
   13924    6001 682 1926  -1
   13925    682 6001 2491  -1
   13926    4215 676 4491  -1
   13927    6575 2786 2931  -1
   13928    4168 1586 2931  -1
   13929    134 1490 4128  -1
   13930    587 1490 134  -1
   13931    134 4493 587  -1
   13932    4128 1490 2681  -1
   13933    5058 929 3713  -1
   13934    3713 929 3347  -1
   13935    4275 2736 201  -1
   13936    6247 6668 1168  -1
   13937    6668 2795 1168  -1
   13938    2270 6668 6247  -1
   13939    818 240 2795  -1
   13940    6306 1491 4078  -1
   13941    1741 5692 5633  -1
   13942    3750 6093 5617  -1
   13943    1420 2337 2338  -1
   13944    5617 3751 3750  -1
   13945    2715 597 1644  -1
   13946    1422 6099 462  -1
   13947    2193 1387 5043  -1
   13948    2193 5043 6184  -1
   13949    19 1738 6884  -1
   13950    5624 1738 19  -1
   13951    5624 4255 5477  -1
   13952    5477 4255 1592  -1
   13953    6725 1831 2845  -1
   13954    1070 1831 6725  -1
   13955    4359 2257 5889  -1
   13956    2257 6599 5888  -1
   13957    6115 3990 742  -1
   13958    6115 3668 4819  -1
   13959    4819 3990 6115  -1
   13960    699 5848 3491  -1
   13961    4764 1440 5349  -1
   13962    6278 2531 1349  -1
   13963    438 4967 3587  -1
   13964    3943 1786 6860  -1
   13965    5770 4370 813  -1
   13966    5770 813 2471  -1
   13967    1786 3943 1710  -1
   13968    2023 2675 4905  -1
   13969    641 5336 5337  -1
   13970    2332 641 2961  -1
   13971    2961 3692 2332  -1
   13972    3692 2961 5718  -1
   13973    734 3927 5744  -1
   13974    804 4397 3540  -1
   13975    3319 1397 204  -1
   13976    230 2910 899  -1
   13977    4615 4260 4048  -1
   13978    2270 5682 818  -1
   13979    818 5682 4857  -1
   13980    4857 5682 493  -1
   13981    2559 240 818  -1
   13982    818 4857 2559  -1
   13983    1516 12 5054  -1
   13984    1516 5054 6011  -1
   13985    4578 529 2194  -1
   13986    4578 2194 1975  -1
   13987    3666 206 2759  -1
   13988    2759 206 5432  -1
   13989    5432 206 5431  -1
   13990    3046 1509 5415  -1
   13991    886 6526 2950  -1
   13992    2950 2949 886  -1
   13993    128 6613 3118  -1
   13994    3118 6613 3367  -1
   13995    2675 128 3118  -1
