11526  3  0  0
   0    0.12196561694145203  0.7456648349761963  1.1292487382888794
   1    -1.5624467134475708  1.9616512060165405  -0.05758046731352806
   2    -1.2638766765594482  -0.27799415588378906  0.858162522315979
   3    0.12575992941856384  -0.27705636620521545  -0.4683915674686432
   4    1.1297684907913208  0.015910599380731583  0.13611330091953278
   5    0.24143461883068085  1.4447906017303467  -0.22229193150997162
   6    -1.5151575803756714  1.170418381690979  0.7572264075279236
   7    0.3470599949359894  -0.2519820034503937  0.8609679937362671
   8    -0.40982678532600403  0.48136287927627563  -0.7815806269645691
   9    0.2662033438682556  1.547083854675293  0.5490671396255493
   10    -1.0702544450759888  0.04299338907003403  -0.11914637684822083
   11    -1.0505200624465942  0.2237565964460373  0.5888814926147461
   12    -1.584852933883667  0.48736870288848877  -0.0767241045832634
   13    0.7155598402023315  0.7361785173416138  -0.3416025936603546
   14    -0.9654262661933899  -0.321344256401062  -0.288865864276886
   15    0.8444176316261292  1.036534309387207  0.06081238016486168
   16    -1.024478793144226  1.556314468383789  -0.08575102686882019
   17    -0.9084612131118774  1.4257571697235107  0.5359562635421753
   18    -1.0287721157073975  2.057105779647827  0.24301594495773315
   19    -1.6102677583694458  1.5921672582626343  1.0565836429595947
   20    -1.7006453275680542  1.4140629768371582  -0.05900803208351135
   21    0.6848624348640442  0.2973933815956116  0.7901647090911865
   22    -1.7779873609542847  0.895641028881073  0.4466319978237152
   23    -0.01442741323262453  0.04126982390880585  1.0852720737457275
   24    0.6779116988182068  -0.2869100570678711  0.24337564408779144
   25    0.5493224263191223  1.17821204662323  0.7414180636405945
   26    -1.8180210590362549  2.0057082176208496  0.34018099308013916
   27    -1.837441325187683  1.3636080026626587  0.8528704643249512
   28    -0.5331001281738281  0.8588334321975708  0.9051685333251953
   29    -1.404839038848877  0.43362316489219666  0.6964879035949707
   30    -1.1705135107040405  2.048445463180542  0.6546293497085571
   31    0.11236288398504257  0.8659072518348694  -0.6387855410575867
   32    0.9450131058692932  0.4366118609905243  0.1060110554099083
   33    -1.0080432891845703  1.8591428995132446  0.03692521154880524
   34    -0.34549984335899353  2.6821022033691406  -0.49702590703964233
   35    -0.3338146507740021  2.224093198776245  -0.15731897950172424
   36    -0.33820629119873047  2.7371699810028076  -0.3944554030895233
   37    -0.22477923333644867  0.05442459136247635  -0.6657495498657227
   38    0.4758239984512329  0.12544740736484528  -0.5002698302268982
   39    -1.0723657608032227  0.9824796319007874  -0.43565529584884644
   40    -0.6779268383979797  0.013051467947661877  -0.21333760023117065
   41    -1.3298801183700562  -0.20576906204223633  -0.11968524754047394
   42    -0.5709101557731628  0.0743451863527298  0.7275180220603943
   43    -0.4541454017162323  -0.25978416204452515  1.0819629430770874
   44    0.15570281445980072  1.615282416343689  0.07775194942951202
   45    -1.2831127643585205  2.063222885131836  0.006515939719974995
   46    -1.2656636238098145  1.8239238262176514  -0.14064142107963562
   47    -1.437683343887329  1.9988999366760254  -0.8200573325157166
   48    -1.215574860572815  2.4245498180389404  -1.2194299697875977
   49    -1.4260165691375732  2.4306252002716064  -1.020668625831604
   50    0.8975653648376465  0.3897927701473236  0.4821694493293762
   51    1.1308668851852417  0.03001299872994423  0.41598716378211975
   52    -0.6809269189834595  0.6689757704734802  -0.4976981282234192
   53    0.013836586847901344  1.3360811471939087  0.8003230690956116
   54    -1.3144606351852417  0.7629811763763428  0.8926190733909607
   55    -1.4623204469680786  2.4839847087860107  -0.7891188859939575
   56    -1.4941797256469727  0.681268572807312  -0.29403021931648254
   57    -1.4414819478988647  1.3623183965682983  1.0648936033248901
   58    -0.8545079827308655  -0.283376008272171  -0.5518500208854675
   59    -0.31977587938308716  0.8638832569122314  1.1003528833389282
   60    -0.18955273926258087  2.3980143070220947  -0.5127703547477722
   61    -1.865275263786316  1.5251576900482178  0.5431457161903381
   62    0.4965112805366516  0.9633543491363525  -0.40858906507492065
   63    -0.29420074820518494  0.9962291121482849  -0.4731074571609497
   64    -0.7707141637802124  -0.2974819242954254  0.8463664650917053
   65    -0.4132138788700104  0.02176949381828308  0.9098667502403259
   66    -0.6153906583786011  1.4693931341171265  -0.07277203351259232
   67    -0.9049031734466553  1.626463770866394  0.1941574662923813
   68    -1.3396258354187012  0.20691585540771484  0.3063505291938782
   69    0.13449306786060333  -0.3061133921146393  0.7573303580284119
   70    -0.05408134311437607  -0.22093546390533447  -0.273228257894516
   71    0.7215922474861145  0.08974996954202652  -0.1385415643453598
   72    0.21534578502178192  -0.30780676007270813  -0.19542182981967926
   73    -1.6839019060134888  1.205745816230774  0.06701228022575378
   74    0.6528450846672058  1.3309414386749268  0.05252683535218239
   75    -0.4668995440006256  -0.2178160548210144  0.7706510424613953
   76    0.7612688541412354  1.133217692375183  0.5156324505805969
   77    -0.9196012616157532  0.4840748608112335  0.84123694896698
   78    -1.0490599870681763  0.010138329118490219  0.6138514280319214
   79    -0.501046359539032  0.5727242231369019  1.0450987815856934
   80    -0.5772650241851807  0.728118360042572  -0.6784133911132812
   81    -0.5604228377342224  -0.02287260629236698  -0.4835558533668518
   82    0.7363744974136353  0.8510468006134033  0.7369338274002075
   83    1.1441823244094849  0.31473201513290405  0.040774423629045486
   84    0.6506623029708862  -0.07414926588535309  0.614876925945282
   85    1.1673791408538818  0.3194649815559387  0.45264390110969543
   86    -1.5704779624938965  2.098522901535034  0.5061216950416565
   87    -1.6899350881576538  0.5513174533843994  0.3375241160392761
   88    -1.429682731628418  1.293049693107605  -0.16007588803768158
   89    -1.7037508487701416  0.8384999632835388  -0.06309850513935089
   90    0.16567252576351166  0.516557514667511  -0.6781616806983948
   91    -0.19057932496070862  2.4894301891326904  -0.4879719614982605
   92    -1.2519439458847046  -0.3036879897117615  0.4319919943809509
   93    -1.3570010662078857  -0.12348832935094833  0.15692490339279175
   94    -1.0426162481307983  -0.09146884083747864  0.3569067418575287
   95    -0.8350824117660522  -0.005151586607098579  0.7913936376571655
   96    -1.7338998317718506  1.879738450050354  0.7478199601173401
   97    -0.6463445425033569  -0.23990440368652344  -0.3327164053916931
   98    -0.5477001070976257  1.509853720664978  0.3046128451824188
   99    -0.5512158870697021  1.3814713954925537  0.6048482060432434
   100    -0.11416873335838318  1.5852118730545044  0.512948215007782
   101    -0.6750704646110535  1.3072181940078735  -0.30648618936538696
   102    0.4482888877391815  0.6315615773200989  1.0019760131835938
   103    -1.5304843187332153  2.0845162868499756  -0.004101150203496218
   104    -1.6837260723114014  1.145207405090332  0.4936858117580414
   105    -1.1453044414520264  0.1561814844608307  0.01956290751695633
   106    -1.0350879430770874  0.3384624123573303  -0.2447320967912674
   107    -0.3754512667655945  -0.3295716643333435  -0.4976826608181
   108    -1.4824684858322144  1.829520583152771  0.9416657090187073
   109    -1.2939988374710083  -0.1341654658317566  0.6765602827072144
   110    -0.6572739481925964  -0.1973852813243866  1.0140942335128784
   111    -0.09880410134792328  0.4757799804210663  1.1735570430755615
   112    0.6114068627357483  1.371903419494629  0.4532115161418915
   113    0.9144058227539062  -0.02550831064581871  -0.09324970841407776
   114    -1.549902319908142  0.7948318123817444  0.7568358778953552
   115    -1.1269878149032593  1.999805212020874  -0.03550713136792183
   116    -1.2369844913482666  2.0931758880615234  0.06639159470796585
   117    -1.4397931098937988  1.82778000831604  -0.15749406814575195
   118    -1.823973298072815  1.6158860921859741  0.1576441377401352
   119    -0.8777624368667603  -0.07887443155050278  -0.22330568730831146
   120    -0.764065682888031  1.0238538980484009  0.8249284029006958
   121    -0.6226389408111572  0.5659390687942505  0.8215500712394714
   122    0.6457712054252625  1.2012076377868652  -0.16749384999275208
   123    -0.33225560188293457  -0.09594369679689407  -0.5597422122955322
   124    -1.3431799411773682  2.052680015563965  -0.9539340138435364
   125    -1.3375840187072754  2.191096067428589  -1.1280039548873901
   126    -0.7168136835098267  2.425173044204712  0.008761798031628132
   127    -1.2319743633270264  1.2870503664016724  0.7453756332397461
   128    -1.170868992805481  1.4292933940887451  -0.18073543906211853
   129    -0.33252066373825073  0.7033075094223022  -0.7820004224777222
   130    1.1091241836547852  0.46254515647888184  0.2767130434513092
   131    0.21634739637374878  -0.11086340993642807  0.8927085399627686
   132    -1.4561328887939453  -0.2909258008003235  0.12773996591567993
   133    0.04453667253255844  -0.31200405955314636  0.33515626192092896
   134    0.12558206915855408  -0.21232526004314423  0.6711015105247498
   135    -0.0822254940867424  -0.23206764459609985  0.23653966188430786
   136    -0.9723822474479675  1.9095731973648071  0.1716611534357071
   137    0.4260900020599365  -0.25432801246643066  -0.05371119827032089
   138    -0.19177234172821045  1.0328071117401123  0.8803644180297852
   139    0.22431345283985138  1.2454676628112793  -0.37295177578926086
   140    0.8639777302742004  0.019076859578490257  0.6508985757827759
   141    0.7743731141090393  0.3329426944255829  -0.2259867936372757
   142    0.19058595597743988  0.2633112072944641  1.0941863059997559
   143    -0.44289103150367737  0.8613773584365845  -0.6779947280883789
   144    -1.2004365921020508  0.3901299238204956  -0.28860723972320557
   145    -1.5784904956817627  2.3048818111419678  -0.6706824898719788
   146    0.8305233120918274  0.8199605345726013  -0.17451293766498566
   147    -1.194446086883545  -0.10852663218975067  0.8622697591781616
   148    0.6179066896438599  -0.2530761957168579  0.4551948308944702
   149    -0.1393839716911316  1.4919545650482178  -0.19200369715690613
   150    -1.0235544443130493  0.11604134738445282  0.3034449517726898
   151    -1.7937272787094116  1.296844482421875  0.11611166596412659
   152    -0.8675943613052368  2.427933931350708  -0.10736779123544693
   153    -0.6056551933288574  1.0907717943191528  -0.44778648018836975
   154    -1.760944128036499  0.7229295969009399  0.11029847711324692
   155    -1.174627661705017  2.1350085735321045  0.151570662856102
   156    -0.8573473691940308  1.130448579788208  0.8073258399963379
   157    -1.0439732074737549  0.7296732068061829  0.9121696352958679
   158    0.42816871404647827  1.4971779584884644  0.020241325721144676
   159    -0.49647256731987  2.2329354286193848  -0.2927568852901459
   160    -0.33024704456329346  0.19266794621944427  1.0360769033432007
   161    -1.092192530632019  0.617571234703064  -0.4268612265586853
   162    1.2161433696746826  0.22310350835323334  0.1892348825931549
   163    -1.4912588596343994  2.0823967456817627  -0.4051503837108612
   164    -1.0640442371368408  -0.23113691806793213  0.9422301054000854
   165    0.7888322472572327  -0.2143651694059372  0.0548163503408432
   166    0.9498252272605896  0.47313809394836426  0.3049097955226898
   167    0.5510186553001404  -0.033927883952856064  -0.333285391330719
   168    -0.5789797306060791  0.8605844378471375  -0.5067512392997742
   169    -1.6208218336105347  0.5899026393890381  0.6111013293266296
   170    -0.5315225124359131  -0.24482998251914978  0.3140447437763214
   171    -0.1651822030544281  -0.05799482762813568  0.9542573094367981
   172    0.29786550998687744  1.0619518756866455  0.9218400120735168
   173    -1.5574140548706055  2.545099973678589  -0.960748016834259
   174    -1.2862554788589478  2.5946481227874756  -1.1604200601577759
   175    -1.348409652709961  2.593796491622925  -1.1892746686935425
   176    -1.329634189605713  -0.3232975900173187  -0.13994061946868896
   177    0.3554818630218506  -0.3010527789592743  -0.26951879262924194
   178    -1.3674761056900024  1.4748340845108032  1.04801344871521
   179    0.9641613364219666  -0.1368020474910736  0.3626771569252014
   180    -0.36336979269981384  -0.3037192225456238  0.901948094367981
   181    -1.1792051792144775  -0.03687663376331329  0.07234839349985123
   182    0.31822502613067627  0.9099605083465576  -0.476709246635437
   183    -0.7613319754600525  -0.22962799668312073  -0.14615920186042786
   184    -0.7976493835449219  -0.32639434933662415  0.15046963095664978
   185    -0.7968292236328125  -0.3189102113246918  -0.29333996772766113
   186    -1.322851538658142  2.2836074829101562  -0.39546874165534973
   187    -0.12989915907382965  1.182824730873108  -0.450942724943161
   188    -1.2827330827713013  2.0063509941101074  -0.6112830638885498
   189    -0.7269840240478516  -0.32311201095581055  -0.6113719940185547
   190    -1.797298550605774  1.6507573127746582  0.8032376170158386
   191    -1.8121317625045776  1.7028864622116089  0.30548036098480225
   192    -0.9445430636405945  0.31656238436698914  0.7659845948219299
   193    -1.1679168939590454  0.5366645455360413  0.8594956398010254
   194    0.2953919768333435  -0.054004088044166565  -0.4962129294872284
   195    -1.4211252927780151  2.1317920684814453  0.00024568309891037643
   196    -0.6643726825714111  -0.31004735827445984  0.7726193070411682
   197    0.22683550417423248  0.024968793615698814  1.0004841089248657
   198    -1.0869224071502686  1.7913299798965454  0.58559650182724
   199    -1.4527297019958496  1.2265472412109375  0.934378445148468
   200    0.8572064638137817  0.8780458569526672  0.510245144367218
   201    -0.21000123023986816  1.4144517183303833  0.7266210317611694
   202    -0.6757421493530273  2.335397243499756  -0.08506731688976288
   203    -1.2426683902740479  1.2467819452285767  -0.2880880832672119
   204    -1.4800846576690674  1.0291709899902344  -0.2511896789073944
   205    -1.4794561862945557  2.0522639751434326  0.6877585053443909
   206    -1.3402096033096313  2.120915651321411  0.4998239576816559
   207    -1.249732494354248  1.760421633720398  0.7175169587135315
   208    0.2664658725261688  -0.3041287362575531  0.573771595954895
   209    0.15764780342578888  -0.2734540104866028  0.116047203540802
   210    0.12078528851270676  -0.23581844568252563  -0.12350375950336456
   211    -1.8105849027633667  1.32315194606781  0.5730474591255188
   212    -0.5997276306152344  -0.31806930899620056  0.319350928068161
   213    -0.5825324654579163  0.4808332026004791  -0.6825346946716309
   214    -0.4053216278553009  0.6738265156745911  1.1383858919143677
   215    0.8096345067024231  0.20895883440971375  0.5995016694068909
   216    -0.714687705039978  0.5652914643287659  -0.3902965784072876
   217    -0.09985291212797165  1.6101415157318115  0.10462068021297455
   218    0.6888391971588135  0.6028130054473877  0.811343789100647
   219    -1.793867826461792  0.9530888199806213  0.2591182291507721
   220    -0.002196043962612748  -0.307858407497406  -0.33326980471611023
   221    -0.5023720860481262  2.5252206325531006  -0.3913283348083496
   222    -1.756022334098816  1.2386633157730103  0.8069352507591248
   223    -0.9750519394874573  1.7725167274475098  0.26045772433280945
   224    -0.8470419049263  1.5372005701065063  0.36696234345436096
   225    -0.27162623405456543  2.2410855293273926  -0.24380779266357422
   226    0.520513117313385  -0.07300426810979843  0.7612023949623108
   227    0.5053849816322327  0.6661596894264221  -0.4879245460033417
   228    0.4992963969707489  0.903532087802887  0.916316568851471
   229    -0.7303776741027832  -0.09310838580131531  -0.5119464993476868
   230    -1.7311862707138062  1.180738925933838  0.31191396713256836
   231    0.27895256876945496  1.5935211181640625  0.35310986638069153
   232    -1.2328159809112549  2.190459966659546  -0.5410895943641663
   233    -1.2428488731384277  2.4381775856018066  -1.071241855621338
   234    1.0151885747909546  0.218023419380188  -0.07807031273841858
   235    -0.7496983408927917  2.2285523414611816  -0.26366913318634033
   236    0.19416986405849457  1.4628428220748901  0.6859475374221802
   237    0.24626801908016205  1.1748069524765015  0.8076849579811096
   238    -0.22085027396678925  2.575509786605835  -0.5965850353240967
   239    -0.21802155673503876  2.4853625297546387  -0.5706093907356262
   240    0.02791656367480755  0.27825942635536194  -0.6856285929679871
   241    -1.313471794128418  0.25610801577568054  -0.061939287930727005
   242    -1.4583745002746582  0.37694060802459717  0.558162271976471
   243    -0.7293853163719177  0.8295759558677673  0.8795982003211975
   244    0.48065659403800964  1.2912410497665405  -0.2284778505563736
   245    0.007586529944092035  1.6228129863739014  0.3829140067100525
   246    0.29822805523872375  -0.29807594418525696  0.830209493637085
   247    -1.5220197439193726  2.2074713706970215  -0.24398033320903778
   248    -0.5193510055541992  0.2013900876045227  -0.6124297380447388
   249    -0.7079697847366333  -0.04096358269453049  0.7932946681976318
   250    -0.54347825050354  -0.05542366951704025  0.9949251413345337
   251    -0.4889039993286133  2.6367199420928955  -0.1922287940979004
   252    -0.651818037033081  0.1910664290189743  -0.2547159492969513
   253    -0.5593804121017456  2.1915643215179443  0.009248988702893257
   254    0.9596887230873108  0.23761500418186188  0.6094765067100525
   255    1.0739635229110718  0.42711612582206726  0.4461369514465332
   256    -1.055564045906067  -0.32399600744247437  0.2061379998922348
   257    -0.6800658702850342  -0.3039165735244751  0.5970647931098938
   258    -0.7832532525062561  -0.27309727668762207  0.21537506580352783
   259    0.17141130566596985  0.49994799494743347  1.1247540712356567
   260    0.8578736186027527  0.28498539328575134  -0.034540772438049316
   261    -1.7245842218399048  1.3321826457977295  0.9548287987709045
   262    0.4981377422809601  -0.30438321828842163  0.06337951868772507
   263    -1.8452073335647583  1.2910548448562622  0.37312081456184387
   264    -1.2214421033859253  -0.19059409201145172  -0.1565185785293579
   265    1.066172480583191  0.06465227901935577  0.536166787147522
   266    -0.7200618982315063  0.7678805589675903  -0.48330220580101013
   267    0.44294533133506775  0.25075238943099976  -0.5163581967353821
   268    0.8924880027770996  0.7834853529930115  -0.02903723530471325
   269    0.03242490440607071  -0.3083307445049286  0.09833499044179916
   270    -0.08532220870256424  0.6733770966529846  -0.7550505995750427
   271    -1.366329550743103  0.4915216863155365  -0.2929648458957672
   272    -1.0697840452194214  1.8796393871307373  -0.01538423914462328
   273    -1.2311501502990723  1.931795358657837  -0.08427002280950546
   274    -1.3121637105941772  1.95412015914917  0.7838248014450073
   275    -0.9378864765167236  2.2368123531341553  -0.15252825617790222
   276    -0.9682359099388123  0.9241697788238525  0.8877487778663635
   277    -0.36684662103652954  -0.12142207473516464  1.0485843420028687
   278    0.9772127866744995  -0.046063896268606186  0.5282321572303772
   279    -1.2041457891464233  1.465229868888855  0.8377588391304016
   280    -0.9762132167816162  1.5793936252593994  0.5913888216018677
   281    -1.3015471696853638  -0.3094402551651001  0.6264427900314331
   282    -1.5431586503982544  1.5286502838134766  -0.1512041985988617
   283    -0.611299991607666  -0.23351000249385834  0.682807981967926
   284    -1.3196160793304443  1.3137286901474  0.9611718058586121
   285    0.08965127170085907  0.9845575094223022  -0.4632616341114044
   286    -1.0080357789993286  1.380139946937561  -0.2755093574523926
   287    -1.5122249126434326  2.028402090072632  -0.187418133020401
   288    0.8912824392318726  0.9304739832878113  0.13572393357753754
   289    -0.0040988195687532425  0.9433183670043945  1.0635038614273071
   290    -1.3784360885620117  0.2290363907814026  0.14776301383972168
   291    -1.5953924655914307  0.41033339500427246  0.3052402436733246
   292    -1.4164437055587769  0.9925862550735474  0.8076632022857666
   293    -1.2701796293258667  2.1821532249450684  -0.9369232654571533
   294    0.1924949735403061  0.9569618701934814  0.9770370721817017
   295    -1.6782132387161255  0.8983476161956787  0.6098170876502991
   296    -1.7369716167449951  1.5538138151168823  -0.024184007197618484
   297    -1.1229445934295654  0.11940106004476547  0.15277190506458282
   298    -0.7072277665138245  0.28216177225112915  0.8195713758468628
   299    -1.8024073839187622  1.975064992904663  0.49980825185775757
   300    -1.8535757064819336  1.4630811214447021  0.17994298040866852
   301    -1.5542516708374023  2.3693459033966064  -0.6249655485153198
   302    0.7502179741859436  1.1968998908996582  0.41145962476730347
   303    -0.5890997052192688  -0.32375368475914  -0.4359239637851715
   304    -1.1182365417480469  1.2786604166030884  0.7109678387641907
   305    -0.6379683613777161  -0.1656472384929657  -0.599432110786438
   306    -0.9208493828773499  0.30363115668296814  -0.28084179759025574
   307    -0.43200522661209106  1.1240540742874146  0.8456302881240845
   308    -0.5734389424324036  1.504140853881836  0.08372226357460022
   309    -0.3145603835582733  1.4717528820037842  -0.12604734301567078
   310    -0.47306862473487854  1.2929744720458984  -0.31922778487205505
   311    1.0674281120300293  0.07851526141166687  -0.02962648496031761
   312    0.5623198747634888  1.321083426475525  0.6158096790313721
   313    -0.5879200100898743  -0.23581549525260925  0.07693468779325485
   314    -0.831145167350769  -0.3199452757835388  -0.07813721150159836
   315    -1.381166934967041  2.254674196243286  -1.0347585678100586
   316    -0.862580418586731  1.5235220193862915  -0.13693028688430786
   317    0.6985064148902893  0.4886258542537689  -0.2989159822463989
   318    -1.4917948246002197  2.1241397857666016  0.2931603789329529
   319    -0.837909996509552  -0.3266339898109436  0.5388000011444092
   320    -0.1522655040025711  0.8330915570259094  -0.7145918011665344
   321    -1.1834423542022705  -0.2854260206222534  0.9159652590751648
   322    0.7087306976318359  -0.17274321615695953  -0.06179729476571083
   323    0.5484511852264404  -0.12175533175468445  -0.1222643032670021
   324    0.42221540212631226  -0.053760092705488205  -0.414874792098999
   325    0.36981192231178284  0.8399253487586975  0.9553314447402954
   326    0.23477379977703094  0.8145946860313416  1.0716785192489624
   327    -1.502098560333252  1.999883770942688  -0.5011127591133118
   328    -1.4040825366973877  1.9813064336776733  -0.7741931080818176
   329    -0.5974822044372559  0.30093494057655334  -0.5522135496139526
   330    -1.2492262125015259  0.29732537269592285  0.6162748336791992
   331    -1.7238779067993164  1.6118178367614746  0.968450129032135
   332    -0.9040124416351318  2.3659849166870117  0.037480805069208145
   333    0.39294368028640747  -0.019870514050126076  0.8390575051307678
   334    -0.18804439902305603  0.22837786376476288  1.115649700164795
   335    0.047878608107566833  0.2530762851238251  1.1357420682907104
   336    0.4384499788284302  0.11398185044527054  0.92509526014328
   337    -1.3013324737548828  2.454476833343506  -0.9508196115493774
   338    -0.9758162498474121  1.5982345342636108  -0.018564976751804352
   339    -0.8538351058959961  1.9542877674102783  0.06029227003455162
   340    -0.6359511613845825  2.0813052654266357  -0.13833431899547577
   341    -0.7226123213768005  1.1534687280654907  0.7596782445907593
   342    0.3820584714412689  1.5525461435317993  0.2322550266981125
   343    -0.20841582119464874  -0.27622613310813904  -0.5092383027076721
   344    0.2558308243751526  -0.3047209680080414  -0.39254963397979736
   345    -0.13887552917003632  -0.26186561584472656  0.9803813695907593
   346    0.6975918412208557  1.0832172632217407  -0.21139824390411377
   347    -0.19220644235610962  2.363478422164917  -0.3861334025859833
   348    -0.5695942640304565  0.2523527145385742  0.7506882548332214
   349    0.527965784072876  0.480227530002594  -0.48948413133621216
   350    -1.47294020652771  2.3899850845336914  -0.5387737154960632
   351    0.5099701285362244  -0.21885095536708832  0.6215515732765198
   352    0.48564082384109497  -0.29214221239089966  0.45671704411506653
   353    -0.38411474227905273  2.493683099746704  -0.3245779275894165
   354    1.2039974927902222  0.3746319115161896  0.3011634945869446
   355    -0.7537116408348083  1.4242883920669556  0.5810774564743042
   356    0.2704801857471466  1.113022804260254  -0.3849337100982666
   357    -1.1192116737365723  2.0753061771392822  0.5258303284645081
   358    -1.2761701345443726  1.8688186407089233  -0.19131363928318024
   359    -1.067626714706421  1.4581694602966309  0.7385448217391968
   360    -1.1925188302993774  1.9548872709274292  0.7206494808197021
   361    -1.278108835220337  -0.3194403648376465  0.2904398739337921
   362    -1.191603422164917  -0.20588114857673645  0.38831639289855957
   363    -1.3522911071777344  1.5848697423934937  -0.18153724074363708
   364    -1.5728036165237427  1.7857555150985718  -0.09970398992300034
   365    -1.6769077777862549  1.866170048713684  0.07597630470991135
   366    -0.5797057151794434  2.549999475479126  -0.3199447691440582
   367    -0.982684314250946  0.03699759021401405  0.7173089981079102
   368    -0.22559025883674622  0.9251338839530945  -0.6395658850669861
   369    -1.1312437057495117  -0.019082939252257347  0.18431106209754944
   370    -1.778259515762329  1.7332042455673218  0.5304596424102783
   371    -1.8275630474090576  1.915977120399475  0.4971209168434143
   372    -0.33795374631881714  0.9213356971740723  1.0321241617202759
   373    -0.24041959643363953  -0.12979799509048462  -0.5270847082138062
   374    0.3993385136127472  1.156255841255188  0.800155520439148
   375    -0.6476041078567505  2.5714449882507324  -0.18076607584953308
   376    -1.257724642753601  2.268798589706421  -1.187231421470642
   377    -1.063572645187378  2.116076946258545  0.22515377402305603
   378    0.9698043465614319  -0.08322908729314804  0.015627246350049973
   379    -0.8069882988929749  -0.054172735661268234  0.8072817325592041
   380    -1.5948468446731567  0.4272174537181854  0.1264500468969345
   381    -0.7255795001983643  1.1718612909317017  -0.39996933937072754
   382    -1.3037148714065552  2.0930755138397217  0.06848106533288956
   383    -0.05119141936302185  0.3835519254207611  1.1360304355621338
   384    -1.3500579595565796  1.1945799589157104  0.754971981048584
   385    -0.25324565172195435  0.00431778421625495  1.0028796195983887
   386    -0.3501218855381012  0.3303133249282837  -0.7581400871276855
   387    -0.4542168378829956  -0.23162467777729034  -0.34406888484954834
   388    -0.17259061336517334  1.1515607833862305  0.8745133876800537
   389    -0.9109318256378174  2.071467638015747  0.17173422873020172
   390    -1.6557886600494385  1.9740219116210938  0.717093288898468
   391    1.1079292297363281  0.4083704650402069  0.08929364383220673
   392    -1.4010953903198242  2.62563157081604  -1.0822697877883911
   393    -1.2539207935333252  1.9976439476013184  -0.08486192673444748
   394    -1.37007737159729  2.2145376205444336  -0.20463305711746216
   395    -0.26747915148735046  0.4101880192756653  1.0897754430770874
   396    -1.4798835515975952  2.2485499382019043  -0.7141146659851074
   397    -1.5851342678070068  2.415761709213257  -0.8332926630973816
   398    -0.005563326179981232  1.0294057130813599  0.8902637362480164
   399    0.3000739812850952  0.3873142898082733  -0.6153990030288696
   400    0.0028775439132004976  0.08216431736946106  -0.6150544881820679
   401    -1.6409897804260254  1.7166019678115845  0.982494592666626
   402    -0.8020840287208557  -0.24092000722885132  0.8551959991455078
   403    -1.493234395980835  1.0316503047943115  0.7433795928955078
   404    -1.3463925123214722  0.7181640863418579  -0.3625105321407318
   405    -1.2493906021118164  1.0177505016326904  -0.3673538565635681
   406    -0.17552126944065094  0.7964233756065369  1.1419615745544434
   407    0.8158642053604126  0.5406195521354675  0.6347058415412903
   408    0.9307780861854553  0.48992720246315  0.337970107793808
   409    -1.892425775527954  1.4487248659133911  0.44741982221603394
   410    -1.5509488582611084  1.1472030878067017  0.6875863671302795
   411    -1.608054280281067  1.2267416715621948  -0.023999206721782684
   412    -1.133604884147644  -0.04240572825074196  -0.07016807049512863
   413    -0.475352019071579  0.6781445741653442  1.0972073078155518
   414    -0.02263920195400715  -0.005100295878946781  -0.6151852011680603
   415    0.8187733888626099  0.7373330593109131  -0.2086525559425354
   416    -1.3263366222381592  2.0225207805633545  0.7406001091003418
   417    -0.8194648623466492  0.6791353225708008  -0.4236213266849518
   418    0.6689364910125732  0.7379260659217834  0.8379424810409546
   419    0.8960016369819641  0.6333737373352051  0.4732610583305359
   420    0.06840300559997559  1.2720355987548828  -0.3973819613456726
   421    0.641852855682373  0.10008587688207626  -0.26679930090904236
   422    0.3905658721923828  1.3738638162612915  0.6911572217941284
   423    -0.8626684546470642  2.0008277893066406  -0.10165967047214508
   424    0.01606867089867592  -0.23013462126255035  0.4608728885650635
   425    -1.1205474138259888  1.0063421726226807  0.8636041283607483
   426    -0.2691212594509125  -0.21307489275932312  0.7718348503112793
   427    -1.8491967916488647  1.3342006206512451  0.7134299874305725
   428    -0.27737632393836975  1.5873231887817383  0.25751757621765137
   429    -0.1484553962945938  -0.3021644055843353  0.9468131065368652
   430    -1.3746073246002197  0.5799092054367065  0.8088374733924866
   431    -0.4544695019721985  -0.2954261600971222  1.04521906375885
   432    -0.5891475081443787  0.7166786193847656  0.8900607228279114
   433    0.07699555158615112  1.5932124853134155  -0.01697717234492302
   434    0.24536027014255524  0.8296718597412109  -0.5953356027603149
   435    0.7820165157318115  -0.12347739934921265  0.5852480530738831
   436    0.3473135530948639  0.21097059547901154  0.9822487235069275
   437    0.28161001205444336  -0.29462799429893494  0.2461860030889511
   438    -0.8810808658599854  0.5293322205543518  -0.3729604184627533
   439    -1.6046526432037354  0.5868595242500305  -0.11125346273183823
   440    -1.520905613899231  0.8593738675117493  -0.2739846408367157
   441    -1.6826413869857788  1.0109858512878418  -0.06214705482125282
   442    -1.3405096530914307  -0.10366372764110565  0.05834965780377388
   443    -1.4572900533676147  -0.290178507566452  0.02085648849606514
   444    -1.3394312858581543  -0.2895051836967468  0.6312932968139648
   445    -1.0701290369033813  -0.04565729573369026  0.5034142136573792
   446    0.3910771310329437  -0.14226700365543365  -0.4280374050140381
   447    -0.5687071681022644  -0.2671007812023163  1.0714892148971558
   448    -0.9649259448051453  -0.32880499958992004  0.12378504872322083
   449    -0.2852035462856293  1.4834890365600586  0.6163667440414429
   450    -0.5847819447517395  1.447738528251648  0.45809540152549744
   451    -0.45992332696914673  2.5386617183685303  -0.2669692039489746
   452    -0.45236608386039734  0.24538154900074005  0.8856961131095886
   453    -1.1907620429992676  0.1736290156841278  0.12682054936885834
   454    -1.1300863027572632  0.21822889149188995  -0.08125735819339752
   455    -0.6436189413070679  1.3353465795516968  0.6416285634040833
   456    0.011400129646062851  1.5164178609848022  0.6381813287734985
   457    -0.24294742941856384  1.528593897819519  -0.08298196643590927
   458    0.47972801327705383  1.483404517173767  0.4379989802837372
   459    0.7744746804237366  1.0276203155517578  -0.1322508454322815
   460    0.020396225154399872  -0.2250106781721115  -0.029479138553142548
   461    -0.39587557315826416  -0.3057195842266083  -0.5529710650444031
   462    -1.688772439956665  2.032755136489868  0.12947402894496918
   463    -1.7402137517929077  2.0494017601013184  0.450861394405365
   464    -0.41637417674064636  0.3478204309940338  -0.7455379366874695
   465    -0.9757857322692871  1.714860200881958  0.09781361371278763
   466    -0.8983996510505676  -0.23200739920139313  -0.4457561671733856
   467    0.12937740981578827  1.6114035844802856  0.44150662422180176
   468    -1.3157386779785156  1.435679316520691  1.0158123970031738
   469    0.44035622477531433  0.08076576888561249  -0.5204087495803833
   470    -1.107216477394104  2.092468738555908  0.30157411098480225
   471    -1.1409790515899658  0.36661794781684875  0.7492655515670776
   472    0.3635469079017639  0.6084120273590088  1.0524553060531616
   473    -1.4024643898010254  1.9453504085540771  -0.5710507035255432
   474    -0.2142486572265625  2.3054091930389404  -0.39261215925216675
   475    -0.41756319999694824  2.3131229877471924  -0.35622477531433105
   476    -0.32402485609054565  1.1126326322555542  -0.44616493582725525
   477    -0.9719420075416565  -0.28180599212646484  0.18510699272155762
   478    -0.6650753021240234  0.9896966814994812  0.8675476908683777
   479    0.9956516623497009  -0.12572221457958221  0.25260382890701294
   480    -1.4365661144256592  2.2463183403015137  -0.22397549450397491
   481    0.8131170868873596  0.5910987854003906  -0.16875307261943817
   482    0.1210130974650383  0.23545552790164948  -0.6264651417732239
   483    -0.46231701970100403  0.8165603876113892  1.0425243377685547
   484    -1.0567082166671753  1.1611344814300537  -0.3766351342201233
   485    -0.10365365445613861  1.0245695114135742  -0.4652421176433563
   486    -1.4420465230941772  2.2661688327789307  -0.8432415723800659
   487    -0.3888387978076935  2.73826003074646  -0.38590872287750244
   488    -1.31796395778656  0.38763105869293213  -0.20518162846565247
   489    -1.482689380645752  0.34209364652633667  0.03124469332396984
   490    -1.0252686738967896  1.339126467704773  0.659590482711792
   491    -1.8309757709503174  1.4652947187423706  0.8745629191398621
   492    -0.03563782572746277  1.2677969932556152  -0.37908273935317993
   493    -0.06809959560632706  0.3438318073749542  -0.6927065253257751
   494    -1.3944650888442993  1.8230814933776855  0.9159030318260193
   495    -1.1687350273132324  1.6796631813049316  0.7275142073631287
   496    0.10854820162057877  -0.3264540135860443  0.26392799615859985
   497    -0.6315773725509644  2.279374837875366  -0.0895945131778717
   498    -1.065247654914856  0.796786367893219  0.8968512415885925
   499    0.41361555457115173  1.4430742263793945  0.61110520362854
   500    0.13324157893657684  -0.11799108237028122  -0.4966263175010681
   501    -1.0081441402435303  0.015610254369676113  0.30161499977111816
   502    0.5697599053382874  1.3582121133804321  -0.06340867280960083
   503    -0.7352986335754395  1.5296516418457031  0.389156699180603
   504    -0.1551772654056549  1.4000211954116821  -0.27371746301651
   505    0.7818262577056885  0.33152514696121216  0.6812366247177124
   506    0.6307808756828308  0.4568381905555725  0.8217024803161621
   507    -1.183424949645996  1.9409921169281006  -0.041691992431879044
   508    -1.1642515659332275  2.138465166091919  0.03728470951318741
   509    0.4860471785068512  -0.13224999606609344  -0.18372292816638947
   510    -0.9914657473564148  -0.30090489983558655  0.8926621079444885
   511    -1.557408332824707  0.646760106086731  0.7179051637649536
   512    -1.2543132305145264  1.9828839302062988  -0.34664320945739746
   513    -0.907241702079773  0.896888792514801  -0.43932414054870605
   514    -1.0891708135604858  0.7827396392822266  -0.44525426626205444
   515    -0.6432927250862122  0.5619408488273621  -0.6258379220962524
   516    -0.8755248785018921  -0.004818906541913748  -0.21471701562404633
   517    -0.6726261973381042  1.4132969379425049  -0.18590043485164642
   518    -0.6993617415428162  -0.13083678483963013  -0.569017767906189
   519    -1.7611912488937378  1.8347561359405518  0.22033880650997162
   520    -1.793996810913086  1.9465868473052979  0.21681326627731323
   521    -0.7128898501396179  -0.3096191883087158  0.6639435887336731
   522    -1.8280857801437378  1.6073216199874878  0.6122905611991882
   523    0.4600048065185547  -0.3136473298072815  0.17100085318088531
   524    1.0945292711257935  0.2715316712856293  0.5502135157585144
   525    -1.5817300081253052  1.2055574655532837  0.8757148385047913
   526    -1.6129766702651978  1.3090574741363525  0.9566537141799927
   527    -1.5306251049041748  1.3583688735961914  1.0430169105529785
   528    -1.5114778280258179  1.5909894704818726  1.0597386360168457
   529    0.6073288917541504  1.3942838907241821  0.2535133957862854
   530    -1.3229446411132812  1.933456540107727  -0.47798213362693787
   531    -1.2648377418518066  1.3694853782653809  -0.18892346322536469
   532    -1.5217026472091675  1.9714592695236206  -0.2306748926639557
   533    -1.499424695968628  1.8900456428527832  -0.14000409841537476
   534    -1.3443042039871216  2.4135701656341553  -0.7414689064025879
   535    0.03894387185573578  1.2271976470947266  0.8486781716346741
   536    0.34289437532424927  1.0416908264160156  -0.4376045763492584
   537    0.553530752658844  1.0569063425064087  -0.3312133848667145
   538    0.3892720937728882  0.8582394123077393  -0.48505905270576477
   539    -1.2446798086166382  2.275473117828369  -0.7937893867492676
   540    0.18450190126895905  -0.26422590017318726  0.9047673940658569
   541    -0.6812426447868347  -0.3235568404197693  0.34486904740333557
   542    0.41822588443756104  0.18888254463672638  0.9635742902755737
   543    -0.5103926062583923  -0.12502478063106537  1.0591189861297607
   544    -0.15206116437911987  -0.32373178005218506  -0.46076080203056335
   545    -0.29826778173446655  -0.3133048713207245  -0.38611695170402527
   546    -0.35854214429855347  -0.22819127142429352  -0.12168961763381958
   547    -0.8662534952163696  1.2702471017837524  0.6998842358589172
   548    -0.7521750330924988  0.445058673620224  -0.3506373167037964
   549    -0.6586533188819885  0.3443846106529236  -0.3714360296726227
   550    -1.3418461084365845  1.648453950881958  0.9152634143829346
   551    -0.9858877658843994  1.722927451133728  0.4140600562095642
   552    0.7340674996376038  0.21439065039157867  -0.23123395442962646
   553    0.6674233675003052  0.32371068000793457  -0.34595629572868347
   554    0.38165342807769775  -0.3009905219078064  -0.08248154819011688
   555    0.32400205731391907  -0.312844842672348  0.035902492702007294
   556    0.3078230619430542  -0.2747870981693268  0.0732630044221878
   557    -0.3277897536754608  0.47172078490257263  -0.7799331545829773
   558    0.7730436325073242  0.8027337789535522  0.69267338514328
   559    -0.8164077997207642  0.8469658493995667  0.8487576842308044
   560    0.5015281438827515  0.5571122765541077  0.9669904708862305
   561    -0.7531039714813232  -0.2901779115200043  0.49519479274749756
   562    -1.4005539417266846  2.0731799602508545  -0.9795740246772766
   563    0.7954908609390259  0.007986525073647499  -0.1338486224412918
   564    -0.9612054824829102  2.3264458179473877  -0.09751171618700027
   565    0.29394471645355225  1.5652903318405151  0.018604910001158714
   566    -1.234196424484253  2.31646728515625  -1.1219648122787476
   567    -1.1610199213027954  0.5129601955413818  -0.3737139403820038
   568    -0.8699600100517273  2.3198039531707764  0.08711006492376328
   569    -0.9036194086074829  2.1283254623413086  0.13550490140914917
   570    -0.5956195592880249  2.097550868988037  -0.03537517040967941
   571    -1.7313908338546753  0.6145037412643433  0.27466219663619995
   572    -1.7687283754348755  0.8324149250984192  0.46463894844055176
   573    -1.0309678316116333  -0.3202572166919708  0.5281042456626892
   574    0.258095920085907  0.650945782661438  1.065368890762329
   575    -0.6776263117790222  2.435537815093994  -0.29813113808631897
   576    -0.5348623991012573  2.410428047180176  -0.3742900490760803
   577    0.9162517189979553  0.7856883406639099  0.15592515468597412
   578    0.9006034135818481  0.5351092219352722  0.0035163213033229113
   579    0.6478841304779053  -0.16982296109199524  0.5588939189910889
   580    -0.4447256326675415  0.45557060837745667  1.0248266458511353
   581    -0.4015102684497833  0.9459791779518127  0.9080299735069275
   582    -1.537853717803955  1.937347173690796  0.8438688516616821
   583    -1.3605372905731201  0.24104610085487366  0.40674856305122375
   584    -0.5502205491065979  0.41738608479499817  0.8123272061347961
   585    -0.3641177713871002  1.3236138820648193  -0.31763172149658203
   586    -0.6781066060066223  1.1304856538772583  -0.405941367149353
   587    0.15636718273162842  -0.2219538688659668  0.5977777242660522
   588    -0.16975989937782288  0.563066840171814  1.156367301940918
   589    -0.5285342931747437  0.7356789708137512  -0.7226409912109375
   590    -1.2842254638671875  2.380237102508545  -1.2152066230773926
   591    0.8901626467704773  0.8316390514373779  0.4177508056163788
   592    -1.7898906469345093  1.8464171886444092  0.617102861404419
   593    -1.791382074356079  0.8349197506904602  0.2403719425201416
   594    -1.083073377609253  0.29177162051200867  -0.1855815052986145
   595    -1.2719911336898804  0.6010324358940125  0.8608448505401611
   596    -1.224051594734192  0.7677778601646423  0.908011257648468
   597    -1.630591869354248  2.0972633361816406  0.296240895986557
   598    0.3373412489891052  -0.13116280734539032  0.88381028175354
   599    -0.4387088119983673  1.1854212284088135  -0.4221441149711609
   600    1.1689811944961548  0.06182769685983658  0.23350073397159576
   601    -0.2741788327693939  -0.23058930039405823  0.509416937828064
   602    -0.7856186628341675  0.6024181842803955  0.8588173389434814
   603    -0.8388009071350098  0.36836495995521545  0.8320793509483337
   604    -1.0919156074523926  1.8117808103561401  -0.036236707121133804
   605    1.1850512027740479  0.1743607372045517  0.1179758682847023
   606    1.1646642684936523  0.1530022770166397  0.44939449429512024
   607    0.6516935229301453  0.13928696513175964  0.7708514928817749
   608    1.015153408050537  0.35693374276161194  0.5305949449539185
   609    -1.7053954601287842  1.7817556858062744  0.0360478051006794
   610    -1.2366375923156738  2.1198842525482178  0.29839617013931274
   611    0.11479362845420837  -0.07986010611057281  0.9727898836135864
   612    -1.680374026298523  1.2064458131790161  0.5330870747566223
   613    -0.14394935965538025  0.9944162964820862  0.9859933853149414
   614    -1.2473899126052856  -0.08435790985822678  0.6656515598297119
   615    -0.8933339715003967  -0.3056879937648773  0.3583340048789978
   616    -1.439361572265625  1.287138819694519  1.022032618522644
   617    -1.0968044996261597  -0.32113757729530334  -0.23982129991054535
   618    -1.0766992568969727  -0.34024733304977417  0.3589957654476166
   619    -0.30695199966430664  2.7234599590301514  -0.4919019937515259
   620    -0.41291168332099915  2.1660635471343994  -0.1210184246301651
   621    -1.2733913660049438  -0.16539449989795685  0.5361427068710327
   622    -1.009564995765686  1.933576226234436  0.2505340278148651
   623    -0.6870436072349548  2.529573440551758  -0.22646795213222504
   624    0.7621141672134399  1.201363444328308  0.2328166961669922
   625    -1.2557566165924072  -0.32493332028388977  0.21753107011318207
   626    0.7275917530059814  0.9047226905822754  -0.23090746998786926
   627    0.6392616629600525  0.8330246806144714  -0.37107813358306885
   628    0.21168988943099976  0.21365143358707428  1.0507442951202393
   629    0.04629797488451004  0.15262848138809204  1.082084059715271
   630    -1.2117656469345093  1.410150408744812  0.8307036757469177
   631    0.698453426361084  1.2312028408050537  0.5255947113037109
   632    -0.49678319692611694  0.8477250933647156  -0.6550230383872986
   633    -1.7769628763198853  0.9655173420906067  0.16049732267856598
   634    -1.6774917840957642  0.5409985780715942  0.09043493866920471
   635    -0.040134936571121216  -0.11451276391744614  0.9303526878356934
   636    0.06269312649965286  1.3548743724822998  -0.336900532245636
   637    0.21642960608005524  1.3749110698699951  -0.30025386810302734
   638    0.3049871325492859  1.4301280975341797  -0.2036544382572174
   639    -1.1844059228897095  0.9901828765869141  -0.3792631924152374
   640    -1.0312097072601318  0.09594614058732986  0.4322495460510254
   641    -0.6400937438011169  0.4181884825229645  0.8066829442977905
   642    0.5752293467521667  0.9991112351417542  0.8193772435188293
   643    -1.7777079343795776  0.7635783553123474  0.36928635835647583
   644    -0.9309405088424683  -0.012833166867494583  0.7735788226127625
   645    -1.0586011409759521  -0.14395920932292938  0.9140588045120239
   646    -1.6587285995483398  1.565299391746521  -0.090949147939682
   647    -1.4076834917068481  2.4194955825805664  -0.6304605603218079
   648    -1.2866556644439697  2.306069850921631  -0.5593380928039551
   649    -1.2431849241256714  2.206988573074341  -0.7847299575805664
   650    0.44966936111450195  1.2145614624023438  -0.2819123864173889
   651    -1.446962833404541  -0.26023659110069275  0.1624821424484253
   652    -0.9495828747749329  0.44855037331581116  0.8266660571098328
   653    -1.016821026802063  0.2565935254096985  0.6698989868164062
   654    0.2586842477321625  1.5918713808059692  0.07461881637573242
   655    -0.7774832248687744  2.2471232414245605  0.01496057864278555
   656    -1.729687213897705  1.464810848236084  0.9676831364631653
   657    -0.7485785484313965  1.5621280670166016  0.11438499391078949
   658    -1.846287727355957  1.3399831056594849  0.1896943300962448
   659    -0.5314878821372986  1.2158046960830688  0.7554208636283875
   660    0.17538189888000488  -0.31347090005874634  -0.2922596037387848
   661    -1.0683902502059937  -0.3302757740020752  -0.011858319863677025
   662    -1.5026005506515503  2.17663836479187  -0.16565485298633575
   663    -0.6419663429260254  2.1533961296081543  -0.23513035476207733
   664    -0.8686595559120178  1.947982907295227  -0.02351493015885353
   665    -0.18409059941768646  2.5111799240112305  -0.5759620070457458
   666    -1.2524774074554443  2.118777275085449  -0.2991703152656555
   667    -1.069366455078125  -0.03265410661697388  -0.12892970442771912
   668    0.7525573968887329  0.12522611021995544  0.6309457421302795
   669    -0.3547293245792389  1.5520565509796143  0.08946103602647781
   670    -0.5074133276939392  1.4488228559494019  -0.12083680182695389
   671    -0.8819220662117004  0.4384183883666992  -0.3562205731868744
   672    -0.8069906830787659  0.2204022854566574  -0.2440994679927826
   673    -1.5475467443466187  2.158313274383545  -0.4363788068294525
   674    -0.7441955208778381  -0.3270256519317627  0.09374192357063293
   675    0.2779880166053772  0.10713577270507812  -0.579779863357544
   676    0.2036198228597641  -0.010733086615800858  -0.5630654692649841
   677    -0.23848271369934082  -0.06688153743743896  -0.5913640260696411
   678    -0.3885279893875122  0.056913577020168304  -0.6249316930770874
   679    0.07493477314710617  0.4257811903953552  1.119099736213684
   680    -0.7609333395957947  1.4457560777664185  -0.20924481749534607
   681    -0.8552309274673462  1.2905961275100708  -0.3179101049900055
   682    -0.34449806809425354  -0.2354181855916977  0.20099298655986786
   683    0.13733552396297455  1.6329188346862793  0.27362287044525146
   684    0.13554342091083527  -0.30217719078063965  0.47819897532463074
   685    -1.5023859739303589  2.5837044715881348  -1.066017508506775
   686    -1.3700296878814697  2.4702634811401367  -1.1252678632736206
   687    -1.1031612157821655  1.9216740131378174  0.5972606539726257
   688    1.1278836727142334  0.4329450726509094  0.15341676771640778
   689    0.21502181887626648  -0.29740583896636963  0.07429137080907822
   690    0.9368183016777039  0.12420958280563354  -0.11713474988937378
   691    -1.690245270729065  0.6731071472167969  -0.04324615001678467
   692    1.2006958723068237  0.24718445539474487  0.3813523054122925
   693    0.800324022769928  1.12682044506073  0.33095577359199524
   694    -0.7142320275306702  -0.2821680009365082  0.31005799770355225
   695    -1.7236216068267822  0.6657307147979736  0.12602101266384125
   696    -0.31618571281433105  1.5674244165420532  0.3800877332687378
   697    -1.7888792753219604  1.2637922763824463  0.6666587591171265
   698    0.6815029978752136  1.258565902709961  -0.025902947410941124
   699    0.46525290608406067  0.02399471588432789  0.8255020976066589
   700    -0.9849532842636108  0.040122151374816895  -0.1753888577222824
   701    -0.3198353350162506  0.49594590067863464  1.1152912378311157
   702    0.22172605991363525  0.36153972148895264  -0.6148912310600281
   703    -0.09260817617177963  0.916856050491333  -0.6456038355827332
   704    -0.04967040196061134  0.7960675954818726  -0.710228443145752
   705    -1.2557201385498047  0.4911816716194153  0.8140482902526855
   706    -1.335333228111267  -0.2866276204586029  0.297709584236145
   707    -0.26452356576919556  2.308704137802124  -0.2642361521720886
   708    -0.1950632780790329  2.4257800579071045  -0.4283423125743866
   709    -1.051274299621582  2.2669832706451416  -0.004800731316208839
   710    -0.1401161551475525  -0.30273017287254333  0.8416001796722412
   711    -1.2280454635620117  2.513773202896118  -1.208587884902954
   712    -0.6129425764083862  -0.30191320180892944  0.9884902834892273
   713    -0.5018448233604431  -0.30163174867630005  0.8706492185592651
   714    -0.9536976218223572  -0.2741697132587433  -0.24912242591381073
   715    0.8664062023162842  -0.14108353853225708  0.4915276765823364
   716    -0.036646127700805664  -0.27416926622390747  -0.4942757189273834
   717    -1.0360488891601562  1.1760892868041992  0.7693126201629639
   718    0.3513931334018707  -0.3071140646934509  0.4434695839881897
   719    0.47310277819633484  -0.2908117473125458  0.28697457909584045
   720    0.44421666860580444  -0.2689732611179352  0.2788527309894562
   721    -1.1646218299865723  -0.05428347736597061  0.798083484172821
   722    -0.7291687726974487  2.516932487487793  -0.10991452634334564
   723    -1.198500633239746  2.1085450649261475  0.46445417404174805
   724    -0.6686370372772217  0.5229569673538208  -0.5479933023452759
   725    -0.8321449160575867  -0.12231608480215073  -0.44569653272628784
   726    -0.797308623790741  -0.03899339959025383  -0.25432103872299194
   727    -1.5408391952514648  2.0836122035980225  -0.19251666963100433
   728    -1.2228655815124512  -0.3076821565628052  0.8443740606307983
   729    -1.0957082509994507  1.2108404636383057  -0.3562518358230591
   730    1.1939908266067505  0.3792453706264496  0.1982879638671875
   731    1.0499563217163086  -0.06733597815036774  0.3866499960422516
   732    -1.495240330696106  0.46939870715141296  -0.1622086763381958
   733    -1.5834511518478394  0.9486008286476135  0.7009398341178894
   734    -0.6519973278045654  0.060273684561252594  -0.2093072533607483
   735    -0.15565887093544006  1.476791501045227  0.675968587398529
   736    -0.876600980758667  1.5962151288986206  0.24378223717212677
   737    -1.5242983102798462  2.5334904193878174  -1.0316680669784546
   738    -0.6493600010871887  2.5143399238586426  -0.05835140123963356
   739    -1.6172447204589844  0.9010639190673828  -0.17000310122966766
   740    0.9062556624412537  0.06939711421728134  0.6480399966239929
   741    -1.475457787513733  2.1109049320220947  -0.5191820859909058
   742    -1.4441660642623901  1.7501931190490723  -0.1456078588962555
   743    -1.2030659914016724  2.0422117710113525  0.0015933403046801686
   744    -1.0625239610671997  0.9887056350708008  0.8506805896759033
   745    -1.5948927402496338  2.0770692825317383  0.561411440372467
   746    -1.2971895933151245  1.027042031288147  0.839712917804718
   747    0.7665913701057434  0.6326112747192383  -0.283100426197052
   748    -1.5815308094024658  0.6532230377197266  -0.18774206936359406
   749    -0.08156275749206543  1.5645222663879395  -0.07228152453899384
   750    0.07544513046741486  1.0690374374389648  -0.43727415800094604
   751    -0.13205358386039734  0.12667962908744812  1.0758302211761475
   752    -0.48621296882629395  1.5263588428497314  0.2839471399784088
   753    -1.2849388122558594  1.6775912046432495  0.8005350232124329
   754    -1.3192058801651  1.8623734712600708  -0.23310424387454987
   755    0.16360610723495483  -0.3053760528564453  0.8610080480575562
   756    -1.4597312211990356  2.2619690895080566  -0.7859471440315247
   757    -1.0663294792175293  0.18946772813796997  0.4984245300292969
   758    0.25660964846611023  1.3123751878738403  0.743593692779541
   759    -1.8627840280532837  1.6200333833694458  0.375784307718277
   760    -1.5351710319519043  1.0396480560302734  -0.20395542681217194
   761    0.5375326871871948  0.4130304455757141  0.8691747784614563
   762    -1.4176253080368042  1.5761491060256958  -0.18179306387901306
   763    -1.3178765773773193  0.5149320363998413  -0.33411458134651184
   764    -0.06884738802909851  0.4473675787448883  -0.714178204536438
   765    0.03443298861384392  0.5939497947692871  -0.7016242146492004
   766    0.5762357115745544  0.32523882389068604  -0.40031561255455017
   767    0.2572222054004669  0.2690960764884949  -0.6031065583229065
   768    0.4410739541053772  0.3311918377876282  -0.5417817234992981
   769    0.647903561592102  0.6079273819923401  -0.38593435287475586
   770    0.5588709712028503  0.4256284832954407  -0.46205464005470276
   771    0.8588947057723999  0.9620741009712219  0.4021642804145813
   772    -0.8334234952926636  -0.32990533113479614  -0.4865621328353882
   773    -0.543017566204071  -0.28241217136383057  -0.5908716917037964
   774    -0.42066267132759094  -0.06791681051254272  -0.5569118857383728
   775    -0.5531286597251892  0.5392264127731323  0.9053851366043091
   776    -1.7814079523086548  0.9894800782203674  0.3880921006202698
   777    -1.7279808521270752  1.7450504302978516  0.8800438642501831
   778    -1.2450485229492188  0.6873340010643005  -0.38398924469947815
   779    -1.1347893476486206  1.5256344079971313  0.7893877625465393
   780    -1.6548106670379639  0.5255623459815979  0.24544106423854828
   781    -1.620112419128418  0.5310098528862  0.49347278475761414
   782    -1.0841196775436401  0.6275930404663086  0.9022420644760132
   783    -1.450873851776123  1.8932958841323853  -0.3186285197734833
   784    -1.188478946685791  -0.22375613451004028  0.9201129078865051
   785    -1.3169829845428467  -0.1480589658021927  -0.0679539367556572
   786    -1.5341452360153198  1.0953871011734009  0.6974714994430542
   787    0.025267578661441803  1.5228941440582275  -0.13165615499019623
   788    0.4795934557914734  1.4795974493026733  0.08872859179973602
   789    0.14941366016864777  -0.2563919425010681  -0.23890917003154755
   790    0.38644853234291077  1.0249727964401245  0.9167013168334961
   791    -1.4990407228469849  2.4814140796661377  -0.7904190421104431
   792    0.009654705412685871  -0.30842873454093933  0.20502793788909912
   793    -0.2932911515235901  1.2238539457321167  -0.3860495388507843
   794    -0.46805140376091003  1.064182996749878  -0.47395604848861694
   795    -0.9038832783699036  1.327130913734436  -0.3139628767967224
   796    -0.8527036905288696  0.055430758744478226  -0.2223062962293625
   797    0.4367334246635437  -0.16988134384155273  0.8257887363433838
   798    -1.0360075235366821  0.0773623064160347  0.5854883193969727
   799    -0.2607969641685486  -0.22646889090538025  -0.3092149794101715
   800    -0.22903524339199066  -0.22740943729877472  -0.008384753949940205
   801    -0.804921567440033  0.14000408351421356  0.8031170964241028
   802    -0.8446152806282043  0.1331522911787033  0.7988293766975403
   803    0.8868515491485596  -0.17632795870304108  0.11747179925441742
   804    -1.4139004945755005  2.35628604888916  -0.45076557993888855
   805    -0.9019885659217834  2.166271924972534  -0.1778552234172821
   806    -0.7854064702987671  1.5478702783584595  -0.026682250201702118
   807    -0.8270643353462219  2.4109559059143066  -0.1876295506954193
   808    -0.8171583414077759  2.1039340496063232  0.1253521740436554
   809    -1.2646558284759521  -0.11193550378084183  0.753776490688324
   810    -1.3312785625457764  -0.2740013897418976  0.7347831130027771
   811    0.13320426642894745  0.8032819032669067  -0.6567932367324829
   812    -1.8325706720352173  1.8268400430679321  0.33003517985343933
   813    -0.0463809035718441  0.8926149606704712  1.100870966911316
   814    -1.1923766136169434  1.5082833766937256  -0.15965069830417633
   815    -1.0602188110351562  1.6570101976394653  -0.08250902593135834
   816    0.5783351063728333  0.7406843900680542  0.8756013512611389
   817    1.1220475435256958  0.3873310685157776  0.46018874645233154
   818    0.018578626215457916  0.30725380778312683  -0.6889758110046387
   819    -0.9628328084945679  -0.3087828457355499  0.7450531721115112
   820    -1.294080138206482  -0.2963188886642456  0.48641881346702576
   821    -0.6394635438919067  -0.005166688933968544  -0.37162575125694275
   822    -1.4462250471115112  0.2786003053188324  0.14521576464176178
   823    -1.5386213064193726  0.4018266797065735  0.4457746744155884
   824    -1.4250074625015259  0.2791917622089386  0.4021993577480316
   825    -1.2342181205749512  2.1214261054992676  -0.5617609620094299
   826    -1.306645393371582  0.9125583171844482  -0.35853311419487
   827    -1.7847633361816406  1.7922477722167969  0.7355462312698364
   828    -1.047045111656189  1.815185546875  0.4416481554508209
   829    -0.30275073647499084  -0.03415496647357941  0.9559751152992249
   830    -1.2152910232543945  2.0672500133514404  0.6499625444412231
   831    -0.32526895403862  0.17237292230129242  -0.7080374956130981
   832    -1.3254063129425049  2.2842581272125244  -1.1692172288894653
   833    -0.8218262195587158  1.991494059562683  -0.0846942588686943
   834    -1.247965931892395  0.9028190970420837  0.8837217688560486
   835    -1.4764195680618286  0.9108535051345825  0.8022091388702393
   836    0.8474633097648621  0.9839048981666565  -0.002031346084550023
   837    -0.8300406336784363  0.727563202381134  0.8517083525657654
   838    0.9234315752983093  0.5075880289077759  0.3718697726726532
   839    0.8958895206451416  0.8706396222114563  0.30698877573013306
   840    -0.11919693648815155  -0.21231618523597717  0.7295538783073425
   841    0.32127729058265686  0.11172258108854294  0.972104549407959
   842    0.023816682398319244  1.6234853267669678  0.09489349275827408
   843    -1.1401921510696411  1.0930023193359375  0.8283672332763672
   844    0.16293539106845856  0.6145381927490234  1.1051311492919922
   845    -0.005038843490183353  0.6176744103431702  1.147546648979187
   846    -0.8949729204177856  1.0955060720443726  -0.41511663794517517
   847    0.8276064395904541  0.23906297981739044  -0.06486830860376358
   848    -0.9956825971603394  0.508436381816864  -0.3567800223827362
   849    -0.6114522218704224  0.20623762905597687  -0.39441850781440735
   850    0.2936028838157654  0.9363406896591187  0.9636918306350708
   851    -1.5538853406906128  1.336587905883789  -0.11620201170444489
   852    0.21771135926246643  0.1198853850364685  1.0521847009658813
   853    -0.4924643635749817  2.663999557495117  -0.20913290977478027
   854    0.15777531266212463  1.0289475917816162  -0.4234761893749237
   855    -0.17469848692417145  0.4570557773113251  -0.7512273192405701
   856    -0.27232274413108826  0.758346438407898  -0.7658801674842834
   857    0.26727405190467834  0.5895835757255554  -0.6201083660125732
   858    0.8236258625984192  0.9093024134635925  -0.10386347025632858
   859    -0.43813133239746094  0.5821040272712708  1.1067694425582886
   860    -0.702856719493866  -0.08990798890590668  0.8799057006835938
   861    -0.6925657987594604  -0.23323853313922882  -0.06155756115913391
   862    -0.1725214719772339  1.3104921579360962  0.8055610060691833
   863    -0.3930548429489136  1.343934416770935  0.7219272255897522
   864    -0.65823894739151  1.401857614517212  0.5748056769371033
   865    -0.5967021584510803  1.4869393110275269  0.39906230568885803
   866    -1.3874099254608154  -0.16944263875484467  0.0041731493547558784
   867    -1.7578632831573486  1.638499140739441  0.042475298047065735
   868    -1.334346055984497  0.3628571629524231  0.660361647605896
   869    -1.308470606803894  2.0726678371429443  -0.8415707349777222
   870    1.2015955448150635  0.1689816415309906  0.3387177288532257
   871    -0.9635366201400757  -0.3290430009365082  -0.16960930824279785
   872    -0.9400773048400879  1.4919294118881226  -0.18397362530231476
   873    -1.5733529329299927  2.0804286003112793  0.11375154554843903
   874    -1.6123346090316772  1.9983419179916382  0.018556125462055206
   875    -1.6185262203216553  1.7938371896743774  -0.05217153578996658
   876    0.686107873916626  1.1086699962615967  0.6372936367988586
   877    0.5857724547386169  1.0756328105926514  0.7480202317237854
   878    -0.5178210735321045  0.5822020769119263  -0.7465248703956604
   879    -0.36925965547561646  0.7721490859985352  -0.7555953860282898
   880    -1.560428261756897  2.215038299560547  -0.4186137616634369
   881    -1.5342572927474976  2.276796340942383  -0.4004358947277069
   882    -0.09331343322992325  0.09586351364850998  -0.6525697112083435
   883    0.5266693830490112  0.012223784811794758  -0.41073256731033325
   884    -0.998557448387146  1.543366551399231  0.6448754668235779
   885    -0.036924611777067184  1.3853410482406616  -0.2786303460597992
   886    0.6499290466308594  0.06865135580301285  -0.21486499905586243
   887    0.6082102656364441  -0.07094231247901917  -0.13390925526618958
   888    -0.6960366368293762  -0.3206859529018402  0.48094451427459717
   889    0.029604563489556313  -0.28102901577949524  0.9297472834587097
   890    -0.8825512528419495  -0.30998778343200684  0.7691175937652588
   891    -0.9624621272087097  -0.27745816111564636  0.913989782333374
   892    -0.3732849955558777  2.4098470211029053  -0.42602917551994324
   893    -1.3832768201828003  1.2989842891693115  1.016955018043518
   894    0.08932554721832275  -0.31925708055496216  -0.41788774728775024
   895    -0.7124330401420593  -0.2542448341846466  0.9371781945228577
   896    -0.34572383761405945  -0.3018895387649536  0.996961772441864
   897    -0.2804158627986908  -0.2847778797149658  1.0118695497512817
   898    -0.4974788725376129  2.1458938121795654  -0.1908617466688156
   899    -1.7327239513397217  1.18097722530365  0.2552701234817505
   900    -0.6120479702949524  -0.33141523599624634  -0.5811312794685364
   901    -1.539889931678772  1.6832211017608643  1.0344496965408325
   902    0.2771219313144684  0.32532382011413574  1.060470700263977
   903    -0.2913437783718109  2.662935495376587  -0.44463804364204407
   904    -1.2703617811203003  -0.10174206644296646  0.20187777280807495
   905    -1.3150273561477661  -0.22508472204208374  0.29776328802108765
   906    -0.17166784405708313  -0.22083105146884918  -0.18180152773857117
   907    0.8742846250534058  0.45107612013816833  -0.025651467964053154
   908    0.938982367515564  0.47486841678619385  0.17549660801887512
   909    -1.8720848560333252  1.4081178903579712  0.2556118965148926
   910    -0.6800794005393982  2.1890909671783447  0.05254678800702095
   911    -0.5599028468132019  1.2117778062820435  -0.36773353815078735
   912    0.7807266116142273  -0.17578895390033722  -0.027075091376900673
   913    -0.34969741106033325  0.06723830848932266  0.9874199628829956
   914    -0.5454947352409363  0.11726970225572586  0.7430936098098755
   915    -0.8884353637695312  0.7853594422340393  -0.4410635232925415
   916    -0.9826870560646057  1.9541584253311157  -0.05652913823723793
   917    0.17972426116466522  0.35041549801826477  1.0980428457260132
   918    0.5497836470603943  0.21965353190898895  -0.44179654121398926
   919    -0.3950689435005188  -0.23228049278259277  0.5287951231002808
   920    -0.5656542181968689  -0.2460421621799469  0.4514071047306061
   921    0.06876201927661896  0.9195191860198975  1.0642389059066772
   922    -1.8494787216186523  1.4121798276901245  0.5626939535140991
   923    -1.466468095779419  0.6413142085075378  -0.3055163025856018
   924    0.8648312091827393  0.3905973434448242  0.5279995799064636
   925    0.7897223830223083  -0.22616252303123474  0.32918182015419006
   926    -0.5928415656089783  0.019760513678193092  -0.4098183512687683
   927    0.21327556669712067  1.5938794612884521  0.46141982078552246
   928    -1.0373648405075073  -0.17408432066440582  -0.2141094207763672
   929    -0.19082628190517426  -0.11158102005720139  0.9769328236579895
   930    -0.12436946481466293  1.6131651401519775  0.342574805021286
   931    0.8433453440666199  0.4510014057159424  -0.12730450928211212
   932    0.4255262017250061  0.7273381948471069  0.986628532409668
   933    0.55547034740448  0.8623021245002747  0.8893935680389404
   934    -0.5454115271568298  0.6803976893424988  0.9883006811141968
   935    -0.5675089359283447  2.285968065261841  -0.31886836886405945
   936    -0.8628965616226196  2.3090295791625977  -0.19994992017745972
   937    -0.7187442183494568  2.308558225631714  -0.2908024191856384
   938    -0.7141504287719727  -0.3271423578262329  0.2111864984035492
   939    -0.003199545433744788  -0.1314907819032669  -0.4989129304885864
   940    -0.10187205672264099  -0.09588222950696945  -0.5697803497314453
   941    0.4534347653388977  -0.11309177428483963  -0.3016369044780731
   942    -1.3553000688552856  2.118751287460327  -0.053128015249967575
   943    -1.294421672821045  2.155543088912964  -0.22953076660633087
   944    -1.27162504196167  1.8639335632324219  0.770114541053772
   945    -0.4080674350261688  0.9414950609207153  -0.5008071660995483
   946    -0.08280877023935318  0.9788146018981934  -0.5326428413391113
   947    -1.6109654903411865  1.8011748790740967  0.9400210976600647
   948    -0.5270533561706543  -0.23048463463783264  -0.19561289250850677
   949    -0.3036237359046936  -0.2223350703716278  -0.227431058883667
   950    -1.3316243886947632  1.8062102794647217  -0.15824395418167114
   951    -0.5662062764167786  1.0487549304962158  0.8527292609214783
   952    -0.33527132868766785  1.056584119796753  0.8733497262001038
   953    -0.5232255458831787  -0.003260357305407524  0.9283630847930908
   954    -0.3987240195274353  -0.04634515568614006  1.0096999406814575
   955    -0.8888335824012756  0.15069249272346497  0.7840148210525513
   956    0.4322489798069  1.511242151260376  0.44520220160484314
   957    -0.9660720825195312  -0.13087178766727448  0.8748127222061157
   958    -0.7166659235954285  0.6062002778053284  -0.4340316653251648
   959    -1.0468183755874634  1.9548856019973755  0.3880672752857208
   960    -1.0598407983779907  2.048543691635132  0.31232336163520813
   961    -1.0773096084594727  2.0147364139556885  0.5133522152900696
   962    -0.2563381493091583  2.669797658920288  -0.5627808570861816
   963    -0.320358008146286  2.6315784454345703  -0.5297344923019409
   964    -1.2532562017440796  1.3468412160873413  0.8474956750869751
   965    0.3615092933177948  0.17393328249454498  -0.553621232509613
   966    -0.3733164370059967  2.351067066192627  -0.26099878549575806
   967    -0.5481008291244507  2.4409942626953125  -0.1968698650598526
   968    -0.1045965924859047  -0.22379110753536224  0.587444543838501
   969    -0.06962801516056061  -0.23207718133926392  0.3435530960559845
   970    -1.2730780839920044  2.3454036712646484  -0.796180248260498
   971    -1.155608892440796  -0.001126286224462092  0.10495615005493164
   972    -1.5174033641815186  0.3493603765964508  0.1172892153263092
   973    0.6980791687965393  0.20056001842021942  0.7538105845451355
   974    -1.1735881567001343  -0.32699090242385864  -0.2136698067188263
   975    -1.6249207258224487  1.0952818393707275  -0.0928620919585228
   976    0.5001561045646667  1.4480595588684082  0.49934840202331543
   977    -1.2479068040847778  1.9637354612350464  -0.2160641849040985
   978    -1.757766842842102  0.9073446393013  0.4907875061035156
   979    -1.0324761867523193  -0.019641337916254997  0.7546096444129944
   980    -0.9560811519622803  1.630740761756897  0.5003311634063721
   981    -0.6589159965515137  0.7538386583328247  -0.5028342604637146
   982    0.3175375759601593  1.1695588827133179  0.8131032586097717
   983    0.08187681436538696  1.0323432683944702  0.8960924744606018
   984    0.21129588782787323  1.116360068321228  0.871256411075592
   985    -0.6342959403991699  0.9815155267715454  -0.4554866552352905
   986    -1.404037594795227  1.607423186302185  1.0029047727584839
   987    0.527388870716095  0.77097088098526  -0.45553621649742126
   988    -0.5283491611480713  2.3465709686279297  -0.18641774356365204
   989    0.689350426197052  -0.22982361912727356  0.005594557151198387
   990    -1.555834174156189  2.0162503719329834  -0.06246170029044151
   991    -1.4358761310577393  2.1281304359436035  0.4056299030780792
   992    -1.7993991374969482  1.650414228439331  0.6796388626098633
   993    0.4200330674648285  0.4626312255859375  1.0069682598114014
   994    -1.3922438621520996  -0.32373765110969543  0.1272018998861313
   995    -1.8543034791946411  1.4419136047363281  0.6443021297454834
   996    -0.1874723583459854  -0.3109293580055237  -0.36635977029800415
   997    -1.6761443614959717  0.7752028107643127  0.5939878225326538
   998    -0.6179514527320862  0.044304635375738144  0.7438137531280518
   999    0.3796970546245575  -0.29354625940322876  0.7229122519493103
   1000    0.23663753271102905  -0.29443299770355225  0.6374626755714417
   1001    0.09168596565723419  -0.31732165813446045  0.12401086837053299
   1002    0.21441562473773956  -0.31568944454193115  -0.03438539430499077
   1003    -0.29998382925987244  -0.20881997048854828  0.7969662547111511
   1004    -0.5180723071098328  1.404159665107727  -0.1970670521259308
   1005    -0.7449806928634644  0.7222728133201599  0.8780744075775146
   1006    -1.4880499839782715  1.9977980852127075  -0.6223405003547668
   1007    0.6220430135726929  -0.2784055471420288  0.36933115124702454
   1008    -1.5172474384307861  2.558382987976074  -0.9375473856925964
   1009    -1.3982042074203491  2.5220260620117188  -0.9270935654640198
   1010    -1.4799364805221558  2.594088554382324  -0.9894936084747314
   1011    0.4335399866104126  -0.2901720106601715  0.18701359629631042
   1012    1.078871488571167  0.2167215496301651  -0.047091539949178696
   1013    -0.2584356963634491  0.8161017894744873  1.13279390335083
   1014    -0.9376404881477356  1.9059513807296753  0.013206076808273792
   1015    0.7617822289466858  0.1430075764656067  -0.11514163762331009
   1016    1.0397322177886963  0.35294827818870544  0.01451979111880064
   1017    -0.8124663233757019  1.3824687004089355  0.6087819933891296
   1018    -0.961400032043457  1.3782786130905151  0.60201495885849
   1019    -1.176842212677002  -0.10208763927221298  -0.100906141102314
   1020    -0.7805911898612976  1.3725669384002686  -0.2610429525375366
   1021    0.18209032714366913  1.3175493478775024  0.7678708434104919
   1022    0.029237153008580208  1.4125840663909912  0.7390716671943665
   1023    0.2589491903781891  0.8853920698165894  -0.5382294058799744
   1024    -0.8045287728309631  1.5541309118270874  0.3080979585647583
   1025    0.7540104985237122  1.168831467628479  0.01011609099805355
   1026    0.7177236080169678  1.2605441808700562  0.2521696984767914
   1027    -0.35173299908638  1.455676555633545  0.6069405674934387
   1028    -1.8488200902938843  1.5225757360458374  0.7651463150978088
   1029    0.2672343850135803  0.7146202325820923  -0.6125092506408691
   1030    -0.9405702352523804  2.231161594390869  0.13782712817192078
   1031    -0.8354741334915161  2.26314377784729  0.09130731225013733
   1032    -0.6047444343566895  2.5125205516815186  -0.08842667192220688
   1033    -0.3032585382461548  1.4306613206863403  -0.17449115216732025
   1034    -1.2465933561325073  2.228101968765259  -0.8546218872070312
   1035    0.1929038017988205  -0.30055201053619385  -0.15056779980659485
   1036    0.41027122735977173  1.2602583169937134  0.7388673424720764
   1037    -1.4426789283752441  2.1230227947235107  -0.7479064464569092
   1038    -0.8355056643486023  -0.31910693645477295  -0.1174679771065712
   1039    -0.7090479135513306  -0.2439727932214737  -0.2803806960582733
   1040    -0.6147769689559937  0.05047333985567093  -0.2950912415981293
   1041    -0.31912869215011597  0.3034657835960388  1.07025945186615
   1042    -1.1535171270370483  1.6916800737380981  -0.11262740194797516
   1043    -1.1235697269439697  0.1438080370426178  0.21979624032974243
   1044    0.16268013417720795  -0.3039734661579132  0.3620874881744385
   1045    -0.11722080409526825  0.2670075297355652  -0.7106258869171143
   1046    -0.23509304225444794  0.8684728741645813  1.1152498722076416
   1047    -1.715652585029602  1.2474949359893799  0.5687981247901917
   1048    -0.2401512861251831  0.9825038909912109  -0.4983137249946594
   1049    -0.9486823678016663  1.6817306280136108  0.17046354711055756
   1050    -1.3803995847702026  0.3460649251937866  -0.09078226238489151
   1051    0.0923810675740242  0.11725568771362305  -0.6126123070716858
   1052    0.4067877531051636  0.2829337418079376  0.9545945525169373
   1053    1.12118661403656  -0.012512603774666786  0.21631433069705963
   1054    1.0128483772277832  -0.09228169918060303  0.10955757647752762
   1055    -0.27321696281433105  2.340554714202881  -0.4253924489021301
   1056    -1.662419319152832  1.2305033206939697  0.024702876806259155
   1057    -1.795284628868103  1.3451976776123047  0.08809039741754532
   1058    -1.309967279434204  1.2668155431747437  -0.23868244886398315
   1059    -1.738421082496643  1.3860968351364136  -0.013467982411384583
   1060    -0.6486790776252747  -0.2534754276275635  0.6563801765441895
   1061    -0.782456636428833  0.38196173310279846  0.8348754644393921
   1062    -0.8341205716133118  0.24967391788959503  0.8234123587608337
   1063    -1.0203403234481812  0.3364931046962738  0.733828067779541
   1064    -1.1308186054229736  0.2943536043167114  0.6660864353179932
   1065    -0.1607530415058136  0.16954603791236877  -0.6779934167861938
   1066    -0.25748226046562195  1.5631966590881348  0.47259241342544556
   1067    -0.7793624997138977  1.265784740447998  0.7001777291297913
   1068    0.7258671522140503  0.5061370730400085  -0.2600148022174835
   1069    -1.7196484804153442  0.6759530901908875  0.41371390223503113
   1070    -0.9250417947769165  0.9619770050048828  0.8575109243392944
   1071    0.007331040222197771  1.6308481693267822  0.2214803844690323
   1072    0.576206624507904  0.169300377368927  0.829092264175415
   1073    -1.5992975234985352  1.4578114748001099  1.0202358961105347
   1074    -1.1737841367721558  0.1640154868364334  0.34353315830230713
   1075    -1.015079140663147  -0.020782312378287315  0.39346614480018616
   1076    -1.5805094242095947  2.4060816764831543  -0.7662238478660583
   1077    -1.571688175201416  2.3498599529266357  -0.7649903297424316
   1078    -1.5476120710372925  2.1104423999786377  -0.328274667263031
   1079    -0.7917009592056274  -0.1576317697763443  0.8329674005508423
   1080    0.22845624387264252  -0.2033713310956955  -0.46090778708457947
   1081    -0.4448743462562561  -0.2374308854341507  0.46883463859558105
   1082    -0.24740467965602875  -0.23487809300422668  0.40510180592536926
   1083    0.3969648480415344  0.5974351167678833  -0.5464202761650085
   1084    0.2340349406003952  0.5229307413101196  -0.6215080618858337
   1085    -0.8928093314170837  -0.31876492500305176  -0.46804168820381165
   1086    -1.7415879964828491  0.692964494228363  0.2408350110054016
   1087    -0.18532927334308624  0.3785499334335327  1.110930323600769
   1088    -0.26963523030281067  2.2663519382476807  -0.3310551643371582
   1089    0.0383349284529686  0.9595068693161011  -0.5354558229446411
   1090    -1.0433692932128906  1.5665879249572754  -0.08604007214307785
   1091    0.09734025597572327  0.04410015046596527  1.0678755044937134
   1092    0.6088691353797913  -0.2959807813167572  0.13233616948127747
   1093    0.072576604783535  0.560204029083252  1.122136116027832
   1094    -1.3551472425460815  1.9240224361419678  0.8317633867263794
   1095    -1.330309271812439  1.8312195539474487  0.8569620847702026
   1096    0.14491868019104004  0.11904946714639664  1.0569859743118286
   1097    -0.37288546562194824  1.2893651723861694  0.7674113512039185
   1098    -0.3590943217277527  2.4688398838043213  -0.4652129113674164
   1099    -0.5330598950386047  0.008505978621542454  -0.5115926861763
   1100    0.1446608006954193  1.1003683805465698  -0.42078033089637756
   1101    0.6413376927375793  0.0769428014755249  0.7366007566452026
   1102    0.5581873059272766  -0.1486119031906128  0.6527907848358154
   1103    -0.6931089758872986  0.3042396306991577  -0.2974095344543457
   1104    0.8715665936470032  0.6268521547317505  -0.0626811608672142
   1105    -1.709246039390564  1.9878178834915161  0.6409096121788025
   1106    -1.417942762374878  -0.31015267968177795  -0.021023143082857132
   1107    -0.3883921504020691  0.28834405541419983  1.0085842609405518
   1108    -0.4375592768192291  0.18310420215129852  0.9043317437171936
   1109    -0.3235955238342285  2.2082085609436035  -0.23963437974452972
   1110    -0.679062008857727  2.4403982162475586  -0.024552980437874794
   1111    -0.5488809943199158  0.14718501269817352  -0.52806556224823
   1112    -0.4113987684249878  0.5581473708152771  -0.781515896320343
   1113    -1.201629400253296  2.1169798374176025  0.20651991665363312
   1114    -0.9106121063232422  1.5830477476119995  0.041722603142261505
   1115    -0.3334953486919403  2.5062692165374756  -0.3627634346485138
   1116    0.6112415790557861  1.2702792882919312  0.6178439259529114
   1117    0.7556791305541992  0.9565382599830627  0.6478729248046875
   1118    -1.8651785850524902  1.3897334337234497  0.7607748508453369
   1119    -1.0690613985061646  2.2421772480010986  0.08106912672519684
   1120    -0.9584023952484131  2.273778200149536  0.10849188268184662
   1121    -0.9874152541160583  1.8697669506072998  0.17085865139961243
   1122    -1.0305073261260986  1.8965736627578735  0.3078172504901886
   1123    -1.4237018823623657  2.0949742794036865  0.5971864461898804
   1124    -1.5193413496017456  1.2095154523849487  -0.13471636176109314
   1125    0.006856515072286129  -0.3055548369884491  0.8026741743087769
   1126    -0.002606760011985898  -0.20884600281715393  0.7145079970359802
   1127    -1.6984349489212036  1.8208506107330322  0.8522477746009827
   1128    0.8691253066062927  0.7073509097099304  0.5426425337791443
   1129    0.7647724747657776  0.47708746790885925  0.7003577947616577
   1130    0.7776514291763306  0.6235697269439697  0.7011584043502808
   1131    -1.289110779762268  1.5264091491699219  0.9395707845687866
   1132    -1.2529655694961548  1.2098356485366821  0.7477697730064392
   1133    -1.1770793199539185  0.692699134349823  0.8780020475387573
   1134    -0.13346858322620392  1.285069227218628  -0.35800132155418396
   1135    0.01789974793791771  0.5296667814254761  1.158141016960144
   1136    0.3531770408153534  1.3313697576522827  -0.2726331353187561
   1137    -0.9644226431846619  0.5543187260627747  0.8744155764579773
   1138    0.2978299558162689  -0.2700542211532593  -0.4088166356086731
   1139    0.048022858798503876  -0.21388445794582367  -0.1673928052186966
   1140    0.5489299297332764  -0.2211153656244278  0.56742924451828
   1141    -0.6610797643661499  0.720547616481781  0.8454955816268921
   1142    0.36257249116897583  1.1344144344329834  -0.3444598615169525
   1143    -1.231122612953186  -0.3157137334346771  0.4465508759021759
   1144    -1.1196534633636475  -0.3158203661441803  0.561107337474823
   1145    -1.8210821151733398  1.8562045097351074  0.533238410949707
   1146    0.03627277538180351  0.7157458662986755  1.1472655534744263
   1147    -0.12284461408853531  0.674095094203949  1.1374274492263794
   1148    0.7877717614173889  0.921308696269989  0.6225569248199463
   1149    0.2994231879711151  0.870795726776123  1.011268973350525
   1150    -0.9351643323898315  1.1568793058395386  -0.37823519110679626
   1151    -0.5638468265533447  -0.16993218660354614  1.063796877861023
   1152    -0.7053784728050232  -0.2948857843875885  -0.6233924627304077
   1153    -0.3446093499660492  1.5308576822280884  0.007404902949929237
   1154    -0.03823864832520485  -0.30613741278648376  0.9022573232650757
   1155    -1.1771557331085205  0.8480539917945862  0.9084209203720093
   1156    -1.5935653448104858  1.6190236806869507  -0.09891273081302643
   1157    -0.21144026517868042  1.1337594985961914  -0.45082399249076843
   1158    -0.1342848241329193  1.2597835063934326  -0.3959290683269501
   1159    -1.0404402017593384  0.12215060740709305  0.3735130727291107
   1160    -0.5707591772079468  2.608344316482544  -0.2700081765651703
   1161    -1.0331575870513916  0.22297048568725586  -0.20264971256256104
   1162    0.5578866600990295  1.2025176286697388  -0.23917460441589355
   1163    0.9828615784645081  -0.01770768128335476  -0.048994582146406174
   1164    -1.7913962602615356  1.4189634323120117  0.9251214861869812
   1165    -0.6539655923843384  -0.03055698797106743  0.8560936450958252
   1166    -1.216084599494934  0.8645305037498474  -0.3823816478252411
   1167    -0.0440104715526104  -0.2312602549791336  0.0910947173833847
   1168    0.12025586515665054  0.36391693353652954  -0.6521501541137695
   1169    -1.4589394330978394  0.4685337543487549  0.6858268976211548
   1170    -1.2831131219863892  -0.3067082166671753  0.749669075012207
   1171    -1.4744148254394531  0.66756272315979  0.7844051718711853
   1172    -1.4478811025619507  0.824587881565094  0.8303950428962708
   1173    -1.3477554321289062  1.0603783130645752  -0.30650660395622253
   1174    -1.0770589113235474  -0.12706002593040466  0.37479010224342346
   1175    -1.1904231309890747  -0.18120697140693665  0.43752768635749817
   1176    -1.8064067363739014  2.0054688453674316  0.42538774013519287
   1177    -1.3695428371429443  1.1658250093460083  0.7505233883857727
   1178    -1.2576603889465332  2.3774921894073486  -0.9451343417167664
   1179    -1.4608465433120728  1.137959361076355  0.7484830617904663
   1180    0.3792020082473755  -0.27748000621795654  0.3837139904499054
   1181    -1.0399446487426758  -0.06828007102012634  0.8385708332061768
   1182    -0.960026741027832  -0.09609966725111008  0.8458866477012634
   1183    -1.366924524307251  0.2895938456058502  0.49320492148399353
   1184    -1.6842937469482422  0.8113360404968262  -0.10113277286291122
   1185    -1.6030348539352417  0.7901797890663147  -0.17051245272159576
   1186    1.0516096353530884  0.12302060425281525  -0.061782605946063995
   1187    0.10384401679039001  1.1414605379104614  0.8333253264427185
   1188    -1.185881495475769  -0.3287925720214844  0.18558360636234283
   1189    -0.8097599744796753  1.0145354270935059  -0.4286652207374573
   1190    0.7022981643676758  1.2065671682357788  -0.06641963124275208
   1191    -1.86540687084198  1.496004581451416  0.2355833798646927
   1192    0.8960506319999695  0.6816359758377075  0.03373941034078598
   1193    -0.9366542100906372  1.676028847694397  0.3325185477733612
   1194    -0.8017584681510925  2.469980001449585  -0.156437486410141
   1195    -1.1821308135986328  2.0840940475463867  0.579742968082428
   1196    -0.5556598901748657  0.33711060881614685  -0.6142865419387817
   1197    -0.6081743240356445  0.39863350987434387  -0.5772803425788879
   1198    -1.1716595888137817  -0.03579557687044144  0.12862659990787506
   1199    -1.129481554031372  -0.059334974735975266  0.22900238633155823
   1200    -1.5444400310516357  0.40802621841430664  0.0728621631860733
   1201    -0.8771472573280334  -0.28185519576072693  0.16958877444267273
   1202    -1.2422548532485962  2.149430751800537  -0.3767659664154053
   1203    -0.46904394030570984  0.11866175383329391  -0.6069065928459167
   1204    0.9969514608383179  -0.09558895975351334  0.42909425497055054
   1205    -0.6591889262199402  2.1601781845092773  0.05427009239792824
   1206    0.9675993323326111  0.4606019854545593  0.21146060526371002
   1207    -0.46839815378189087  -0.15343019366264343  1.0800590515136719
   1208    -0.4078992009162903  -0.18428876996040344  -0.5745256543159485
   1209    0.3677697479724884  1.4934043884277344  0.5432881116867065
   1210    -1.2703769207000732  1.4031496047973633  0.9415246844291687
   1211    -0.6892389059066772  1.459585189819336  0.5130955576896667
   1212    -1.1514768600463867  1.9568358659744263  0.6424816250801086
   1213    -1.6106312274932861  0.4868205785751343  0.4049430191516876
   1214    -0.1885916143655777  0.955470860004425  1.0422805547714233
   1215    -1.1625596284866333  0.929658830165863  -0.4150366485118866
   1216    -0.9087504148483276  0.625569224357605  -0.40045270323753357
   1217    -1.0237385034561157  0.6663589477539062  -0.43300700187683105
   1218    -1.1421592235565186  0.7303298711776733  -0.4257584810256958
   1219    -1.0415127277374268  2.239893913269043  -0.055757541209459305
   1220    -1.6585549116134644  1.204093098640442  0.710031270980835
   1221    -1.317821741104126  2.1018245220184326  -1.0179033279418945
   1222    0.6371226906776428  0.5229004621505737  0.8509504199028015
   1223    0.812953531742096  0.26656994223594666  0.5939797163009644
   1224    0.8812864422798157  0.31446245312690735  0.5377364158630371
   1225    1.171776533126831  0.20427116751670837  0.06894515454769135
   1226    -1.4316353797912598  2.050649642944336  -0.8943073153495789
   1227    -1.0914136171340942  1.6929607391357422  0.6543629765510559
   1228    -1.0574493408203125  1.7547047138214111  0.5493952631950378
   1229    -1.1974328756332397  0.949904203414917  0.8639811277389526
   1230    -0.2518391013145447  0.6279710531234741  1.1520689725875854
   1231    0.5616722106933594  1.3610223531723022  0.5654448866844177
   1232    0.48559653759002686  -0.19028131663799286  0.7501963376998901
   1233    -1.4519542455673218  2.2240405082702637  -0.19009999930858612
   1234    -0.49865591526031494  1.5251954793930054  0.1972092092037201
   1235    1.1714246273040771  0.3753088116645813  0.40665510296821594
   1236    1.0936403274536133  0.46757224202156067  0.3279392421245575
   1237    0.4390513300895691  1.5152145624160767  0.14200973510742188
   1238    -1.7902512550354004  1.8748486042022705  0.26176756620407104
   1239    0.7225273251533508  0.40959596633911133  -0.2866670489311218
   1240    1.0582631826400757  0.46352696418762207  0.19062821567058563
   1241    0.1745723932981491  0.6793479323387146  1.1154805421829224
   1242    -1.3510937690734863  2.395965099334717  -1.126713514328003
   1243    -1.5003941059112549  2.401319980621338  -0.8925984501838684
   1244    -1.4386388063430786  2.3670871257781982  -0.945520281791687
   1245    -0.17442691326141357  2.4194657802581787  -0.4860876798629761
   1246    0.6794520020484924  1.3091224431991577  0.35386258363723755
   1247    -1.6991633176803589  1.90352201461792  0.12680545449256897
   1248    -0.37459596991539  0.20450225472450256  -0.7043578028678894
   1249    0.7822543978691101  1.1258056163787842  0.45360153913497925
   1250    0.1341046243906021  0.03616609051823616  -0.5928248167037964
   1251    0.41757115721702576  1.4369219541549683  -0.10416671633720398
   1252    -1.7678947448730469  1.0400060415267944  0.18750086426734924
   1253    0.3241432011127472  0.013426144607365131  0.9170024991035461
   1254    1.0325790643692017  0.06986276060342789  0.5682138800621033
   1255    -1.8126534223556519  1.3065530061721802  0.8405382633209229
   1256    -0.6748590469360352  1.527760624885559  0.04935184866189957
   1257    -1.2910065650939941  -0.24375665187835693  0.4942072033882141
   1258    -0.4203410744667053  0.9140270948410034  -0.5791709423065186
   1259    0.6571512222290039  0.9282224178314209  -0.29073166847229004
   1260    -0.7109430432319641  -0.3140357732772827  -0.375482439994812
   1261    -0.8812142610549927  0.6363986730575562  0.8466500043869019
   1262    -1.466200590133667  0.7879045605659485  -0.3090325593948364
   1263    -1.3812614679336548  0.9368950724601746  -0.3211512565612793
   1264    -1.3085452318191528  0.9736803770065308  -0.3346507251262665
   1265    -0.7471194863319397  2.0169403553009033  0.020966632291674614
   1266    -1.221963882446289  0.16664820909500122  0.27313145995140076
   1267    -0.5607109665870667  0.9727687239646912  0.8678687214851379
   1268    -0.5224835276603699  1.0042603015899658  0.8815147280693054
   1269    0.16388149559497833  1.6292606592178345  0.21633148193359375
   1270    -0.987284243106842  0.12992331385612488  0.6866151690483093
   1271    -1.340167760848999  1.894078016281128  -0.34914588928222656
   1272    -1.1648145914077759  2.0939459800720215  0.007559534627944231
   1273    -0.2017711102962494  0.6125058531761169  -0.7592150568962097
   1274    -0.10873117297887802  0.5522226691246033  -0.7528221011161804
   1275    -0.39215460419654846  1.4536269903182983  -0.15027853846549988
   1276    -1.6930394172668457  1.116773009300232  0.039987705647945404
   1277    -1.4379150867462158  2.113724708557129  0.06870952993631363
   1278    -1.5087960958480835  2.10408353805542  0.12150111049413681
   1279    -0.5505802631378174  -0.24148985743522644  0.19830358028411865
   1280    -0.7178669571876526  0.17744560539722443  -0.22629724442958832
   1281    -0.23384734988212585  -0.23196513950824738  0.18904297053813934
   1282    -0.3196362853050232  -0.23238733410835266  0.03002244420349598
   1283    -1.1278661489486694  0.10272175073623657  -0.01776876114308834
   1284    0.6605322360992432  0.6734465956687927  0.831652820110321
   1285    -0.34973591566085815  2.4396684169769287  -0.3275032043457031
   1286    -0.040827129036188126  1.109579086303711  0.8841579556465149
   1287    0.37997329235076904  -0.29716402292251587  0.6381195783615112
   1288    -1.7457553148269653  0.8795166015625  0.10417905449867249
   1289    -1.3818391561508179  1.4070425033569336  -0.1782395988702774
   1290    -0.48897799849510193  0.04374000057578087  0.8274279832839966
   1291    -0.45611628890037537  2.2993950843811035  -0.18078568577766418
   1292    0.023097286000847816  1.583120346069336  0.5332552790641785
   1293    -1.1455199718475342  0.6285363435745239  -0.4198484420776367
   1294    0.27285462617874146  0.4716062545776367  1.0812443494796753
   1295    -0.4616283178329468  0.353847473859787  0.9369078874588013
   1296    -0.5842060446739197  0.764714241027832  -0.6399438381195068
   1297    -0.9211734533309937  -0.3260720670223236  0.006856772117316723
   1298    -1.4852479696273804  2.1498069763183594  -0.5285413265228271
   1299    0.9117644429206848  0.7261842489242554  0.30710113048553467
   1300    -0.6102859973907471  -0.30382201075553894  0.4227519929409027
   1301    -1.3053025007247925  0.6512541770935059  0.8746201992034912
   1302    -0.2935013175010681  -0.3264447748661041  -0.4853539764881134
   1303    -0.9918973445892334  0.8329459428787231  0.8858632445335388
   1304    0.9136279821395874  0.6541658043861389  0.38859015703201294
   1305    -0.6298078894615173  0.3166736960411072  -0.4313107430934906
   1306    -0.7466922402381897  0.756637692451477  -0.4694415032863617
   1307    0.5535231828689575  -0.23853939771652222  -0.036673180758953094
   1308    0.46790632605552673  -0.22580201923847198  -0.08679550886154175
   1309    0.4423048496246338  -0.19506673514842987  -0.16389863193035126
   1310    -1.8248451948165894  1.2652605772018433  0.27665889263153076
   1311    -1.5387625694274902  2.2239785194396973  -0.3197348415851593
   1312    -1.303245186805725  -0.07847227156162262  0.10430940985679626
   1313    0.2663482427597046  1.0125259160995483  -0.4550442695617676
   1314    -0.8813867568969727  -0.3123161792755127  0.5961043238639832
   1315    -1.0136433839797974  2.1098873615264893  -0.10200634598731995
   1316    0.09438881278038025  1.5710639953613281  0.5516679883003235
   1317    0.2424285113811493  1.4234662055969238  0.6965871453285217
   1318    -0.894481897354126  2.0261504650115967  0.1554761528968811
   1319    0.9295063614845276  0.5169565081596375  0.17430351674556732
   1320    0.38491156697273254  0.9363182187080383  -0.45638135075569153
   1321    0.5796539783477783  -0.06526199728250504  -0.15326079726219177
   1322    -0.5475624799728394  0.24803543090820312  0.7577866911888123
   1323    -1.180915355682373  -0.0817614421248436  0.5670487880706787
   1324    -1.2036205530166626  -0.05742829665541649  0.7481107711791992
   1325    -1.773036241531372  0.7898219227790833  0.12856872379779816
   1326    0.6971210241317749  -0.12014365196228027  -0.09889465570449829
   1327    0.1506747454404831  1.4206606149673462  -0.2730051279067993
   1328    -1.3645316362380981  1.9559999704360962  -0.6194613575935364
   1329    -1.3475261926651  2.3806400299072266  -0.6029110550880432
   1330    0.5303952693939209  -0.30108004808425903  0.351128488779068
   1331    0.4215940833091736  -0.3052118122577667  0.40401962399482727
   1332    -1.745794415473938  1.7299948930740356  0.07711391150951385
   1333    -1.8002859354019165  1.719739317893982  0.26705166697502136
   1334    -1.2506896257400513  0.32044440507888794  -0.16283439099788666
   1335    -0.4039391577243805  1.518752932548523  0.4352559447288513
   1336    -0.5002000331878662  -0.07469542324542999  -0.5456097722053528
   1337    -0.9968674182891846  0.810028076171875  -0.4343862235546112
   1338    -0.4204977750778198  2.6895604133605957  -0.2634921371936798
   1339    -0.43996402621269226  2.7119081020355225  -0.28792160749435425
   1340    -0.8229449391365051  -0.07583113759756088  -0.3399330973625183
   1341    -0.8937747478485107  -0.15213993191719055  -0.3164079189300537
   1342    -1.0684031248092651  -0.33035945892333984  -0.1898486316204071
   1343    -0.9139388203620911  -0.2486359030008316  -0.4189279079437256
   1344    -0.9236014485359192  -0.3259974420070648  -0.33911362290382385
   1345    -0.28913310170173645  1.5732040405273438  0.11215907335281372
   1346    0.7172972559928894  0.929961085319519  0.719755232334137
   1347    0.06708139926195145  -0.17293527722358704  0.919874906539917
   1348    -1.7634670734405518  2.0324466228485107  0.24514922499656677
   1349    0.810952365398407  1.0981667041778564  0.04334452003240585
   1350    -1.6421165466308594  1.0568485260009766  0.6026826500892639
   1351    -1.6768146753311157  1.2781834602355957  0.9389427900314331
   1352    -0.1198544129729271  1.3931819200515747  0.7553134560585022
   1353    0.036016806960105896  0.7441866993904114  -0.6850951910018921
   1354    0.1333751380443573  0.6399945616722107  -0.6737973690032959
   1355    -0.36116376519203186  0.49972718954086304  1.1051872968673706
   1356    -0.30555352568626404  0.6701563000679016  1.1375764608383179
   1357    -1.8253647089004517  1.66199791431427  0.5032694935798645
   1358    -1.648370385169983  0.6109026074409485  -0.03516591340303421
   1359    0.4269677698612213  -0.310993492603302  0.10702350735664368
   1360    1.1640063524246216  0.35155799984931946  0.08853671699762344
   1361    -0.39540940523147583  2.2224504947662354  -0.10133671015501022
   1362    -0.5098667740821838  2.164865732192993  -0.02788887731730938
   1363    -0.5313852429389954  2.1081976890563965  -0.10128238052129745
   1364    0.19019442796707153  1.51350736618042  -0.13824470341205597
   1365    0.31812331080436707  1.4713455438613892  -0.13643401861190796
   1366    -1.2641254663467407  -0.1710798144340515  -0.12850633263587952
   1367    -1.2663260698318481  0.33737900853157043  0.6681544184684753
   1368    -1.4456843137741089  2.1923208236694336  -0.7685703039169312
   1369    -0.499061644077301  2.5972509384155273  -0.37016215920448303
   1370    -0.2873849868774414  1.2413196563720703  0.8179530501365662
   1371    0.4843899607658386  1.0660651922225952  0.8349069356918335
   1372    0.4582654535770416  0.8629463911056519  0.9489724636077881
   1373    0.5021357536315918  0.7550170421600342  0.9506389498710632
   1374    0.842210054397583  0.1535319983959198  0.6315435767173767
   1375    0.7276344299316406  0.3333601653575897  0.7502041459083557
   1376    -0.28880029916763306  -0.30419081449508667  0.8827081322669983
   1377    -0.9731937050819397  0.9200160503387451  -0.4437471032142639
   1378    -0.12206730246543884  -0.13181519508361816  -0.5217805504798889
   1379    0.8962786197662354  0.006900841370224953  0.636814296245575
   1380    0.40754446387290955  -0.3033604323863983  -0.03023618459701538
   1381    -1.5186960697174072  0.350436270236969  0.2315952181816101
   1382    -0.48752903938293457  1.5013628005981445  0.3824123740196228
   1383    -1.5470706224441528  0.48253780603408813  0.5851216912269592
   1384    -0.07489049434661865  -0.05310390517115593  0.9808602333068848
   1385    0.07484471797943115  -0.11740168929100037  0.9179152846336365
   1386    -1.400522232055664  2.318596363067627  -0.37850797176361084
   1387    0.07713531702756882  -0.07052701711654663  -0.5567381978034973
   1388    -0.6425780057907104  -0.32435598969459534  0.21832600235939026
   1389    -0.9551596641540527  -0.18214045464992523  -0.23379071056842804
   1390    -0.9411482214927673  -0.06346417218446732  -0.19810666143894196
   1391    -0.5101810097694397  1.2992244958877563  0.6853963136672974
   1392    0.17512120306491852  -0.04464980959892273  0.9841299653053284
   1393    0.27812659740448  -0.07839146256446838  0.8787164092063904
   1394    -1.149017333984375  -0.33320391178131104  -0.04183201119303703
   1395    -1.222360372543335  0.2009613811969757  0.030488302931189537
   1396    0.5279667377471924  -0.06948549300432205  -0.298606276512146
   1397    -1.446532130241394  1.1419000625610352  -0.21864865720272064
   1398    0.23092328011989594  1.0313955545425415  0.9521804451942444
   1399    0.9507818222045898  0.19104379415512085  -0.0956532284617424
   1400    -1.701643943786621  0.5697128176689148  0.14818012714385986
   1401    0.817990779876709  0.2767750322818756  -0.09266157448291779
   1402    0.546658992767334  0.20930734276771545  0.8743473887443542
   1403    -0.5794650912284851  1.5121920108795166  0.1922145038843155
   1404    -0.9717807173728943  2.055361270904541  -0.10597766935825348
   1405    -0.5218470096588135  0.7789459228515625  0.9885483980178833
   1406    -0.28648626804351807  1.000541090965271  0.8903254270553589
   1407    0.5938735008239746  0.7243447303771973  -0.4126976728439331
   1408    -1.545406460762024  0.5743336081504822  -0.1711300164461136
   1409    -1.6972684860229492  0.720011830329895  0.5349950790405273
   1410    -0.10058850795030594  0.28354963660240173  1.1251699924468994
   1411    -1.2135543823242188  1.546275019645691  0.8251574635505676
   1412    -0.012184361927211285  0.1299828439950943  -0.6411740779876709
   1413    -1.1249762773513794  0.38874924182891846  -0.29069364070892334
   1414    -1.1001418828964233  0.5381317734718323  -0.3884339928627014
   1415    -1.0063217878341675  0.40002143383026123  -0.29417696595191956
   1416    -0.6212169528007507  0.7977770566940308  -0.4999951422214508
   1417    1.1008633375167847  0.025971924886107445  0.053210653364658356
   1418    -1.7327014207839966  0.979631781578064  0.05309166759252548
   1419    -0.229791060090065  0.35265254974365234  -0.7320936322212219
   1420    -1.5310579538345337  1.5041110515594482  1.0540729761123657
   1421    -1.236917495727539  2.103830099105835  -0.3645362854003906
   1422    -1.6816608905792236  2.0600244998931885  0.18906649947166443
   1423    0.6583479046821594  0.1754494607448578  -0.30471399426460266
   1424    -0.9966596364974976  1.796007513999939  0.09621275216341019
   1425    -1.0086554288864136  1.7670305967330933  0.05283491313457489
   1426    -1.5535800457000732  2.1165413856506348  0.32456135749816895
   1427    0.7680956125259399  -0.21893179416656494  0.40476882457733154
   1428    0.6764701008796692  0.9982836842536926  -0.26676109433174133
   1429    -0.6175823211669922  -0.09375203400850296  -0.5568822622299194
   1430    -0.9874109625816345  0.7343273162841797  0.9126471281051636
   1431    -1.1373276710510254  2.1436350345611572  0.1779479682445526
   1432    1.0752500295639038  0.005461892578750849  0.46482956409454346
   1433    -1.2518826723098755  -0.1743173748254776  0.8466325998306274
   1434    0.17191535234451294  0.10393329709768295  -0.6107412576675415
   1435    -0.6626665592193604  -0.22899264097213745  -0.193189337849617
   1436    -0.565000057220459  -0.23246249556541443  -0.04805418848991394
   1437    0.508021354675293  1.4767013788223267  0.27538684010505676
   1438    -1.1181493997573853  1.4936432838439941  -0.13981708884239197
   1439    -0.791412353515625  1.516897201538086  0.4212952256202698
   1440    0.6045607328414917  0.13578595221042633  -0.3300896883010864
   1441    -1.6562087535858154  1.9125961065292358  0.03833714872598648
   1442    -1.2851706743240356  1.9316314458847046  -0.37335002422332764
   1443    -1.258561611175537  1.9975441694259644  -0.46143150329589844
   1444    -1.111332654953003  -0.3294796645641327  0.266518771648407
   1445    -1.5012034177780151  0.3609634041786194  0.4053731858730316
   1446    -0.21789532899856567  -0.19974268972873688  1.0000648498535156
   1447    -1.345861792564392  0.8730395436286926  0.849526047706604
   1448    0.23799671232700348  0.42055192589759827  -0.6368062496185303
   1449    -0.8203524351119995  -0.3238426744937897  -0.022901009768247604
   1450    -1.2564719915390015  2.2629494667053223  -0.5663514733314514
   1451    -1.2406002283096313  2.2495639324188232  -0.6912630796432495
   1452    0.23992814123630524  1.6119977235794067  0.23343417048454285
   1453    -1.7104672193527222  1.08138108253479  0.49409428238868713
   1454    -1.4332640171051025  1.9714977741241455  -0.7125878930091858
   1455    -1.4478658437728882  1.6862472295761108  -0.1570209413766861
   1456    -1.2489546537399292  1.695615291595459  -0.14713820815086365
   1457    -1.263038992881775  1.52234947681427  -0.17256298661231995
   1458    -0.962324321269989  0.16115757822990417  -0.2250673621892929
   1459    -1.5508146286010742  2.4959716796875  -0.8610906004905701
   1460    0.35520634055137634  0.4379091262817383  -0.5856102705001831
   1461    -1.8599579334259033  1.3233530521392822  0.2911178171634674
   1462    0.7300199270248413  0.777733564376831  -0.3187989890575409
   1463    -0.6476156115531921  0.26214495301246643  -0.3539375364780426
   1464    -0.5702440142631531  2.604219913482666  -0.1385817974805832
   1465    -0.7297579050064087  2.2460765838623047  -0.018557311967015266
   1466    -0.2997592091560364  -0.2229021042585373  0.652553141117096
   1467    0.8939874172210693  0.7365159392356873  -0.030089326202869415
   1468    0.6425925493240356  -0.029079176485538483  0.6511911153793335
   1469    0.7561478018760681  0.09163043648004532  0.6284825205802917
   1470    -0.28838247060775757  1.5791752338409424  0.17130249738693237
   1471    -1.5080745220184326  1.4017759561538696  -0.15191465616226196
   1472    -0.7621236443519592  0.029688622802495956  0.7841387987136841
   1473    0.6069525480270386  0.35481324791908264  0.8333786129951477
   1474    -0.6750506162643433  0.48255354166030884  -0.4676717519760132
   1475    -0.7157475352287292  0.48861342668533325  -0.3783266246318817
   1476    -0.8987488746643066  1.089098334312439  0.8297042846679688
   1477    -1.05745530128479  1.212073802947998  0.7447779774665833
   1478    -0.217176616191864  0.11827323585748672  1.0515861511230469
   1479    -0.15426801145076752  0.04853896051645279  1.0462238788604736
   1480    0.009277748875319958  0.01474831160157919  1.0544606447219849
   1481    -0.7719044089317322  -0.31671079993247986  0.5444497466087341
   1482    0.8419212698936462  0.6586053371429443  0.5919472575187683
   1483    -0.1328592449426651  1.5472145080566406  0.5790696144104004
   1484    -0.845640242099762  1.582302212715149  0.15691183507442474
   1485    -1.3440988063812256  0.21440847218036652  0.17856524884700775
   1486    -0.9103638529777527  1.5098134279251099  0.48304250836372375
   1487    0.8763023018836975  0.9630226492881775  0.2608107626438141
   1488    -0.4799169898033142  0.9164822697639465  0.8921092748641968
   1489    -1.3430125713348389  2.4552197456359863  -0.8663145899772644
   1490    0.12851226329803467  -0.21727469563484192  0.5791130065917969
   1491    0.3155238628387451  0.34174618124961853  1.0331264734268188
   1492    -1.356184959411621  0.707564651966095  0.8688730597496033
   1493    0.7708512544631958  -0.24586589634418488  0.19455161690711975
   1494    -1.521107792854309  1.9786860942840576  0.7952791452407837
   1495    -1.3756287097930908  2.0557446479797363  0.6930730938911438
   1496    -1.861757755279541  1.3595149517059326  0.4819629192352295
   1497    -1.0961538553237915  0.14117997884750366  -0.10867508500814438
   1498    -0.18305380642414093  1.606863021850586  0.2693061828613281
   1499    0.01894175447523594  -0.3095024824142456  0.28805050253868103
   1500    0.24474772810935974  -0.30925706028938293  0.45501112937927246
   1501    0.19889798760414124  -0.07558870315551758  -0.5109096169471741
   1502    0.48744887113571167  1.450188159942627  0.009741690009832382
   1503    0.1745765209197998  0.8938812613487244  1.0352354049682617
   1504    -0.484512597322464  -0.23715609312057495  0.1466159224510193
   1505    -1.3428289890289307  2.126816511154175  0.3729885518550873
   1506    -0.5053727030754089  -0.02599472552537918  0.9818927645683289
   1507    0.2037772834300995  0.7443379163742065  -0.6299660801887512
   1508    -1.5211204290390015  1.9987472295761108  -0.3325995206832886
   1509    -0.9754757881164551  1.3103760480880737  -0.3104965388774872
   1510    -0.6997691988945007  0.4917154908180237  0.8388884663581848
   1511    -0.7015803456306458  0.07762954384088516  -0.20418685674667358
   1512    -0.8809000849723816  0.2054409235715866  -0.2535438537597656
   1513    -0.5608310699462891  -0.2279868870973587  0.6605588793754578
   1514    -0.9660750031471252  0.6416631937026978  0.8822276592254639
   1515    -1.0573344230651855  0.5655360221862793  0.867599368095398
   1516    -1.556024432182312  0.4523911774158478  -0.06981711834669113
   1517    -0.4223959743976593  0.8175909519195557  1.0728631019592285
   1518    -0.5057677030563354  0.4094633162021637  -0.7196868658065796
   1519    -0.696257472038269  1.550991415977478  0.19597433507442474
   1520    -1.252142071723938  1.9878915548324585  0.7409876585006714
   1521    -1.3751311302185059  -0.2932044267654419  0.2550414204597473
   1522    1.1172208786010742  0.3363426625728607  0.5043707489967346
   1523    -1.206831693649292  -0.11564666777849197  0.2639904022216797
   1524    0.39903557300567627  0.04031571373343468  0.9106249809265137
   1525    0.3865105211734772  0.14614790678024292  0.9723501205444336
   1526    -1.296344518661499  1.5813419818878174  0.8989717364311218
   1527    0.04971221834421158  0.887281596660614  -0.6380027532577515
   1528    -0.7510818839073181  2.1045336723327637  -0.19266271591186523
   1529    -0.7061572074890137  2.040707588195801  -0.10194803029298782
   1530    -1.5371865034103394  1.2151074409484863  0.9082997441291809
   1531    -1.4389206171035767  0.5102584362030029  -0.2478218972682953
   1532    -0.1367875039577484  -0.22358942031860352  -0.2875155210494995
   1533    -0.7694979906082153  -0.2961460053920746  -0.27174198627471924
   1534    0.11123649030923843  1.6305780410766602  0.15601672232151031
   1535    0.38204994797706604  -0.24466590583324432  0.835077166557312
   1536    -1.6226698160171509  1.023984670639038  -0.12551485002040863
   1537    -0.5824993252754211  0.5054238438606262  0.8230460286140442
   1538    -1.0396870374679565  1.6928677558898926  -0.04138930141925812
   1539    -1.7127249240875244  1.4212963581085205  0.9781157374382019
   1540    -1.7588263750076294  1.5707628726959229  0.9189436435699463
   1541    0.5596539974212646  0.67793869972229  0.9068668484687805
   1542    -1.270751714706421  2.580976724624634  -1.2041677236557007
   1543    -1.240380048751831  2.4793999195098877  -1.2367980480194092
   1544    -1.167830228805542  0.19231675565242767  0.43108490109443665
   1545    -0.8796440958976746  -0.2857308089733124  0.8795535564422607
   1546    0.5537742376327515  1.308990478515625  -0.13776591420173645
   1547    -1.5730139017105103  2.288963794708252  -0.5703971982002258
   1548    -1.5664918422698975  2.2417941093444824  -0.5617246031761169
   1549    -1.7299466133117676  1.1134178638458252  0.38952887058258057
   1550    -1.7673931121826172  1.0777826309204102  0.26370033621788025
   1551    -1.3629982471466064  2.58683180809021  -1.0510727167129517
   1552    -0.8448262810707092  0.3353993892669678  -0.30968520045280457
   1553    0.16712023317813873  0.4179590344429016  1.1144059896469116
   1554    0.04413919895887375  0.4193461239337921  1.1243711709976196
   1555    0.09834399819374084  -0.3200579881668091  0.18333220481872559
   1556    -1.0588922500610352  0.44220754504203796  0.8054410219192505
   1557    -1.435652494430542  1.9065797328948975  -0.38481956720352173
   1558    -1.1895802021026611  1.3621450662612915  0.7933927774429321
   1559    -0.6152793765068054  -0.3084631562232971  0.8167732357978821
   1560    -1.7455922365188599  1.921420931816101  0.6722898483276367
   1561    -1.6204068660736084  1.9418765306472778  0.7902492880821228
   1562    -1.2338401079177856  2.3223748207092285  -1.2052489519119263
   1563    -0.8484483361244202  2.1595072746276855  -0.19790640473365784
   1564    -0.7941150069236755  2.2326526641845703  -0.24243341386318207
   1565    -0.5723419189453125  1.3195669651031494  -0.2950206398963928
   1566    -0.3894091546535492  1.3698477745056152  -0.24702155590057373
   1567    -0.07475940138101578  -0.1935596764087677  0.9574703574180603
   1568    -0.17812573909759521  1.435322880744934  -0.2306852638721466
   1569    -0.12745966017246246  0.5922600626945496  1.152791142463684
   1570    -0.7158110737800598  -0.29784178733825684  0.3598776161670685
   1571    -0.8346576690673828  -0.3209320306777954  -0.5602402091026306
   1572    -1.1136077642440796  1.3508014678955078  -0.26961180567741394
   1573    -0.35310062766075134  1.265655279159546  -0.37617167830467224
   1574    -1.5567607879638672  0.9006003141403198  0.7256922125816345
   1575    -1.6132193803787231  1.1008954048156738  0.6132841110229492
   1576    -0.4085391163825989  0.011451683938503265  -0.5968602299690247
   1577    0.27177539467811584  1.4895600080490112  0.6310747265815735
   1578    -0.8237321972846985  1.3184576034545898  0.6649922132492065
   1579    -0.18888242542743683  -0.2292996197938919  0.10642150789499283
   1580    -0.40173912048339844  2.550185203552246  -0.45707789063453674
   1581    -1.4127304553985596  1.1874750852584839  0.7600539326667786
   1582    -1.3764554262161255  1.2260985374450684  0.8583345413208008
   1583    -1.005516767501831  0.0856056809425354  0.33264023065567017
   1584    -1.182100534439087  1.883381962776184  -0.04858244210481644
   1585    -0.35317856073379517  -0.2821645140647888  -0.5442435145378113
   1586    -0.19938211143016815  -0.1995883584022522  -0.5251914262771606
   1587    -0.36718350648880005  -0.11605429649353027  -0.5552867650985718
   1588    1.209133267402649  0.2966824769973755  0.18762828409671783
   1589    0.7492583394050598  -0.07539969682693481  0.6218118667602539
   1590    0.8065186142921448  1.0171706676483154  0.5086230635643005
   1591    -0.43463680148124695  -0.22650150954723358  -0.30671313405036926
   1592    -1.6306970119476318  1.4927597045898438  1.0349323749542236
   1593    -1.7817331552505493  1.4066816568374634  0.04732758179306984
   1594    -1.4657557010650635  1.9550477266311646  0.834438145160675
   1595    0.016629662364721298  -0.28975149989128113  0.37704306840896606
   1596    -1.1223201751708984  0.03640925511717796  0.16618391871452332
   1597    -1.4683921337127686  2.1374735832214355  -0.034918397665023804
   1598    -0.36145880818367004  0.9984402656555176  0.8766800761222839
   1599    -1.2506808042526245  1.2048375606536865  -0.3028598129749298
   1600    -1.159446120262146  1.1264640092849731  -0.36230507493019104
   1601    -1.664951205253601  1.6126201152801514  -0.06842123717069626
   1602    -0.29553279280662537  0.8333536982536316  -0.7268222570419312
   1603    -1.1769134998321533  1.1601811647415161  0.7811546325683594
   1604    0.45836809277534485  0.41378718614578247  0.9607342481613159
   1605    0.5240567922592163  0.48283350467681885  0.9006213545799255
   1606    -0.3006540834903717  0.9438863396644592  -0.5749089121818542
   1607    0.1220858246088028  1.1102262735366821  0.8397390246391296
   1608    -0.1324545294046402  1.5342973470687866  -0.13422232866287231
   1609    -1.4071929454803467  2.2318477630615234  -0.2029205858707428
   1610    -1.3064852952957153  2.118586540222168  0.244604229927063
   1611    -1.4503204822540283  2.112852096557617  0.14224396646022797
   1612    -1.0206539630889893  1.466855525970459  0.6805615425109863
   1613    -0.8275377750396729  2.426103115081787  -0.012149428017437458
   1614    -0.45748165249824524  2.6600401401519775  -0.3741568624973297
   1615    -0.7044123411178589  0.15188251435756683  0.7809508442878723
   1616    0.316293329000473  0.034808602184057236  -0.5347510576248169
   1617    0.38086456060409546  0.0990574061870575  -0.5559213161468506
   1618    1.0976418256759644  0.17852115631103516  -0.030611544847488403
   1619    -1.600669264793396  0.6703785061836243  0.6859233379364014
   1620    1.1291002035140991  0.2722790241241455  0.5197109580039978
   1621    -0.9592933654785156  2.35604190826416  -0.027716051787137985
   1622    -1.2880362272262573  2.057220458984375  -0.7338709831237793
   1623    -0.3119763731956482  -0.23577022552490234  0.3545934557914734
   1624    -0.6025522351264954  -0.24714940786361694  0.5435311794281006
   1625    0.48612263798713684  0.3021952509880066  -0.4738604724407196
   1626    0.46877986192703247  0.4050075113773346  -0.5217432379722595
   1627    -1.5321215391159058  2.1049468517303467  -0.1340523362159729
   1628    -0.3527919054031372  0.14484845101833344  1.0079470872879028
   1629    -0.7712323069572449  0.7601571083068848  0.8728093504905701
   1630    0.9095553755760193  -0.08046042919158936  -0.04323801398277283
   1631    0.8363742828369141  -0.08243505656719208  -0.08168202638626099
   1632    -0.49949678778648376  -0.3028743267059326  0.9311153292655945
   1633    -1.171381950378418  -0.3111359477043152  0.7580268383026123
   1634    -1.5103685855865479  1.8563040494918823  -0.11970986425876617
   1635    -0.6814426183700562  -0.32893332839012146  -0.5222382545471191
   1636    -0.9206753969192505  1.174108624458313  0.784444272518158
   1637    0.38027727603912354  1.004098892211914  -0.44769152998924255
   1638    0.5143647789955139  1.1509299278259277  -0.29386022686958313
   1639    -0.7465838193893433  1.3198612928390503  0.64713454246521
   1640    0.9239407777786255  0.6373090147972107  0.2509942352771759
   1641    -1.6769837141036987  0.6103054285049438  0.45763081312179565
   1642    -1.4000047445297241  2.000889778137207  -0.8494453430175781
   1643    -1.1156831979751587  1.5844006538391113  0.7422853708267212
   1644    -1.7315151691436768  2.0619421005249023  0.3227073550224304
   1645    -1.2749028205871582  2.18274188041687  -1.0111441612243652
   1646    -0.3925584852695465  2.167034387588501  -0.1571725606918335
   1647    0.2895633578300476  1.2612074613571167  -0.33704954385757446
   1648    0.5234884023666382  0.12661492824554443  -0.42583557963371277
   1649    0.5895204544067383  0.2201610654592514  -0.391867458820343
   1650    -0.6154187917709351  2.3154826164245605  -0.3225100338459015
   1651    -1.0582743883132935  1.9251395463943481  0.41532081365585327
   1652    -1.8160320520401  1.7848626375198364  0.41351452469825745
   1653    -1.806828498840332  1.7007087469100952  0.4466734826564789
   1654    -0.1848468780517578  0.9611201286315918  -0.5673646330833435
   1655    -0.05962188169360161  0.9481292963027954  -0.5881537199020386
   1656    -0.05275595560669899  1.024100661277771  0.8814176321029663
   1657    -0.03008979931473732  -0.2985379993915558  0.7887060046195984
   1658    0.4690078794956207  1.4324311017990112  0.5757861733436584
   1659    0.12028148770332336  1.3454618453979492  0.770325779914856
   1660    0.09842253476381302  1.484163761138916  0.6709271669387817
   1661    -0.6301366686820984  1.4509549140930176  -0.11643195152282715
   1662    -1.4228309392929077  2.444920301437378  -0.7111396789550781
   1663    -1.4647802114486694  2.4152395725250244  -0.5954700708389282
   1664    -1.8609683513641357  1.4702149629592896  0.5581196546554565
   1665    -1.8366498947143555  1.5593421459197998  0.6599276661872864
   1666    0.4345565438270569  1.520078182220459  0.37125545740127563
   1667    -1.371690273284912  0.5930196642875671  -0.3365004062652588
   1668    0.1571408063173294  1.5909672975540161  -0.006962872110307217
   1669    0.17468127608299255  1.5478901863098145  -0.09221483767032623
   1670    -0.09203328937292099  -0.30916422605514526  -0.3500816822052002
   1671    -1.0566166639328003  -0.32906949520111084  0.24057385325431824
   1672    -1.0915076732635498  -0.31748998165130615  0.5177537798881531
   1673    -1.0762807130813599  -0.32357627153396606  0.4025639593601227
   1674    0.18397651612758636  0.27564534544944763  -0.6325507760047913
   1675    -0.8597458600997925  1.1323201656341553  -0.4068557918071747
   1676    -1.5278432369232178  1.2988581657409668  1.0126274824142456
   1677    0.3556101322174072  0.696030855178833  -0.5668715834617615
   1678    0.32475656270980835  0.8148341178894043  -0.5416641235351562
   1679    0.5859958529472351  -0.3000606596469879  0.29921582341194153
   1680    -0.5876424312591553  1.294678807258606  -0.3188660740852356
   1681    -0.9436862468719482  -0.32904601097106934  -0.07329603284597397
   1682    -1.1607671976089478  0.2554365396499634  0.5838651657104492
   1683    0.31256189942359924  -0.3071460425853729  -0.3059704005718231
   1684    -0.8470250964164734  1.4402295351028442  -0.23580364882946014
   1685    -1.237373948097229  2.1522939205169678  -0.6795026063919067
   1686    0.9380855560302734  0.17596353590488434  0.6338932514190674
   1687    1.0771855115890503  0.19794826209545135  0.5701098442077637
   1688    -0.5608808994293213  1.148984432220459  0.7948707938194275
   1689    -1.415855050086975  -0.2722795903682709  -0.020124245434999466
   1690    -0.2810007929801941  2.528921127319336  -0.4097159206867218
   1691    -0.4892910122871399  0.984714150428772  -0.4826749563217163
   1692    -1.3939318656921387  0.28382396697998047  0.01547456718981266
   1693    0.29031679034233093  -0.31186506152153015  -0.13937099277973175
   1694    -0.9054903388023376  1.6004201173782349  0.40893760323524475
   1695    0.6967129111289978  1.274004340171814  0.4336441457271576
   1696    -1.0696320533752441  -0.017273999750614166  0.6731879711151123
   1697    0.7281174659729004  -0.19564272463321686  0.5089989900588989
   1698    0.6199984550476074  0.8554453253746033  0.8467047810554504
   1699    0.533193826675415  0.9692187309265137  0.8496145606040955
   1700    -0.5101141333580017  1.454350233078003  0.4932089149951935
   1701    -1.4543378353118896  1.104758620262146  0.7491170763969421
   1702    -0.7631096243858337  0.5117087960243225  -0.3641529679298401
   1703    -1.1777465343475342  -0.32924866676330566  0.06906447559595108
   1704    -0.47923165559768677  0.5282579660415649  -0.763615071773529
   1705    0.1597023755311966  -0.1923730969429016  -0.46859002113342285
   1706    -1.4054960012435913  0.9083251357078552  0.8422946333885193
   1707    -0.16296665370464325  0.02308790571987629  -0.6371657848358154
   1708    -1.0494513511657715  -0.06724689155817032  0.434420108795166
   1709    -1.0501809120178223  0.01663018949329853  0.553690493106842
   1710    -0.01724296808242798  0.8439427614212036  1.1169960498809814
   1711    -1.39762544631958  1.8623089790344238  -0.2502897083759308
   1712    0.7326382994651794  -0.25138619542121887  0.1173323392868042
   1713    -1.1784452199935913  0.1920110583305359  0.03153093159198761
   1714    -0.9456686973571777  1.5924429893493652  0.015547532588243484
   1715    -0.49529510736465454  2.440016984939575  -0.3957459330558777
   1716    -0.06999867409467697  1.1681113243103027  0.8708134293556213
   1717    -0.3968919515609741  0.3530246317386627  1.0411524772644043
   1718    0.872230589389801  0.2497655600309372  -0.048219677060842514
   1719    -1.3653758764266968  1.7378432750701904  0.9225274920463562
   1720    -1.4446386098861694  1.6862668991088867  1.0016106367111206
   1721    -0.24366410076618195  0.24212922155857086  -0.7271361351013184
   1722    -0.31787124276161194  0.07937115430831909  -0.662655234336853
   1723    -1.1847174167633057  1.818677306175232  0.6675347685813904
   1724    -0.8511326909065247  0.5383548140525818  0.8612092733383179
   1725    -1.4840034246444702  0.9296070337295532  -0.28286176919937134
   1726    -1.777286410331726  0.742317259311676  0.2355828732252121
   1727    0.8765866756439209  -0.16657759249210358  0.41200488805770874
   1728    0.872954249382019  -0.1898379623889923  0.31243282556533813
   1729    -0.23648697137832642  0.4099375903606415  -0.7613565325737
   1730    -0.019237665459513664  1.021599292755127  -0.45876315236091614
   1731    -1.2423571348190308  2.5164988040924072  -1.1441590785980225
   1732    -0.5414552092552185  -0.32998135685920715  -0.5309407711029053
   1733    -0.5019212961196899  -0.31978705525398254  -0.42081305384635925
   1734    -0.4577055871486664  -0.23024685680866241  -0.14228074252605438
   1735    -0.48671087622642517  -0.23289139568805695  0.03425383195281029
   1736    0.8645937442779541  0.4809741675853729  0.5444369912147522
   1737    -0.6173999905586243  0.6908091902732849  -0.6180015206336975
   1738    -1.6503853797912598  1.573887825012207  1.0390418767929077
   1739    -0.10390592366456985  1.586350917816162  -0.0037175787147134542
   1740    -0.23540684580802917  1.566596269607544  0.020434709265828133
   1741    -0.46973109245300293  -0.14030668139457703  -0.5765787959098816
   1742    -0.7542325258255005  2.159607410430908  0.09186147898435593
   1743    0.6875905990600586  0.6053369045257568  -0.35374993085861206
   1744    0.9710692763328552  0.38965684175491333  0.05443925783038139
   1745    0.09862882643938065  1.3284369707107544  -0.35961607098579407
   1746    0.3637392222881317  0.760418713092804  0.9864361882209778
   1747    -1.2288579940795898  -0.25520002841949463  0.4034551978111267
   1748    -0.6188247203826904  0.12333765625953674  -0.30784541368484497
   1749    -0.7594831585884094  2.349957227706909  0.04159272834658623
   1750    -1.3165814876556396  -0.17713527381420135  0.2570885717868805
   1751    -1.3177307844161987  2.1296286582946777  -0.1484292447566986
   1752    -0.18798398971557617  2.566957950592041  -0.5757855772972107
   1753    -0.24834276735782623  2.6778903007507324  -0.5295948386192322
   1754    -0.04310005158185959  -0.22098983824253082  -0.046560488641262054
   1755    -0.6353316903114319  1.285583257675171  0.6845033764839172
   1756    -0.21686765551567078  0.42499276995658875  1.12061607837677
   1757    -0.9843075275421143  1.860011339187622  0.0900200828909874
   1758    -1.3084298372268677  1.7326024770736694  0.8348013162612915
   1759    -1.1588407754898071  1.7630826234817505  0.6580546498298645
   1760    0.9308702349662781  0.41107431054115295  0.4359411597251892
   1761    -0.5596398711204529  2.2499282360076904  -0.08444156497716904
   1762    0.7918170690536499  1.1544588804244995  0.15580341219902039
   1763    -0.6157169342041016  -0.3006322383880615  -0.6094624996185303
   1764    0.14915862679481506  0.42753323912620544  -0.6697242856025696
   1765    -0.02313762716948986  -0.21948303282260895  0.6094170212745667
   1766    -1.4621496200561523  0.42849794030189514  0.6360178589820862
   1767    -1.110321283340454  2.122708320617676  -0.028463266789913177
   1768    -1.02953040599823  1.2124937772750854  -0.3661991357803345
   1769    -0.22313188016414642  2.3411343097686768  -0.32619452476501465
   1770    -0.25923779606819153  -0.055801402777433395  0.9600920081138611
   1771    0.4800501763820648  1.0983059406280518  0.7935489416122437
   1772    0.5806775093078613  1.1953966617584229  0.7027310132980347
   1773    0.710700273513794  1.1665970087051392  0.5682831406593323
   1774    -1.0597450733184814  -0.31585919857025146  0.5290274620056152
   1775    -1.6527032852172852  0.8484521508216858  -0.13675859570503235
   1776    -0.23740112781524658  1.3472000360488892  -0.3065417408943176
   1777    -0.2300960272550583  1.2827301025390625  -0.34847134351730347
   1778    -1.7443305253982544  1.825312614440918  0.7941203713417053
   1779    -0.27895212173461914  0.32557088136672974  1.0744738578796387
   1780    -0.3406893312931061  0.442242830991745  1.101087212562561
   1781    -1.8245254755020142  1.9138559103012085  0.3321869969367981
   1782    -0.0006630920106545091  1.4741942882537842  -0.18898649513721466
   1783    -0.25770384073257446  0.5029876828193665  -0.7701035141944885
   1784    -0.375312864780426  -0.19154758751392365  1.0577611923217773
   1785    0.8151566386222839  0.4138806164264679  -0.1750362515449524
   1786    -0.05606522783637047  0.8061156272888184  1.128910779953003
   1787    -1.229573369026184  0.7205997109413147  -0.3879563808441162
   1788    -0.43569162487983704  1.535048246383667  0.11271945387125015
   1789    0.07092747837305069  1.1442592144012451  -0.40667521953582764
   1790    -0.08064327389001846  1.159873366355896  -0.4481857419013977
   1791    -1.2130130529403687  1.8258914947509766  -0.10279708355665207
   1792    -0.9772018194198608  1.977151870727539  0.2172120064496994
   1793    -1.3226268291473389  -0.23511247336864471  0.750956654548645
   1794    -1.749825119972229  1.2107056379318237  0.2370702475309372
   1795    -1.7155736684799194  1.2103854417800903  0.44229987263679504
   1796    -1.7945367097854614  1.2750036716461182  0.4509241580963135
   1797    -0.5300370454788208  0.3112475574016571  0.793447732925415
   1798    -1.4191656112670898  0.4910781681537628  0.7364139556884766
   1799    -1.4620301723480225  2.3046021461486816  -0.3488060235977173
   1800    0.3916960060596466  -0.2801400125026703  0.13216739892959595
   1801    0.9258304834365845  0.4547698199748993  0.09180308878421783
   1802    -1.1492863893508911  0.7834956645965576  -0.4308308959007263
   1803    -0.5945543646812439  0.9340834021568298  0.8985298275947571
   1804    -1.4531060457229614  2.6186599731445312  -1.0935100317001343
   1805    -1.2453244924545288  2.3012871742248535  -0.9942830801010132
   1806    -1.6536930799484253  1.2832587957382202  -0.029725203290581703
   1807    0.43030446767807007  -0.25075873732566833  0.7549098134040833
   1808    -0.9802314043045044  2.315830707550049  0.044789426028728485
   1809    -1.4764957427978516  2.0830912590026855  -0.5325755476951599
   1810    -0.8219177722930908  0.7415991425514221  -0.4289911091327667
   1811    -0.7162600159645081  0.6854779720306396  -0.4510500133037567
   1812    -0.6940569281578064  -0.03305405005812645  -0.3663235008716583
   1813    -0.6435551047325134  0.7610328793525696  0.8757442831993103
   1814    -1.6941773891448975  1.6845483779907227  0.9597435593605042
   1815    0.23618707060813904  0.22115486860275269  -0.5894388556480408
   1816    1.1632628440856934  0.2702416479587555  0.05977405235171318
   1817    -1.4355219602584839  -0.31083399057388306  0.00888929981738329
   1818    -1.2954292297363281  -0.32951390743255615  -0.08979138731956482
   1819    -1.409234881401062  0.542283296585083  -0.29184845089912415
   1820    -1.3007175922393799  -0.17428582906723022  0.5904865264892578
   1821    -1.324333906173706  1.3883627653121948  1.0251904726028442
   1822    -0.8695361614227295  -0.2400994598865509  0.8853810429573059
   1823    -0.05146569758653641  0.5028747320175171  -0.7222450375556946
   1824    -1.537540078163147  0.38277310132980347  0.12011624872684479
   1825    -1.6198532581329346  0.44252800941467285  0.20170089602470398
   1826    -1.0472513437271118  2.168545961380005  -0.07362119853496552
   1827    -1.604963779449463  1.4289240837097168  -0.10605370253324509
   1828    0.3837176561355591  -0.21733486652374268  -0.33951371908187866
   1829    0.32635238766670227  -0.1830642819404602  -0.4410592019557953
   1830    0.336823970079422  -0.01424448098987341  -0.4908047616481781
   1831    -0.9444631934165955  1.0203909873962402  0.8395355343818665
   1832    -1.3863557577133179  1.9188733100891113  -0.4809988737106323
   1833    -1.4547566175460815  2.4975974559783936  -1.0432062149047852
   1834    -1.8113678693771362  1.2783399820327759  0.7843719124794006
   1835    0.5871150493621826  0.8917632102966309  -0.37826335430145264
   1836    -1.3412128686904907  2.00752329826355  -0.7675134539604187
   1837    0.08898008614778519  -0.3099749684333801  0.013353429734706879
   1838    -0.3008367419242859  0.5656906366348267  -0.7708890438079834
   1839    -0.2585839629173279  0.6597121953964233  -0.7804507613182068
   1840    -0.5749450922012329  -0.3063165545463562  -0.4065823554992676
   1841    -0.5514707565307617  -0.23599503934383392  -0.3576737940311432
   1842    -1.136681079864502  1.7716610431671143  -0.09406519681215286
   1843    1.0200183391571045  0.4159908592700958  0.08038820326328278
   1844    0.2932397127151489  1.226197600364685  0.7888533473014832
   1845    -1.263466477394104  2.0588090419769287  -0.18275505304336548
   1846    -1.8588685989379883  1.3648689985275269  0.7881826758384705
   1847    -0.38946792483329773  1.5466625690460205  0.3556806743144989
   1848    -1.2969878911972046  1.1378928422927856  -0.29254981875419617
   1849    -1.5390162467956543  0.4335455000400543  0.529988169670105
   1850    -1.2360882759094238  1.9723995923995972  -0.05685659497976303
   1851    -0.5188175439834595  -0.2997065484523773  -0.5786015391349792
   1852    -1.1220784187316895  -0.12128812819719315  -0.1463068723678589
   1853    -0.10043072700500488  0.5349833369255066  1.1713861227035522
   1854    -1.8089497089385986  1.777019739151001  0.31527185440063477
   1855    -1.7928805351257324  0.8042865991592407  0.3465167284011841
   1856    -0.7480356693267822  2.0576844215393066  0.05543135851621628
   1857    -1.22317636013031  1.0879571437835693  0.8219186067581177
   1858    -0.08405521512031555  1.4751824140548706  0.687730073928833
   1859    0.8571150898933411  -0.17689155042171478  0.05626765638589859
   1860    -0.5494509935379028  -0.0016925393138080835  0.9047772288322449
   1861    -0.5145055055618286  0.35691168904304504  -0.684948742389679
   1862    0.5842206478118896  0.06697435677051544  -0.35991376638412476
   1863    -0.7627747058868408  1.2485404014587402  -0.35495561361312866
   1864    -1.7180966138839722  1.2385154962539673  0.8600095510482788
   1865    -1.486283302307129  1.1957879066467285  0.8533919453620911
   1866    0.6062055826187134  0.3800421953201294  -0.3927728235721588
   1867    -1.4046052694320679  0.3247336745262146  -0.04084385931491852
   1868    0.2338489145040512  0.2818967401981354  1.0576229095458984
   1869    0.4558085799217224  1.3047131299972534  0.6932116150856018
   1870    -0.519912600517273  0.11233992129564285  -0.5580676794052124
   1871    1.2110358476638794  0.17659926414489746  0.22812968492507935
   1872    -0.24149368703365326  0.5329769849777222  1.1446658372879028
   1873    -1.3353803157806396  0.3316713869571686  -0.11416646093130112
   1874    -1.664276361465454  1.433158040046692  0.9851608276367188
   1875    0.1798889935016632  -0.31284889578819275  0.04761657863855362
   1876    -0.5239431858062744  1.3427648544311523  -0.27806684374809265
   1877    -0.22087690234184265  -0.29992660880088806  0.9648537039756775
   1878    -1.7163622379302979  0.8256718516349792  0.019430389627814293
   1879    -0.9455865025520325  0.054957978427410126  0.7445864081382751
   1880    -1.3092106580734253  2.527604818344116  -1.0353144407272339
   1881    -0.17209725081920624  -0.23194217681884766  0.4021889567375183
   1882    0.7644410133361816  0.2214246690273285  -0.19189123809337616
   1883    -0.4689573347568512  0.9199861288070679  -0.5115979909896851
   1884    -1.826918601989746  1.56685471534729  0.15255717933177948
   1885    -1.757904052734375  1.6068661212921143  0.039780352264642715
   1886    -0.36760032176971436  -0.22526507079601288  0.6493223309516907
   1887    -1.7587511539459229  1.655832290649414  0.8831434845924377
   1888    0.3028130829334259  -0.3067755401134491  0.47600096464157104
   1889    -1.3047596216201782  0.2715086042881012  0.5195077657699585
   1890    0.03426541015505791  0.6652189493179321  -0.7041215300559998
   1891    -1.7375134229660034  1.3016448020935059  0.05309542641043663
   1892    -0.17289015650749207  -0.22639857232570648  0.006536833010613918
   1893    -0.22428077459335327  -0.2239762842655182  -0.12439272552728653
   1894    -1.7519419193267822  0.7354637980461121  0.4269063174724579
   1895    -0.7468655705451965  0.9572901725769043  -0.44706717133522034
   1896    -0.6367202997207642  0.396820992231369  -0.49109238386154175
   1897    -1.4034802913665771  0.767091691493988  -0.33443719148635864
   1898    -1.236796498298645  2.433115005493164  -1.089495062828064
   1899    0.8645647764205933  0.7974690794944763  -0.08465366065502167
   1900    0.8447085022926331  0.8962032794952393  -0.05997996777296066
   1901    -0.5698661208152771  -0.2269783914089203  1.0765398740768433
   1902    -0.6945559978485107  -0.2735244035720825  0.9566391110420227
   1903    0.11700673401355743  0.6736026406288147  1.1345466375350952
   1904    -0.7827474474906921  -0.3085709810256958  0.8052481412887573
   1905    -0.6414840221405029  -0.23353199660778046  -0.008421840146183968
   1906    -0.6979427933692932  -0.3260576128959656  0.136314257979393
   1907    -1.4506418704986572  -0.24409645795822144  0.1112140566110611
   1908    -0.5360588431358337  0.8885226845741272  0.8979251384735107
   1909    0.1916191577911377  0.980591893196106  -0.452566921710968
   1910    0.4010135233402252  0.9483597278594971  0.9385805726051331
   1911    0.354927122592926  0.6062102317810059  -0.5711970329284668
   1912    -1.6838023662567139  2.078186273574829  0.42017075419425964
   1913    -0.34308961033821106  0.6958886981010437  1.1484886407852173
   1914    -1.0809539556503296  0.9005651473999023  0.8765700459480286
   1915    -0.37027329206466675  1.1257908344268799  -0.45144379138946533
   1916    -0.5893431305885315  0.10383541136980057  -0.43298614025115967
   1917    -0.45690178871154785  -0.23771333694458008  0.2142309993505478
   1918    -1.2352700233459473  -0.22568200528621674  0.47434601187705994
   1919    -0.5999950766563416  2.457007646560669  -0.33852076530456543
   1920    -0.7388061285018921  2.4693734645843506  -0.23076458275318146
   1921    -1.383335828781128  2.145012140274048  -1.0463380813598633
   1922    -0.439902126789093  1.4160048961639404  0.6188049912452698
   1923    -0.3748857080936432  1.417718768119812  0.6543358564376831
   1924    -0.2779979705810547  1.36514413356781  0.7482392191886902
   1925    -0.14218257367610931  0.5241448879241943  -0.7489529252052307
   1926    -0.2941201329231262  -0.23398974537849426  0.2664264142513275
   1927    0.6509530544281006  1.2716972827911377  -0.07456524670124054
   1928    -1.3773812055587769  2.4139952659606934  -0.655105471611023
   1929    -1.2939555644989014  2.3684263229370117  -0.7591447830200195
   1930    -0.7769352793693542  1.4969433546066284  -0.15233643352985382
   1931    -1.0839558839797974  0.42012739181518555  -0.312006413936615
   1932    -0.015410257503390312  0.07076209038496017  1.0981380939483643
   1933    -0.07194223254919052  0.1633644998073578  1.07610023021698
   1934    -0.04362058266997337  0.29680135846138  1.1355242729187012
   1935    -0.022127900272607803  0.21196353435516357  1.1195554733276367
   1936    -0.2578504979610443  1.5258480310440063  0.5565341711044312
   1937    -0.141618549823761  1.5995044708251953  0.4446638524532318
   1938    -0.03424166515469551  1.626975655555725  0.2814690172672272
   1939    -1.055045485496521  0.16424010694026947  0.4841454029083252
   1940    -0.7067707180976868  -0.3048855662345886  0.8809792399406433
   1941    -1.7907540798187256  1.7910794019699097  0.6151265501976013
   1942    -1.780859112739563  1.7570548057556152  0.511181116104126
   1943    -1.4325079917907715  1.9488996267318726  -0.5298874378204346
   1944    -0.25937941670417786  0.9758450388908386  0.9691041707992554
   1945    -1.048445701599121  1.8895803689956665  0.36412256956100464
   1946    -1.557684302330017  2.475318193435669  -0.946506679058075
   1947    -1.3758525848388672  0.3285726010799408  0.5583404898643494
   1948    -0.8155306577682495  2.1890292167663574  0.056357163935899734
   1949    0.10491340607404709  -0.3002149164676666  0.4577920138835907
   1950    -0.311511754989624  -0.1478637009859085  1.0329533815383911
   1951    -1.0315587520599365  -0.021076956763863564  0.2867448925971985
   1952    0.8675352334976196  0.5517724752426147  -0.07998911291360855
   1953    1.0034945011138916  0.2500641942024231  -0.06293980032205582
   1954    1.0322657823562622  -0.06271161139011383  0.07456887513399124
   1955    -0.8426772952079773  -0.30950966477394104  0.6729389429092407
   1956    -1.459184169769287  0.28641247749328613  0.3274053931236267
   1957    -0.5612800121307373  -0.22918599843978882  0.725130021572113
   1958    0.4811231195926666  -0.04870656132698059  0.785013735294342
   1959    -1.2894397974014282  2.1821179389953613  -1.1218267679214478
   1960    -1.510258674621582  2.1064937114715576  0.5228039026260376
   1961    -1.2478693723678589  1.4398298263549805  0.8900977969169617
   1962    1.1171183586120605  0.09189872443675995  0.4910834729671478
   1963    -1.5108399391174316  2.3315892219543457  -0.7903379797935486
   1964    0.10102023184299469  0.9560263752937317  1.0146443843841553
   1965    0.9268377423286438  0.6094439029693604  0.1586213856935501
   1966    0.6247895956039429  0.4892788827419281  -0.40550193190574646
   1967    -1.0483964681625366  1.6439331769943237  0.6459296345710754
   1968    0.6534690260887146  -0.2899290919303894  0.1744096279144287
   1969    0.053657110780477524  0.5342697501182556  -0.70539790391922
   1970    -0.014258913695812225  1.6121646165847778  0.4253620207309723
   1971    -1.5052824020385742  0.9675160646438599  -0.2552962005138397
   1972    -0.7960297465324402  -0.1514836698770523  -0.4894759953022003
   1973    -1.6050708293914795  0.7832760810852051  0.6922179460525513
   1974    -1.5935661792755127  1.8204928636550903  -0.07617524266242981
   1975    0.6030336022377014  1.3808796405792236  0.0802205428481102
   1976    -0.6932750940322876  1.338775396347046  -0.2693876028060913
   1977    -0.2316562831401825  -0.2212046980857849  -0.2003559023141861
   1978    -0.4703313410282135  1.4984241724014282  -0.00860194955021143
   1979    -1.4490540027618408  1.8560649156570435  -0.18033137917518616
   1980    -1.7361098527908325  0.6950516104698181  0.1796714812517166
   1981    -1.3895387649536133  0.22727462649345398  0.22505423426628113
   1982    -1.609578251838684  2.0479440689086914  0.6285702586174011
   1983    -0.8940019011497498  -0.1371379792690277  0.8664852380752563
   1984    -0.040439423173666  -0.23206870257854462  -0.5045124292373657
   1985    0.3537827432155609  1.0841647386550903  0.8892617225646973
   1986    -0.7628849148750305  -0.08736392110586166  -0.4642432630062103
   1987    -1.6162692308425903  0.6968282461166382  -0.14165259897708893
   1988    -0.8879009485244751  1.5325794219970703  0.3988727927207947
   1989    -0.9446073174476624  1.672937035560608  0.396600604057312
   1990    1.2149378061294556  0.253484308719635  0.3236526846885681
   1991    -1.543428659439087  1.2644414901733398  -0.08655857294797897
   1992    -0.47067686915397644  0.5213212370872498  1.043748378753662
   1993    -0.16174708306789398  0.7102935910224915  -0.7561150193214417
   1994    -0.45749786496162415  0.06720733642578125  -0.5869298577308655
   1995    -0.6444146037101746  0.8490615487098694  -0.4848850965499878
   1996    -0.09982290118932724  -0.02222815901041031  1.0071417093276978
   1997    -0.14101561903953552  -0.3079466223716736  0.8817075490951538
   1998    -1.0022540092468262  -0.32439398765563965  -0.2554219961166382
   1999    0.029719272628426552  -0.21199294924736023  0.688055157661438
   2000    -0.6801426410675049  1.1124436855316162  0.7881367802619934
   2001    -0.7714781761169434  1.1385865211486816  0.7609504461288452
   2002    -1.352218747138977  2.083116054534912  0.6278380751609802
   2003    -1.6184604167938232  0.5093324184417725  0.01099840272217989
   2004    -0.002739749848842621  1.1862202882766724  0.8561527132987976
   2005    0.13828539848327637  1.1485719680786133  0.826003909111023
   2006    0.25802749395370483  1.2738146781921387  0.7662070393562317
   2007    -1.2900123596191406  0.4200267493724823  0.7426140904426575
   2008    -0.24100741744041443  0.7195701599121094  1.1440184116363525
   2009    0.4951789975166321  1.2182680368423462  -0.25438880920410156
   2010    0.3876972496509552  1.280630350112915  -0.2887018620967865
   2011    0.34791460633277893  1.1171694993972778  -0.35869789123535156
   2012    -1.3394640684127808  1.285881519317627  0.9539226293563843
   2013    0.36769407987594604  -0.08811387419700623  0.8602092862129211
   2014    -1.3509119749069214  2.231501340866089  -1.1243706941604614
   2015    -1.0398834943771362  0.04264739528298378  0.25905752182006836
   2016    -0.8012531399726868  -0.2909269332885742  0.19290059804916382
   2017    -1.0650215148925781  0.1107625812292099  -0.13986481726169586
   2018    -1.2937839031219482  2.244823932647705  -0.38392797112464905
   2019    -1.7342296838760376  1.2088367938995361  0.17493173480033875
   2020    -1.7170861959457397  1.1783145666122437  0.1681768000125885
   2021    -1.549688696861267  1.8046715259552002  0.9590577483177185
   2022    -1.5905547142028809  1.685207486152649  1.0278092622756958
   2023    -1.0396668910980225  1.474044919013977  -0.17342758178710938
   2024    -1.6190215349197388  0.5337386131286621  -0.054030369967222214
   2025    -0.31873688101768494  2.409815549850464  -0.45360302925109863
   2026    -0.48458626866340637  2.469224691390991  -0.24944761395454407
   2027    -0.23814164102077484  2.309682846069336  -0.29019811749458313
   2028    0.7343680262565613  1.233995795249939  0.11950930953025818
   2029    0.33449211716651917  0.5169914960861206  -0.5763143301010132
   2030    -0.9266743063926697  -0.3295704126358032  -0.254412978887558
   2031    0.1597556471824646  -0.30152326822280884  -0.274833619594574
   2032    0.1063375174999237  -0.24373522400856018  -0.25589191913604736
   2033    -0.38048386573791504  -0.23322725296020508  0.07806645333766937
   2034    -0.25054240226745605  0.00942041166126728  -0.6291114687919617
   2035    0.009186115115880966  -0.3213062882423401  -0.4302044212818146
   2036    1.0193589925765991  0.4477142095565796  0.4123767614364624
   2037    1.0888192653656006  0.45695555210113525  0.376384973526001
   2038    -0.4290902316570282  2.4641122817993164  -0.42701613903045654
   2039    -1.2547805309295654  2.335282564163208  -1.2145943641662598
   2040    -0.9252793788909912  0.6848341822624207  0.8896079659461975
   2041    -0.8512148261070251  0.7617403864860535  0.8484411835670471
   2042    -0.5064700245857239  -0.24086202681064606  0.4321874678134918
   2043    -0.570984423160553  -0.2446717619895935  0.41198018193244934
   2044    -1.1910849809646606  0.4303353428840637  0.7884959578514099
   2045    -0.3028927147388458  0.902487576007843  1.0708470344543457
   2046    -1.155289888381958  2.122447967529297  0.21380749344825745
   2047    0.39329928159713745  -0.2438695728778839  -0.22623932361602783
   2048    -0.6994661688804626  2.2198522090911865  -0.0047333091497421265
   2049    0.32061877846717834  1.4409321546554565  0.640861451625824
   2050    0.4278935492038727  1.4035042524337769  0.6485947370529175
   2051    -0.643833339214325  1.1609424352645874  -0.3857193887233734
   2052    -1.8486005067825317  1.6321585178375244  0.2710030972957611
   2053    -1.5484118461608887  0.7187644839286804  -0.24195337295532227
   2054    -0.3048703372478485  1.0637842416763306  0.8639647364616394
   2055    -0.3538791835308075  2.3181729316711426  -0.3750275671482086
   2056    -1.326575517654419  -0.22890299558639526  0.5963438153266907
   2057    -1.4415699243545532  1.7904375791549683  0.9544918537139893
   2058    -1.4429835081100464  2.1247642040252686  0.2912849187850952
   2059    0.7256556749343872  1.2154102325439453  0.4769529700279236
   2060    0.8574758768081665  0.2615954279899597  0.5673149228096008
   2061    0.8251239657402039  -0.13483087718486786  0.5417134761810303
   2062    0.4799269437789917  0.8459295034408569  -0.45224466919898987
   2063    0.733957827091217  0.4880143702030182  0.7522839903831482
   2064    -1.290861964225769  -0.287198007106781  -0.1571052074432373
   2065    -1.268555760383606  -0.32511261105537415  -0.15803682804107666
   2066    -0.8368563055992126  -0.32904601097106934  0.05612834170460701
   2067    -0.986997127532959  0.433685302734375  0.802697479724884
   2068    -0.4568089246749878  0.28862953186035156  0.8977364301681519
   2069    -1.2413380146026611  -0.12529952824115753  0.5528491139411926
   2070    -1.1580462455749512  -0.13158011436462402  0.46329617500305176
   2071    0.2658565044403076  -0.3123420774936676  0.4278651773929596
   2072    1.106677770614624  0.08756467700004578  0.02627711184322834
   2073    0.3404296934604645  1.5696990489959717  0.32223957777023315
   2074    0.4477604031562805  1.3657078742980957  -0.18430137634277344
   2075    -0.49167025089263916  2.1937849521636963  -0.02892651967704296
   2076    -0.7518705725669861  -0.17749634385108948  0.8806218504905701
   2077    -1.0392096042633057  0.7166358828544617  -0.43070030212402344
   2078    -1.6338304281234741  1.17978036403656  0.5717139840126038
   2079    -1.5893136262893677  2.05698299407959  0.05762835592031479
   2080    -1.7763339281082153  1.7263988256454468  0.80479496717453
   2081    0.6950230002403259  0.6825841665267944  0.7940768599510193
   2082    -0.27475792169570923  0.10947688668966293  -0.6777346134185791
   2083    -0.4335564970970154  -0.2758680582046509  1.071726679801941
   2084    0.36157068610191345  0.3838881254196167  1.0173252820968628
   2085    0.667878270149231  0.36690554022789  0.7934103608131409
   2086    0.6712536215782166  0.4993036985397339  0.8031871318817139
   2087    -1.7766673564910889  1.2448612451553345  0.7429807782173157
   2088    -1.2526293992996216  1.339535117149353  -0.2137061506509781
   2089    0.799773097038269  1.1407320499420166  0.23708492517471313
   2090    0.8356863260269165  1.036293864250183  0.34074679017066956
   2091    0.791384756565094  1.0749202966690063  0.5056865215301514
   2092    -1.0837169885635376  2.0672385692596436  0.38204145431518555
   2093    -0.6490864157676697  0.6646355986595154  -0.5900586247444153
   2094    0.2542685270309448  -0.26836875081062317  0.8914303779602051
   2095    0.17268192768096924  0.9515357613563538  -0.4861196279525757
   2096    -1.114691972732544  -0.2782219648361206  0.9343197345733643
   2097    -1.406872034072876  2.1627297401428223  -0.07711077481508255
   2098    -1.5128469467163086  0.3519023358821869  0.32548823952674866
   2099    -1.0915720462799072  1.011062741279602  -0.4201999604701996
   2100    0.17208892107009888  1.6184066534042358  0.3872891664505005
   2101    -1.7302262783050537  1.716809868812561  0.0436767041683197
   2102    -1.6405351161956787  1.7773395776748657  -0.016054442152380943
   2103    -1.7210373878479004  0.5966236591339111  0.3336184620857239
   2104    -0.6114378571510315  2.116753339767456  -0.18740282952785492
   2105    -0.928533136844635  0.03983725607395172  -0.1967042237520218
   2106    -0.672500491142273  2.259152889251709  -0.29191723465919495
   2107    0.05256093665957451  1.3596938848495483  0.7796109318733215
   2108    -0.9937646985054016  1.3114436864852905  0.6698076725006104
   2109    0.9073922038078308  0.45939546823501587  0.4268421232700348
   2110    -1.7316555976867676  1.866010069847107  0.1719127744436264
   2111    0.5352785587310791  0.015738071873784065  0.7709994912147522
   2112    0.5328739881515503  0.11292266100645065  0.8376078605651855
   2113    -1.444960594177246  0.7396931648254395  0.8218359351158142
   2114    -1.4002875089645386  0.8038061261177063  0.8398935198783875
   2115    0.5751436948776245  -0.2618701457977295  0.005075724329799414
   2116    -0.7749783396720886  -0.2144249826669693  -0.5691915154457092
   2117    -1.065478801727295  -0.2971782088279724  0.9059658050537109
   2118    -0.8292981386184692  1.03673255443573  0.8220634460449219
   2119    -0.42781153321266174  1.2248550653457642  0.7937692999839783
   2120    -0.4654087722301483  1.2451752424240112  0.7706829905509949
   2121    0.9333763718605042  -0.16403865814208984  0.24387194216251373
   2122    -0.568289041519165  0.442909300327301  0.8081923127174377
   2123    -0.9585606455802917  2.1131510734558105  0.1910610944032669
   2124    0.06214100122451782  -0.30289000272750854  0.7756220102310181
   2125    0.09638451039791107  -0.30266547203063965  0.7465143799781799
   2126    0.07144756615161896  -0.20949572324752808  0.6943124532699585
   2127    -1.1008325815200806  -0.09139540791511536  0.29762932658195496
   2128    -1.1269217729568481  1.4550490379333496  0.7937765121459961
   2129    -0.7668684124946594  2.4149930477142334  -0.23820258677005768
   2130    -1.7927448749542236  0.8723336458206177  0.30613404512405396
   2131    -1.3466205596923828  1.253504753112793  0.895806610584259
   2132    -0.6400122046470642  -0.07613318413496017  0.9173322319984436
   2133    -0.77875155210495  2.394669532775879  0.03766704723238945
   2134    -1.1431877613067627  -0.03713276982307434  0.6593655347824097
   2135    -0.17484897375106812  -0.22172099351882935  0.6366312503814697
   2136    -0.38887548446655273  -0.23624621331691742  0.45674583315849304
   2137    -0.46988847851753235  -0.23373566567897797  0.5775490999221802
   2138    -0.7507200241088867  2.1917200088500977  0.03653379902243614
   2139    -1.6694868803024292  1.367378830909729  0.9836382269859314
   2140    0.4405134618282318  0.022727560251951218  -0.4773489236831665
   2141    -0.6499279737472534  0.03683599829673767  0.7474240064620972
   2142    -0.09334813803434372  -0.23121115565299988  0.21267040073871613
   2143    0.2705995738506317  -0.30280935764312744  0.8187201619148254
   2144    -0.30619746446609497  0.3135739862918854  -0.7546166181564331
   2145    -0.35537171363830566  2.6508865356445312  -0.3659472167491913
   2146    -1.207473874092102  1.871209740638733  0.7279954552650452
   2147    -1.112727403640747  2.025336265563965  0.58387291431427
   2148    -1.4370222091674805  2.0188870429992676  0.7508813738822937
   2149    0.5628941059112549  -0.18512989580631256  0.6071619987487793
   2150    0.6026079654693604  -0.10354132205247879  0.6365728974342346
   2151    -0.4056074619293213  0.20633471012115479  0.9529103636741638
   2152    -1.2962381839752197  2.078808546066284  0.03093055635690689
   2153    -1.7309019565582275  1.023058295249939  0.09061075747013092
   2154    -1.705556869506836  1.0598063468933105  0.02216513082385063
   2155    0.7243828773498535  0.6435495615005493  -0.334885835647583
   2156    -1.2913343906402588  1.9672787189483643  -0.5310616493225098
   2157    -1.6822092533111572  0.6709463000297546  0.5595254302024841
   2158    -1.0423959493637085  1.694398283958435  0.5997712016105652
   2159    -0.9460469484329224  1.5689396858215332  -0.039574384689331055
   2160    0.5983765721321106  1.216286301612854  -0.20319628715515137
   2161    -1.1853667497634888  0.5598711967468262  -0.38153329491615295
   2162    0.9037718176841736  0.6252707242965698  0.018534336239099503
   2163    -0.5009216070175171  1.1993510723114014  -0.4007743299007416
   2164    -0.3866647481918335  1.2870733737945557  -0.3566587567329407
   2165    -0.6744639873504639  -0.2883475422859192  0.645933985710144
   2166    -1.229309320449829  -0.3180289566516876  0.3694327473640442
   2167    -1.7287731170654297  0.8378327488899231  0.5384634137153625
   2168    -1.125596284866333  2.0971829891204834  0.37056687474250793
   2169    0.6343345642089844  0.2931084930896759  -0.37541162967681885
   2170    -0.8328079581260681  1.5458400249481201  -0.05615764111280441
   2171    -0.7918635606765747  1.564849615097046  0.06163858249783516
   2172    0.2036661058664322  1.5347274541854858  0.5946400761604309
   2173    -1.598813772201538  1.1855201721191406  0.7565454244613647
   2174    0.07642104476690292  1.3942716121673584  -0.28933843970298767
   2175    0.10911475867033005  1.456272840499878  -0.22599415481090546
   2176    -1.179371953010559  0.9773930311203003  0.8566942811012268
   2177    -1.5502846240997314  2.3152239322662354  -0.5227221250534058
   2178    1.060854196548462  -0.06829583644866943  0.33167314529418945
   2179    -0.7664831280708313  0.009170369245111942  -0.21987754106521606
   2180    -1.1518163681030273  -0.16307692229747772  0.9190263748168945
   2181    -0.5599370002746582  1.4260205030441284  0.5099784135818481
   2182    -0.8065933585166931  0.6379882097244263  -0.4113321006298065
   2183    -0.10006844997406006  0.8244751691818237  -0.7120453715324402
   2184    -0.8148753046989441  0.8904173374176025  0.8432284593582153
   2185    -1.3183567523956299  -0.3000692129135132  0.7097126245498657
   2186    -1.2308932542800903  -0.3125927448272705  0.6760527491569519
   2187    -1.2072921991348267  -0.3148167133331299  0.6091092824935913
   2188    -0.5696831345558167  0.15490064024925232  0.7323651313781738
   2189    -1.19364333152771  0.2258998155593872  -0.05370583012700081
   2190    -1.2586208581924438  0.28655412793159485  -0.12041907012462616
   2191    -0.9370779991149902  -0.2051520049571991  -0.2645519971847534
   2192    -0.03687279298901558  -0.21699458360671997  -0.13217495381832123
   2193    0.002744873519986868  -0.10194733738899231  -0.5270287990570068
   2194    0.5914334654808044  1.403651237487793  0.15507832169532776
   2195    -1.1090258359909058  -0.023178182542324066  0.7283093333244324
   2196    0.7551095485687256  0.6970042586326599  -0.30857521295547485
   2197    0.6523027420043945  -0.03071727603673935  -0.12715184688568115
   2198    -1.0930014848709106  -0.32875895500183105  0.06349939107894897
   2199    -1.889825463294983  1.5179704427719116  0.40010136365890503
   2200    0.9157354235649109  0.39735278487205505  0.058911096304655075
   2201    0.8723166584968567  0.341785728931427  0.5257253050804138
   2202    0.703081488609314  0.1549018919467926  0.7231001853942871
   2203    -0.9380586743354797  1.4659041166305542  -0.2118089199066162
   2204    -0.11392125487327576  0.9695367813110352  1.030002236366272
   2205    0.7006391882896423  0.008665592409670353  0.6310119032859802
   2206    0.8300201892852783  -0.04817139357328415  0.636512041091919
   2207    -0.7267300486564636  2.3542869091033936  0.003641087794676423
   2208    0.48380497097969055  -0.2569393813610077  0.5489190220832825
   2209    0.322317510843277  0.8208959698677063  1.0207031965255737
   2210    -0.5850073099136353  1.4825094938278198  -0.0067401910200715065
   2211    -0.011774587444961071  -0.24326027929782867  -0.2948617935180664
   2212    -0.8449153900146484  0.14103691279888153  -0.23373141884803772
   2213    -1.2124933004379272  0.6233241558074951  0.8653855919837952
   2214    -0.5558913946151733  2.1029598712921143  -0.0745398998260498
   2215    -0.5479720234870911  2.5723330974578857  -0.13783913850784302
   2216    -1.239720344543457  2.2423105239868164  -0.6229887008666992
   2217    0.34283673763275146  0.8532974123954773  -0.500601053237915
   2218    0.2001001387834549  1.0833643674850464  0.9009639620780945
   2219    0.5539882779121399  0.661128580570221  -0.4450789988040924
   2220    -1.2371690273284912  2.1204819679260254  0.4213458001613617
   2221    -0.6704976558685303  1.0393824577331543  -0.44411319494247437
   2222    -0.28921082615852356  1.1313788890838623  0.8614934682846069
   2223    -0.7032480239868164  -0.31157198548316956  0.26665401458740234
   2224    0.6558204293251038  0.9407581090927124  0.7802622318267822
   2225    0.7183034420013428  0.7882602214813232  0.775962233543396
   2226    0.6639332175254822  0.839314877986908  0.8218904733657837
   2227    -1.832384467124939  1.5411560535430908  0.8145725727081299
   2228    -1.3308290243148804  -0.2575681805610657  0.29978224635124207
   2229    -1.5057636499404907  1.1470060348510742  0.737968385219574
   2230    -0.608400821685791  0.4512467086315155  -0.6209189891815186
   2231    -0.6505574584007263  0.5289806127548218  -0.5788754820823669
   2232    -0.6132697463035583  0.5314998626708984  -0.6675278544425964
   2233    -1.0967559814453125  1.530044436454773  -0.11831673234701157
   2234    -1.721348762512207  0.7181379199028015  0.005822462495416403
   2235    -1.349485158920288  2.099149227142334  0.024716408923268318
   2236    -1.6354163885116577  0.49680501222610474  0.3355472683906555
   2237    -1.701550006866455  0.5963622331619263  0.4003759026527405
   2238    -1.0043078660964966  0.29232510924339294  -0.23301346600055695
   2239    0.3244245946407318  1.5675653219223022  0.08792735636234283
   2240    0.36477088928222656  1.5342597961425781  0.02647518180310726
   2241    -0.7625094652175903  1.3348183631896973  -0.29009342193603516
   2242    -1.5669445991516113  0.5830602049827576  0.6637889742851257
   2243    -1.3432962894439697  0.99812251329422  0.8289871215820312
   2244    -0.2307022362947464  0.21562108397483826  1.093621015548706
   2245    -0.2554890811443329  -0.3025558590888977  -0.5119368433952332
   2246    -0.29295483231544495  -0.19119349122047424  -0.543407142162323
   2247    -0.4556692838668823  1.539391279220581  0.24380145967006683
   2248    -0.6926814317703247  -0.2091352790594101  -0.5998638272285461
   2249    -0.7788591384887695  0.31746068596839905  -0.28977543115615845
   2250    -0.8200852274894714  2.458563804626465  -0.07694479823112488
   2251    -0.7398196458816528  2.453320026397705  -0.008709394372999668
   2252    -1.1598421335220337  1.2501425743103027  0.7207868695259094
   2253    -1.7001968622207642  1.1716556549072266  0.4427374601364136
   2254    -1.4869871139526367  2.458252191543579  -0.970752477645874
   2255    -1.4388060569763184  2.5856399536132812  -1.1197479963302612
   2256    -1.5447607040405273  2.1336421966552734  -0.23903556168079376
   2257    -1.0518776178359985  1.0777819156646729  0.8160103559494019
   2258    -1.2983989715576172  2.418428659439087  -0.8909372091293335
   2259    -0.8747482299804688  0.27122557163238525  0.8082043528556824
   2260    -0.9655624032020569  0.2645939588546753  0.7276496291160583
   2261    -1.0366296768188477  0.296977162361145  0.695044994354248
   2262    -1.0398789644241333  0.09892579913139343  0.5519252419471741
   2263    -1.0430046319961548  0.1944541037082672  0.584806501865387
   2264    -0.553903341293335  -0.2338547259569168  -0.11248812824487686
   2265    0.5040378570556641  -0.2747099995613098  -9.888974454952404e-05
   2266    -0.08822363615036011  1.0612547397613525  -0.46622857451438904
   2267    -0.14833679795265198  1.0882538557052612  -0.46017947793006897
   2268    -0.9292739033699036  -0.32511192560195923  0.1261751353740692
   2269    -1.0110992193222046  1.7946248054504395  0.3867127597332001
   2270    0.0106147276237607  0.36575859785079956  -0.6760073304176331
   2271    -0.2317478358745575  1.2558152675628662  0.8225034475326538
   2272    -0.5457237362861633  -0.23502129316329956  0.053440868854522705
   2273    -0.6683639883995056  -0.27872198820114136  0.09249260276556015
   2274    -1.0008043050765991  0.9920756816864014  -0.4400878846645355
   2275    0.4931414723396301  -0.11831114441156387  0.78597491979599
   2276    0.9108996987342834  0.8152578473091125  0.23078323900699615
   2277    0.5371230840682983  0.3476249575614929  -0.45523160696029663
   2278    -0.8980238437652588  -0.3239680230617523  0.5579649209976196
   2279    -0.6789633631706238  0.5618345141410828  -0.5274865627288818
   2280    -0.6116824746131897  2.393869400024414  -0.14258262515068054
   2281    0.8136886954307556  0.9851831197738647  -0.08329303562641144
   2282    -0.06466016918420792  1.5269123315811157  -0.14376062154769897
   2283    -0.5684217810630798  0.6353209614753723  -0.7167861461639404
   2284    -1.4998235702514648  2.0547499656677246  -0.34217527508735657
   2285    -1.5581974983215332  2.15022349357605  -0.37691783905029297
   2286    -1.3229743242263794  0.21975849568843842  0.09439187496900558
   2287    0.2761496901512146  0.531014084815979  1.0893070697784424
   2288    -0.03418648615479469  -0.2751869857311249  0.9504637122154236
   2289    -0.7079809904098511  -0.006607674993574619  0.7738953828811646
   2290    -1.139349341392517  0.1472989022731781  0.28941425681114197
   2291    0.5686210989952087  -0.2606659531593323  0.46188706159591675
   2292    0.8692654371261597  -0.13612760603427887  0.016480673104524612
   2293    0.14981473982334137  -0.3127579987049103  0.4052858054637909
   2294    0.4779779016971588  0.48248010873794556  -0.5188791751861572
   2295    -1.107131004333496  1.0677030086517334  -0.38660621643066406
   2296    -1.238990306854248  1.0705928802490234  -0.36416518688201904
   2297    -1.0571260452270508  2.20989727973938  0.13862740993499756
   2298    -0.1964389681816101  2.339848518371582  -0.4443884789943695
   2299    -0.46409499645233154  -0.03997532278299332  -0.5483760833740234
   2300    0.4433613419532776  0.9759164452552795  0.9172187447547913
   2301    -0.5006954073905945  0.6973198056221008  1.060495376586914
   2302    -0.3667978346347809  2.280025005340576  -0.1913834810256958
   2303    -1.3091788291931152  2.5593948364257812  -1.2125420570373535
   2304    -1.167123794555664  -0.32341310381889343  0.40303969383239746
   2305    -0.9386332631111145  1.4650678634643555  0.5481041073799133
   2306    -0.7022156715393066  1.4676060676574707  -0.14648029208183289
   2307    -1.41893470287323  2.0845260620117188  -0.9380306005477905
   2308    -1.0383305549621582  2.0161244869232178  0.29719576239585876
   2309    -1.331541657447815  1.5259774923324585  0.9927076697349548
   2310    -1.3994230031967163  0.4414336383342743  -0.2065526843070984
   2311    -0.6850595474243164  0.38509324193000793  0.8273868560791016
   2312    -1.0850669145584106  2.228374719619751  -0.0043760547414422035
   2313    0.32431137561798096  -0.3146989941596985  -0.018994830548763275
   2314    0.7058140635490417  0.8285987377166748  -0.31721732020378113
   2315    -0.34444260597229004  2.5577189922332764  -0.5022909045219421
   2316    -0.8040406107902527  1.9997180700302124  0.06415259093046188
   2317    -1.0858399868011475  -0.31060099601745605  0.6870993375778198
   2318    -0.933475136756897  0.7469732761383057  -0.4407666325569153
   2319    0.30534839630126953  -0.05033329874277115  0.8808578848838806
   2320    -0.3604036271572113  -0.22395546734333038  -0.23745641112327576
   2321    -1.6790691614151  1.1024295091629028  -0.005190643947571516
   2322    -0.24342909455299377  1.0487393140792847  -0.48288634419441223
   2323    -1.3721894025802612  1.3295550346374512  -0.17176875472068787
   2324    -0.27638667821884155  1.3848674297332764  -0.2658635675907135
   2325    0.03123307414352894  0.057651545852422714  1.066628098487854
   2326    0.3353787660598755  -0.30378594994544983  0.7053636908531189
   2327    -0.8890599608421326  0.9705094695091248  -0.43075326085090637
   2328    0.24154865741729736  -0.2858350872993469  -0.4319477081298828
   2329    -1.2380681037902832  -0.3282158076763153  0.13432849943637848
   2330    -0.39017701148986816  1.0406951904296875  -0.47418639063835144
   2331    0.1870969533920288  1.20537531375885  0.7970601320266724
   2332    -0.6159365177154541  0.3212493360042572  0.7764227986335754
   2333    -0.658037543296814  0.24386930465698242  0.7785303592681885
   2334    -0.9990206956863403  1.1158051490783691  -0.38948318362236023
   2335    0.1130942851305008  0.19638080894947052  1.1004256010055542
   2336    -1.4899979829788208  2.254033327102661  -0.2796139717102051
   2337    -1.4919545650482178  1.5357611179351807  1.0584864616394043
   2338    -1.4792912006378174  1.4643369913101196  1.0696817636489868
   2339    -0.5232959985733032  -0.2711679935455322  0.7952200174331665
   2340    -0.5676646828651428  0.6568471193313599  0.9363142848014832
   2341    -0.6854599714279175  -0.12355387210845947  0.9225760102272034
   2342    -0.6024771332740784  -0.10584186762571335  1.0008665323257446
   2343    0.8810712695121765  0.6602910161018372  -0.021539147943258286
   2344    0.8168756365776062  0.6809992790222168  -0.21091997623443604
   2345    -1.3814805746078491  2.3812365531921387  -1.0626848936080933
   2346    -1.5858455896377563  0.5132677555084229  0.5462876558303833
   2347    -1.6812618970870972  0.6242865324020386  0.5150454044342041
   2348    -1.21393620967865  1.4141521453857422  -0.1831478774547577
   2349    -1.3587290048599243  1.5244492292404175  -0.1769562065601349
   2350    -0.46934476494789124  0.7225615978240967  -0.7520578503608704
   2351    1.0113133192062378  0.30521273612976074  0.5675817728042603
   2352    -0.9180790185928345  2.293210744857788  -0.15631863474845886
   2353    -1.3477654457092285  -0.17268837988376617  -0.037195075303316116
   2354    0.8720492720603943  0.13150615990161896  -0.11718834936618805
   2355    -1.0924723148345947  0.15217985212802887  0.4013266861438751
   2356    0.5129797458648682  0.6173611879348755  -0.4884342551231384
   2357    0.14965872466564178  0.8437159657478333  1.0712168216705322
   2358    -0.3766896724700928  2.267390489578247  -0.32688993215560913
   2359    0.4142087697982788  -0.2949974536895752  0.5653902292251587
   2360    -0.19309669733047485  -0.21186941862106323  0.7496293783187866
   2361    0.4793100655078888  1.497393012046814  0.21117617189884186
   2362    -0.6085584759712219  0.7161081433296204  0.8648273348808289
   2363    -0.6117180585861206  0.591658353805542  0.8360300064086914
   2364    -1.5341511964797974  0.5308699011802673  -0.1639442890882492
   2365    -0.9174669981002808  1.9347171783447266  -0.034603528678417206
   2366    -0.8594063520431519  1.9487377405166626  0.015883374959230423
   2367    -0.652364194393158  1.536782145500183  0.260081946849823
   2368    -0.5208889245986938  -0.2998051941394806  1.0298596620559692
   2369    -0.16767437756061554  1.0716265439987183  0.8724266886711121
   2370    -1.5785685777664185  0.7331267595291138  0.7255273461341858
   2371    -1.6040596961975098  0.9544773697853088  -0.1584969460964203
   2372    0.2689577043056488  0.7662501931190491  1.0663739442825317
   2373    -1.182770013809204  0.9012371897697449  0.893019437789917
   2374    -1.270154356956482  2.150362491607666  -0.8597614169120789
   2375    -0.4314917325973511  2.191948652267456  -0.24352304637432098
   2376    0.7929810285568237  0.285971075296402  0.6521317958831787
   2377    -0.2150406539440155  -0.3039206862449646  0.8629986643791199
   2378    -0.22579416632652283  -0.21060019731521606  0.7778813242912292
   2379    -0.08668345212936401  -0.21630990505218506  0.6593598127365112
   2380    0.16996532678604126  0.8267512917518616  -0.6257001161575317
   2381    0.6977415084838867  0.1792132705450058  -0.25864121317863464
   2382    -1.7144018411636353  1.0208683013916016  0.5289700031280518
   2383    -1.5407021045684814  0.998772919178009  0.7221056818962097
   2384    -1.5558123588562012  2.0595126152038574  -0.005996909458190203
   2385    -1.4905993938446045  2.1926732063293457  -0.5936815142631531
   2386    0.19799897074699402  1.5768544673919678  0.5247822403907776
   2387    -0.10994651913642883  1.2974212169647217  0.811742901802063
   2388    -0.6279109120368958  1.0521433353424072  0.8437433838844299
   2389    -0.7339449524879456  0.9914582967758179  0.8480093479156494
   2390    -0.5252350568771362  0.045495931059122086  0.7875933647155762
   2391    -0.07333357632160187  1.5749194622039795  0.5422937870025635
   2392    -1.071702003479004  0.12034450471401215  0.23615972697734833
   2393    -1.280985951423645  0.9454549551010132  0.8501898050308228
   2394    -0.4369087219238281  0.8244113922119141  -0.7133808732032776
   2395    0.3805394470691681  1.5154061317443848  0.4795546531677246
   2396    -1.8562355041503906  1.327842354774475  0.42623797059059143
   2397    -1.8882533311843872  1.4157193899154663  0.37567320466041565
   2398    -1.5658212900161743  0.38411787152290344  0.2952040433883667
   2399    -0.3848920166492462  0.6164313554763794  1.1433833837509155
   2400    -1.231479287147522  -0.06995254755020142  0.018507566303014755
   2401    -0.07615534216165543  1.4485715627670288  0.7179868221282959
   2402    -0.043736446648836136  1.0038740634918213  0.9686694741249084
   2403    -0.7188461422920227  2.5264892578125  -0.1817418783903122
   2404    -1.3549185991287231  0.6604462265968323  -0.3592429459095001
   2405    -1.0246925354003906  0.46726253628730774  0.8358913064002991
   2406    -0.694745659828186  2.1316311359405518  -0.21639128029346466
   2407    -0.8817883133888245  2.108400583267212  -0.16435907781124115
   2408    0.2691739797592163  1.3958356380462646  -0.26202815771102905
   2409    -0.5791285037994385  2.3079171180725098  -0.13376745581626892
   2410    -1.7723379135131836  1.7417216300964355  0.18159568309783936
   2411    -1.8107717037200928  1.6873960494995117  0.21174418926239014
   2412    0.6826026439666748  1.3033427000045776  0.09226318448781967
   2413    1.1483711004257202  0.04533432424068451  0.14821724593639374
   2414    -1.104985237121582  -0.06237781420350075  0.8368353247642517
   2415    -1.6250685453414917  0.47956517338752747  0.05611088126897812
   2416    -1.5165691375732422  2.027440309524536  -0.4051664471626282
   2417    -1.5626609325408936  2.4145824909210205  -0.7325841784477234
   2418    -0.5985146760940552  1.3451942205429077  -0.2715182602405548
   2419    -0.7438039779663086  1.0865402221679688  -0.4077732563018799
   2420    0.0576489195227623  0.9869891405105591  0.9751904010772705
   2421    1.1707302331924438  0.4147177040576935  0.19782155752182007
   2422    1.206150770187378  0.317465215921402  0.36408722400665283
   2423    -0.03482335805892944  0.6941882371902466  1.1504565477371216
   2424    0.3429996967315674  1.5605117082595825  0.3847653269767761
   2425    -1.3072580099105835  2.224905014038086  -1.1575145721435547
   2426    0.14188623428344727  -0.2358195036649704  -0.17066988348960876
   2427    -1.5468206405639648  2.0064263343811035  -0.10925403237342834
   2428    -0.6647527813911438  -0.03645649552345276  -0.42158931493759155
   2429    -0.4101560115814209  -0.002580000087618828  0.9277200102806091
   2430    -0.5860106945037842  -0.30572709441185  0.8554164171218872
   2431    0.3793482184410095  0.6832962036132812  1.0148611068725586
   2432    0.31566062569618225  0.6935865879058838  1.032911777496338
   2433    -0.6718341708183289  -0.3011990785598755  -0.38017505407333374
   2434    -0.756933331489563  -0.3088914453983307  -0.3153868019580841
   2435    -1.248810052871704  1.6644048690795898  0.7776756286621094
   2436    -1.4728673696517944  1.9972798824310303  -0.6950043439865112
   2437    -1.0754142999649048  -0.025171373039484024  0.5587558746337891
   2438    -0.860014796257019  0.8752840757369995  0.850411593914032
   2439    -1.4145174026489258  1.4782315492630005  -0.17389251291751862
   2440    0.7342570424079895  1.2327897548675537  0.3581414818763733
   2441    -1.3015990257263184  1.2491830587387085  0.78177809715271
   2442    -1.3644770383834839  -0.15298128128051758  0.18151512742042542
   2443    -0.291341632604599  1.5416479110717773  -0.010619079694151878
   2444    -0.9399316906929016  -0.28835201263427734  0.16032780706882477
   2445    -1.071033239364624  1.976180911064148  -0.04693485423922539
   2446    -1.032757043838501  1.8711293935775757  0.004710507579147816
   2447    -1.232387661933899  0.7017314434051514  0.888038694858551
   2448    0.8531617522239685  0.3772156238555908  -0.05045509338378906
   2449    -0.08754679560661316  -0.06696893274784088  -0.5921047329902649
   2450    0.8942692875862122  0.7175398468971252  0.46995076537132263
   2451    -1.4254069328308105  2.295653820037842  -0.9168907999992371
   2452    -1.3982702493667603  2.2091193199157715  -0.9738520383834839
   2453    -0.4094601273536682  2.65950083732605  -0.4357399642467499
   2454    -1.4576497077941895  0.41801899671554565  -0.13369020819664001
   2455    -1.43187415599823  0.3690269887447357  -0.054949115961790085
   2456    -1.553335189819336  0.4428306519985199  0.0008420843514613807
   2457    -0.8818550705909729  -0.046945128589868546  0.8019769191741943
   2458    0.12180541455745697  -0.007883027195930481  1.0290526151657104
   2459    -0.555182158946991  2.3509225845336914  -0.3506985008716583
   2460    -1.638924479484558  1.20584237575531  0.622583270072937
   2461    0.09154873341321945  1.6195385456085205  0.4133380353450775
   2462    0.4886714220046997  0.13018333911895752  0.8758018612861633
   2463    -1.1545063257217407  1.3076527118682861  -0.2863940894603729
   2464    -1.070368766784668  1.28877592086792  -0.3190678060054779
   2465    0.2290092408657074  -0.20485469698905945  0.8975264430046082
   2466    -0.21143223345279694  -0.32502278685569763  -0.47103002667427063
   2467    -0.10159014910459518  -0.30488109588623047  -0.4812680780887604
   2468    0.06613759696483612  -0.3045895993709564  -0.4581490159034729
   2469    -0.5434336066246033  -0.22651605308055878  -0.3339603543281555
   2470    0.3865998387336731  0.2203872948884964  -0.5432094931602478
   2471    -0.1524977684020996  0.8990641832351685  1.0991065502166748
   2472    -1.5663760900497437  2.5146877765655518  -0.9171289205551147
   2473    -1.573118805885315  2.414499282836914  -0.8592160940170288
   2474    0.8110522031784058  0.6541535258293152  0.6540830731391907
   2475    -0.5227999091148376  0.861336350440979  -0.5977100133895874
   2476    -0.7507378458976746  -0.28652822971343994  0.23400866985321045
   2477    -1.3679977655410767  -0.31998395919799805  0.1946284919977188
   2478    -1.2472528219223022  1.6374198198318481  -0.15958835184574127
   2479    -0.31293708086013794  2.3667244911193848  -0.2985056936740875
   2480    -1.2237075567245483  1.3514177799224854  0.8064939379692078
   2481    -0.35622549057006836  -0.22828711569309235  -0.325874000787735
   2482    -0.6830124258995056  0.8984578847885132  0.8884546756744385
   2483    0.8851187825202942  0.8944414258003235  0.042096566408872604
   2484    0.7836133241653442  0.2664972245693207  -0.17539294064044952
   2485    -1.408582091331482  1.876552939414978  -0.29656466841697693
   2486    -1.3188048601150513  1.8864821195602417  -0.3015909492969513
   2487    -1.2458714246749878  1.9294720888137817  -0.13127830624580383
   2488    -1.2713319063186646  1.9077250957489014  -0.27045831084251404
   2489    0.9594866037368774  0.026564503088593483  -0.0900840163230896
   2490    0.8813660144805908  0.05120041221380234  -0.13119712471961975
   2491    -0.3546874225139618  -0.23332947492599487  0.14031116664409637
   2492    -1.0803799629211426  -0.3338020145893097  0.31696000695228577
   2493    -0.7151428461074829  0.39747071266174316  -0.33702778816223145
   2494    -0.7435896992683411  -0.2351650595664978  -0.13709567487239838
   2495    0.5209337472915649  -0.30594584345817566  0.12537173926830292
   2496    -1.0663317441940308  0.8333750367164612  -0.4444006085395813
   2497    -1.5148550271987915  0.6231192946434021  0.7380980253219604
   2498    0.7523043155670166  0.9954174757003784  -0.18645250797271729
   2499    -0.8675145506858826  1.4893125295639038  0.447753369808197
   2500    -0.7930333614349365  1.4444485902786255  0.5516002178192139
   2501    -0.9212605953216553  1.37101149559021  0.5980463027954102
   2502    -1.0580631494522095  1.978308916091919  0.4449198842048645
   2503    -1.0890923738479614  1.9503222703933716  0.5300954580307007
   2504    -1.7056725025177002  1.5444447994232178  -0.06037173047661781
   2505    -1.1048073768615723  0.7706837058067322  0.8970070481300354
   2506    0.4220440685749054  1.0867303609848022  -0.36474043130874634
   2507    0.4554881751537323  1.046101689338684  -0.38752928376197815
   2508    -1.4609668254852295  1.9697612524032593  -0.6088590621948242
   2509    -1.734890341758728  1.5137287378311157  0.9552075266838074
   2510    -1.7848527431488037  1.367321252822876  0.9229027628898621
   2511    -0.5361489653587341  -0.1039007231593132  1.0176475048065186
   2512    -0.5432182550430298  1.350164532661438  0.6342417597770691
   2513    0.13784636557102203  -0.03198932111263275  -0.5542817115783691
   2514    -0.38883379101753235  1.5520379543304443  0.15711113810539246
   2515    -1.1387003660202026  0.10084658861160278  0.021928563714027405
   2516    -1.1456303596496582  0.006586349569261074  -0.0005519159021787345
   2517    -0.8525151610374451  1.4038670063018799  0.5732960104942322
   2518    0.12033281475305557  0.29469263553619385  1.1189478635787964
   2519    -1.2150765657424927  -0.2701773941516876  0.9022459983825684
   2520    -1.1277958154678345  -0.2331225425004959  0.9418665170669556
   2521    -0.3426210880279541  -0.21287862956523895  0.7917885184288025
   2522    -0.32926926016807556  -0.3034600615501404  0.873485267162323
   2523    0.01857670024037361  -0.11622960865497589  0.9195473790168762
   2524    -0.28999799489974976  2.2437400817871094  -0.20610199868679047
   2525    -1.565136432647705  2.219407796859741  -0.4700779318809509
   2526    -1.011948585510254  0.9514763951301575  0.8795304894447327
   2527    -0.033781226724386215  -0.15364781022071838  0.9400964379310608
   2528    -1.0075246095657349  -0.12572874128818512  0.8849864602088928
   2529    -0.9850331544876099  -0.022100409492850304  0.7604951858520508
   2530    0.7788552641868591  1.1195461750030518  0.01185522973537445
   2531    0.825219988822937  1.0352716445922852  -0.009171832352876663
   2532    0.2605239450931549  0.20125038921833038  1.0157943964004517
   2533    -1.1537935733795166  -0.16645470261573792  0.37081483006477356
   2534    -0.6205593347549438  2.5458362102508545  -0.0832367017865181
   2535    0.1734587401151657  0.692285418510437  -0.6459808945655823
   2536    -1.1587724685668945  0.35485145449638367  -0.23769083619117737
   2537    -1.2520427703857422  0.4477979838848114  -0.31243520975112915
   2538    0.6440016031265259  0.9963517785072327  0.7545543313026428
   2539    0.02561092935502529  0.9091194868087769  -0.6244483590126038
   2540    -0.8329794406890869  -0.31954634189605713  -0.1886625438928604
   2541    -0.9399722814559937  1.224199891090393  0.7423393130302429
   2542    -1.5541869401931763  1.141018271446228  -0.14277997612953186
   2543    -0.3725886642932892  2.3660471439361572  -0.40108633041381836
   2544    -0.05050521716475487  1.620766282081604  0.15353378653526306
   2545    -0.15702185034751892  1.6064128875732422  0.16449356079101562
   2546    -0.4047401249408722  -0.23806852102279663  0.3445996344089508
   2547    -0.5413510799407959  1.1325796842575073  -0.4402030110359192
   2548    -0.9797282218933105  1.766456961631775  0.15740805864334106
   2549    -0.9974693059921265  1.8841217756271362  0.022059444338083267
   2550    -0.43997922539711  0.8914051055908203  0.9803650379180908
   2551    0.977584719657898  0.18541716039180756  0.6196406483650208
   2552    -0.19810304045677185  0.8398427963256836  1.127195954322815
   2553    -0.9227625131607056  -0.24245256185531616  -0.3622164726257324
   2554    0.22510547935962677  1.2948349714279175  -0.333365261554718
   2555    0.11786024272441864  1.2167249917984009  -0.40434885025024414
   2556    0.13996128737926483  -0.3183888792991638  0.0622505359351635
   2557    -0.4875851571559906  0.6550511121749878  -0.7585458755493164
   2558    -0.12178809195756912  0.13079166412353516  -0.6616011261940002
   2559    -0.018721114844083786  0.20935994386672974  -0.6734325289726257
   2560    -0.4810929298400879  0.020227549597620964  0.86473548412323
   2561    0.5363372564315796  0.7103040814399719  0.9325576424598694
   2562    -0.7248678207397461  1.3879380226135254  0.6086345314979553
   2563    -0.4952562749385834  1.0874321460723877  0.8538633584976196
   2564    -0.34709441661834717  1.1449015140533447  0.8387494087219238
   2565    -1.2159953117370605  -0.08557561039924622  0.80989009141922
   2566    0.5964652299880981  -0.007643220946192741  -0.24470622837543488
   2567    -1.8153842687606812  1.511455774307251  0.11548352241516113
   2568    -1.7594743967056274  1.26602041721344  0.49390992522239685
   2569    -0.8577889800071716  1.0460689067840576  -0.4272227883338928
   2570    -0.3746054470539093  -0.30525079369544983  0.9443506598472595
   2571    -0.3261771500110626  1.051849603652954  -0.4675196707248688
   2572    -1.4070483446121216  1.8681656122207642  0.8955072164535522
   2573    0.36095988750457764  -0.2882804572582245  0.0959610566496849
   2574    -1.0790505409240723  1.7437822818756104  -0.03869960829615593
   2575    -1.1215527057647705  1.7319412231445312  -0.08292453736066818
   2576    0.2511482238769531  1.48997163772583  -0.13880223035812378
   2577    0.9160686135292053  0.7364485263824463  0.22330838441848755
   2578    -0.3141147792339325  0.913541853427887  -0.6404837965965271
   2579    -0.5558180212974548  -0.23874199390411377  0.1587522029876709
   2580    -0.2879679203033447  0.04220234602689743  0.9957790374755859
   2581    0.5704915523529053  -0.08584519475698471  0.7086033225059509
   2582    -1.1220141649246216  2.2003705501556396  0.03675224259495735
   2583    -1.1330372095108032  2.189664602279663  0.10367388278245926
   2584    -0.9601356983184814  0.4755469560623169  -0.3338268995285034
   2585    -0.8931338787078857  0.37896299362182617  -0.32664981484413147
   2586    -0.9368270635604858  0.46398118138313293  -0.3329014182090759
   2587    -1.230238676071167  2.119264602661133  -0.49806925654411316
   2588    0.5470084547996521  -0.07535360008478165  -0.22906585037708282
   2589    -0.6582565307617188  1.5129985809326172  0.38409659266471863
   2590    1.1783192157745361  0.13214370608329773  0.4060814380645752
   2591    -1.083696961402893  1.8437714576721191  0.5580646395683289
   2592    -1.235600233078003  2.1211156845092773  -0.6168606877326965
   2593    -1.8221852779388428  1.8581944704055786  0.4957107603549957
   2594    -1.8304743766784668  1.8951460123062134  0.4199775755405426
   2595    -1.3021749258041382  0.856752336025238  -0.36769816279411316
   2596    -0.6408166289329529  0.02350522391498089  -0.2510560154914856
   2597    -0.17850984632968903  0.33068689703941345  -0.7125856280326843
   2598    -0.09639155864715576  0.3886150121688843  -0.7183621525764465
   2599    0.1769763082265854  0.017333516851067543  1.0226507186889648
   2600    -0.22902773320674896  1.5096467733383179  -0.1271602064371109
   2601    -0.41808170080184937  1.4913103580474854  -0.0648648589849472
   2602    -1.533809781074524  1.9690520763397217  -0.1577402651309967
   2603    -1.5244743824005127  1.9989086389541626  -0.2676456868648529
   2604    -1.273345708847046  2.499746322631836  -1.0657038688659668
   2605    -1.3444308042526245  2.619935989379883  -1.1594195365905762
   2606    -1.4591604471206665  2.1501882076263428  -0.6608993411064148
   2607    -1.3595101833343506  2.011369466781616  -0.8441763520240784
   2608    -1.3342409133911133  2.106586217880249  -1.0408023595809937
   2609    -1.3281999826431274  2.057105779647827  -0.9293447732925415
   2610    0.03862367197871208  1.0956404209136963  0.8600097894668579
   2611    -0.12560223042964935  1.0014805793762207  -0.4818616509437561
   2612    0.8274743556976318  -0.21357810497283936  0.135509192943573
   2613    0.8086104989051819  -0.22476837038993835  0.2262267917394638
   2614    -1.7314058542251587  1.0870685577392578  0.1245289295911789
   2615    -0.012295358814299107  -0.29577967524528503  0.20686838030815125
   2616    -0.01658749021589756  -0.2810174524784088  0.3244929611682892
   2617    -0.6118359565734863  1.5057469606399536  0.0601557120680809
   2618    -1.756437063217163  0.7817317843437195  0.07106602191925049
   2619    -1.7683709859848022  0.8595127463340759  0.14967752993106842
   2620    -0.38965705037117004  0.4441860020160675  1.0743749141693115
   2621    -1.3884644508361816  -0.3258604407310486  -0.03360425680875778
   2622    0.05812288448214531  -0.2187119871377945  -0.49064263701438904
   2623    -0.9096391201019287  1.5986778736114502  0.09457755833864212
   2624    0.6400643587112427  1.3336749076843262  0.4800876975059509
   2625    0.7154973149299622  1.1440558433532715  -0.11215323954820633
   2626    0.842670738697052  0.9630458354949951  0.4749337136745453
   2627    -0.6806271076202393  0.603175699710846  -0.5033652782440186
   2628    -0.49731653928756714  1.1673575639724731  0.8076127171516418
   2629    -0.6025761961936951  1.2095504999160767  0.7452277541160583
   2630    -1.817370057106018  1.6106042861938477  0.6746236085891724
   2631    -1.7935235500335693  1.6875566244125366  0.6331297159194946
   2632    -1.6923686265945435  1.7566941976547241  0.9116398692131042
   2633    -0.4140244424343109  -0.07698824256658554  1.046178936958313
   2634    -0.3193042576313019  0.9455025792121887  0.9970861673355103
   2635    -0.5814505815505981  0.2276051938533783  -0.4927459955215454
   2636    -0.022610673680901527  0.483720064163208  1.1697120666503906
   2637    0.7758292555809021  0.5405333042144775  0.6971517205238342
   2638    0.20881810784339905  -0.3022959232330322  0.4095918834209442
   2639    -0.15151269733905792  -0.2110367715358734  0.7576571106910706
   2640    0.4482588768005371  -0.1361519694328308  -0.2693917751312256
   2641    -0.2536527216434479  1.2114802598953247  -0.39508965611457825
   2642    -0.8781402111053467  -0.32615429162979126  0.009576456621289253
   2643    -0.6925323605537415  1.2427291870117188  0.7056183218955994
   2644    -1.23134183883667  0.2003454566001892  0.4110373854637146
   2645    -1.471828579902649  1.3655105829238892  -0.15683144330978394
   2646    -0.030710509046912193  0.9004845023155212  -0.6531462073326111
   2647    -0.4270119369029999  -0.2166648507118225  0.7777326703071594
   2648    -1.1409004926681519  -0.1651609092950821  0.39447441697120667
   2649    0.33699777722358704  -0.30030012130737305  0.6405186653137207
   2650    -0.5154726505279541  0.3028717339038849  -0.6469945311546326
   2651    -0.08016836643218994  0.613804042339325  -0.7433599829673767
   2652    -1.5415977239608765  2.1098408699035645  0.22475987672805786
   2653    0.028930839151144028  0.3688044250011444  1.1211326122283936
   2654    -1.48613703250885  2.1236555576324463  0.36449792981147766
   2655    0.2807948589324951  0.38616520166397095  1.059364676475525
   2656    0.33596140146255493  0.45541536808013916  1.0332767963409424
   2657    -1.2875261306762695  1.0341633558273315  -0.3516634702682495
   2658    -0.2520082890987396  -0.30126675963401794  0.8528132438659668
   2659    0.6346317529678345  1.3626635074615479  0.33207395672798157
   2660    0.5763009190559387  1.4115853309631348  0.3920559585094452
   2661    0.518947958946228  1.3679144382476807  0.595863401889801
   2662    -0.5956850647926331  0.10312057286500931  0.726664662361145
   2663    -0.6827937960624695  1.4889570474624634  -0.08388432115316391
   2664    -0.5365608334541321  -0.23420211672782898  -0.5851801633834839
   2665    -1.8031513690948486  1.8993918895721436  0.5647700428962708
   2666    0.6455711126327515  1.1235932111740112  -0.22928307950496674
   2667    -0.7395128011703491  0.225442573428154  0.8188415765762329
   2668    -0.7824249863624573  0.23653149604797363  0.8272092342376709
   2669    -0.16387440264225006  -0.223469540476799  -0.10336001217365265
   2670    -0.02816048264503479  -0.22190672159194946  0.0037752941716462374
   2671    -0.01679573580622673  -0.27507296204566956  0.1367131620645523
   2672    -0.4122293293476105  2.194401264190674  -0.08949205279350281
   2673    -1.6527963876724243  2.014785051345825  0.6543285846710205
   2674    -1.6712201833724976  2.0637056827545166  0.5098966360092163
   2675    -1.1141493320465088  1.4419509172439575  -0.1771630495786667
   2676    1.1605587005615234  0.04718400910496712  0.31117933988571167
   2677    1.1086525917053223  -0.021595429629087448  0.3415061831474304
   2678    -1.7882872819900513  1.7125415802001953  0.5247341990470886
   2679    -1.7948503494262695  1.7747271060943604  0.6553833484649658
   2680    0.6805723309516907  -0.23889747262001038  0.44381067156791687
   2681    0.07505633682012558  -0.2192775011062622  0.5403859615325928
   2682    -0.06243443489074707  -0.2272530198097229  0.4908826947212219
   2683    -0.5363189578056335  2.2194056510925293  -0.03263745829463005
   2684    0.36488714814186096  -0.2974843680858612  -0.20165227353572845
   2685    0.2854631543159485  -0.30926164984703064  -0.3556942939758301
   2686    -1.361916184425354  0.4379939138889313  0.7257987260818481
   2687    -1.330681562423706  0.5037210583686829  0.7830989956855774
   2688    0.41761845350265503  0.028835445642471313  -0.4996055066585541
   2689    -1.64368736743927  0.9282225370407104  -0.12007919698953629
   2690    0.38601893186569214  -0.11267711967229843  -0.4419766664505005
   2691    0.26672616600990295  -0.12506622076034546  -0.49161314964294434
   2692    0.09136389195919037  0.046763595193624496  -0.5929880738258362
   2693    -1.2555453777313232  2.0335822105407715  -0.020284129306674004
   2694    0.2940681278705597  0.6363055109977722  -0.5980070233345032
   2695    -1.4881103038787842  2.087071657180786  0.5967610478401184
   2696    0.2094167172908783  1.565434455871582  -0.03925946354866028
   2697    -1.3240770101547241  0.21609759330749512  0.3625813126564026
   2698    0.7240825295448303  0.08117038011550903  0.6398003697395325
   2699    -0.6539440155029297  -0.3238690197467804  0.36797580122947693
   2700    0.07263405621051788  -0.1024121418595314  -0.5187004208564758
   2701    -1.278949499130249  2.1819589138031006  -0.3172835111618042
   2702    -1.56520676612854  0.43364453315734863  0.4477604031562805
   2703    -1.4937212467193604  1.084903597831726  -0.2132950723171234
   2704    -0.7851347327232361  1.989499807357788  0.01879957690834999
   2705    0.4497431814670563  0.23095662891864777  0.9405584931373596
   2706    0.4467340111732483  0.32276391983032227  0.9270815849304199
   2707    0.4900575578212738  0.4268309772014618  0.927398681640625
   2708    0.09156903624534607  0.5996361374855042  -0.6822081208229065
   2709    -1.0405855178833008  -0.06796705722808838  -0.15635575354099274
   2710    -0.9939194917678833  -0.01171464566141367  -0.17419657111167908
   2711    0.45608580112457275  0.7419149279594421  -0.4906899631023407
   2712    -1.6266224384307861  1.3721283674240112  0.9780248999595642
   2713    -1.5314258337020874  1.4150210618972778  1.0540201663970947
   2714    -1.0618267059326172  -0.261981338262558  -0.23605649173259735
   2715    -1.7012311220169067  2.0686068534851074  0.2591833770275116
   2716    0.9533023238182068  0.35824909806251526  0.5226604342460632
   2717    0.35678476095199585  1.218432068824768  0.7755698561668396
   2718    -1.1270875930786133  -0.3326585590839386  -0.14739836752414703
   2719    0.022263681516051292  1.5654525756835938  -0.06257536262273788
   2720    -0.42878037691116333  2.380157470703125  -0.2554607689380646
   2721    0.6244274973869324  0.5613416433334351  0.8662176728248596
   2722    -0.012254387140274048  1.3395049571990967  -0.33769577741622925
   2723    -0.08050524443387985  1.351456880569458  -0.3053245544433594
   2724    -0.405679851770401  0.33622509241104126  1.019159197807312
   2725    -0.775725245475769  -0.27196481823921204  0.8607195615768433
   2726    -1.279155969619751  1.7167164087295532  0.7775506377220154
   2727    -1.0689269304275513  -0.20542578399181366  -0.21883141994476318
   2728    -0.29971808195114136  0.24404001235961914  -0.7298622131347656
   2729    -0.7205719947814941  -0.2969832420349121  0.4325791895389557
   2730    0.49048158526420593  1.3459582328796387  -0.1632552295923233
   2731    0.922074019908905  0.5459185242652893  0.10489172488451004
   2732    -0.11152786016464233  0.3759351670742035  1.127280831336975
   2733    0.4775393009185791  -0.022355668246746063  -0.41880685091018677
   2734    -1.7164312601089478  0.8986355662345886  -0.011895086616277695
   2735    -1.6911945343017578  0.8816508054733276  -0.0768330991268158
   2736    -0.2450488954782486  1.4343459606170654  0.6963724493980408
   2737    0.7366740107536316  0.9381470680236816  0.6786931157112122
   2738    -0.9807365536689758  0.1235528215765953  -0.20608165860176086
   2739    0.012715421617031097  -0.051377393305301666  0.9941194653511047
   2740    0.07361497730016708  -0.0387362465262413  1.0139414072036743
   2741    0.8516815304756165  0.6803946495056152  -0.1284378319978714
   2742    -1.3605680465698242  1.9816251993179321  -0.7190823554992676
   2743    -1.4190868139266968  1.9557336568832397  -0.6254979372024536
   2744    -0.3116701543331146  0.003696804167702794  0.96026211977005
   2745    -0.20471635460853577  -0.023829832673072815  0.9873443245887756
   2746    0.9052114486694336  0.7274744510650635  0.4045822322368622
   2747    0.8273478746414185  0.3726922571659088  -0.141177698969841
   2748    -1.244234323501587  2.0744528770446777  -0.2961772382259369
   2749    0.09266865998506546  1.4237335920333862  0.7131907343864441
   2750    -1.178671956062317  0.3287172019481659  -0.19241361320018768
   2751    0.8861518502235413  0.10626591742038727  0.6479520797729492
   2752    0.3439248204231262  1.2390599250793457  -0.32251405715942383
   2753    -1.043661117553711  0.0495629720389843  0.49518200755119324
   2754    -1.7004082202911377  0.6358744502067566  0.09471169859170914
   2755    -0.7236528396606445  0.5935614705085754  0.8548356890678406
   2756    -0.8513327240943909  0.6345939040184021  0.8410727381706238
   2757    -1.4901129007339478  2.027683734893799  -0.5969696640968323
   2758    -1.229958415031433  2.416425943374634  -1.237130880355835
   2759    -1.265324354171753  2.1017987728118896  0.5535301566123962
   2760    0.17501363158226013  0.5613945126533508  1.1150603294372559
   2761    -0.44515880942344666  0.7208195328712463  1.1079626083374023
   2762    -1.221649408340454  -0.33063510060310364  0.02873879484832287
   2763    -0.7895737290382385  -0.32637161016464233  0.02519707754254341
   2764    -1.5797396898269653  1.6933177709579468  -0.0983857735991478
   2765    -1.5311520099639893  1.6227749586105347  -0.13935531675815582
   2766    -1.6544543504714966  1.5367753505706787  -0.09592805057764053
   2767    -0.6992581486701965  0.8554214835166931  -0.47822287678718567
   2768    0.8709115386009216  0.5631219744682312  0.5310614109039307
   2769    -0.26738762855529785  2.6205036640167236  -0.46124234795570374
   2770    -0.8573096990585327  0.46935224533081055  0.8517225980758667
   2771    -0.6876912713050842  1.1990591287612915  -0.3780979812145233
   2772    -1.2460942268371582  2.035991907119751  -0.38153934478759766
   2773    -1.5813963413238525  2.3164374828338623  -0.6505557298660278
   2774    -1.5635900497436523  2.3048200607299805  -0.6991659998893738
   2775    -1.5029219388961792  2.2238986492156982  -0.6264310479164124
   2776    -0.942006528377533  1.5495446920394897  0.5366026163101196
   2777    -0.518081784248352  0.1487116664648056  0.7798005938529968
   2778    -1.1444649696350098  0.4618125259876251  -0.3438434898853302
   2779    -0.4092075526714325  2.7099390029907227  -0.39738160371780396
   2780    -0.4959803819656372  2.656780481338501  -0.3161466419696808
   2781    -0.5182566046714783  2.657000780105591  -0.21552002429962158
   2782    0.4669884145259857  1.1664592027664185  0.7781510353088379
   2783    -0.3088698089122772  -0.23612278699874878  1.0292487144470215
   2784    1.0010329484939575  0.4245840609073639  0.4531156122684479
   2785    -1.2997276782989502  2.0562286376953125  0.6928529739379883
   2786    -0.11200521886348724  -0.2743324935436249  -0.49988842010498047
   2787    0.5388409495353699  0.9349683523178101  -0.39515119791030884
   2788    -0.6415277123451233  0.18506444990634918  -0.28961148858070374
   2789    -0.3256511390209198  1.5712295770645142  0.31081244349479675
   2790    -0.23203237354755402  1.5949671268463135  0.3465798497200012
   2791    -1.4286372661590576  0.3192897439002991  0.46088671684265137
   2792    -1.352918028831482  0.3496009409427643  0.6239084601402283
   2793    -1.761350393295288  0.9726589322090149  0.4644947648048401
   2794    -1.793900966644287  0.9650359749794006  0.3232148289680481
   2795    0.1173631027340889  0.313202440738678  -0.6539497375488281
   2796    -0.8869388699531555  1.4978984594345093  -0.1806178092956543
   2797    -1.3482487201690674  0.8463818430900574  -0.33799800276756287
   2798    0.021629614755511284  -0.22288069128990173  -0.2573543190956116
   2799    -0.45836710929870605  0.0455600842833519  0.8596159815788269
   2800    -0.23772357404232025  0.5721960663795471  -0.7617981433868408
   2801    -0.7572718858718872  1.5529557466506958  0.2957797646522522
   2802    -1.1477108001708984  0.22404807806015015  0.5101586580276489
   2803    -0.3599773943424225  0.9517974853515625  -0.5105661153793335
   2804    -1.3111913204193115  0.4264378249645233  -0.2565075755119324
   2805    -1.4142698049545288  2.1168737411499023  0.5156431794166565
   2806    -1.096442699432373  1.1556822061538696  0.7909033298492432
   2807    -1.2796944379806519  2.336014986038208  -0.7006809711456299
   2808    -0.210394948720932  0.34023627638816833  1.1017627716064453
   2809    -0.2732272744178772  0.2403954714536667  1.083491325378418
   2810    -0.2814997136592865  0.15921813249588013  1.0339716672897339
   2811    0.6080365180969238  1.1068114042282104  -0.27210572361946106
   2812    -1.2330938577651978  -0.19195246696472168  0.3346613645553589
   2813    -0.12663185596466064  -0.3198261260986328  -0.3822116255760193
   2814    -0.9338991641998291  1.923277735710144  0.13194143772125244
   2815    -0.5447651147842407  1.4990222454071045  0.3585975170135498
   2816    -0.242374449968338  1.4526965618133545  -0.17783194780349731
   2817    0.24934114515781403  -0.005065445322543383  0.9577547907829285
   2818    0.6489277482032776  0.7772256135940552  -0.3803662657737732
   2819    -1.2784491777420044  -0.24526450037956238  0.840396523475647
   2820    0.20928357541561127  1.6194137334823608  0.29713237285614014
   2821    -0.8683186173439026  1.578622817993164  0.08141399174928665
   2822    -0.06795677542686462  -0.3058159649372101  0.8245838284492493
   2823    -0.1049298495054245  -0.2995511293411255  0.8100424408912659
   2824    -1.3927627801895142  1.4578101634979248  1.0647674798965454
   2825    -0.32557937502861023  1.288831353187561  0.7745351195335388
   2826    -1.6350289583206177  1.853081464767456  0.0029886593110859394
   2827    -1.6643729209899902  0.5310608148574829  0.20947019755840302
   2828    0.939518392086029  0.48349490761756897  0.23853261768817902
   2829    0.9754138588905334  0.46855753660202026  0.27016258239746094
   2830    -1.16465425491333  1.602002739906311  0.7683186531066895
   2831    -1.0903363227844238  1.6478211879730225  0.6842368245124817
   2832    -0.5338987112045288  0.6044449806213379  0.9979701638221741
   2833    1.0539515018463135  -0.057340461760759354  0.13668818771839142
   2834    -0.01450322475284338  0.6883299350738525  -0.731385350227356
   2835    -1.4417548179626465  -0.3025504946708679  0.08446382731199265
   2836    -0.5512765049934387  1.5113874673843384  0.13232631981372833
   2837    0.1295926570892334  1.229238510131836  0.8211072087287903
   2838    -1.345961332321167  -0.19981108605861664  -0.09681378304958344
   2839    -1.7434015274047852  1.9774643182754517  0.17067188024520874
   2840    -0.9207770824432373  0.29299888014793396  0.775519847869873
   2841    -0.582521915435791  0.824288010597229  0.8828997015953064
   2842    0.15242716670036316  -0.3079844117164612  -0.06928995996713638
   2843    0.07025409489870071  -0.23360733687877655  -0.06593309342861176
   2844    1.1947354078292847  0.23306548595428467  0.1145513504743576
   2845    -0.8674913644790649  1.0171372890472412  0.8428431749343872
   2846    -1.0505911111831665  2.0609240531921387  0.26461175084114075
   2847    -0.26084890961647034  -0.24259135127067566  -0.33096691966056824
   2848    -0.6433570384979248  2.4320948123931885  -0.07616161555051804
   2849    -1.4588418006896973  0.3085368871688843  0.0756581723690033
   2850    -1.6567541360855103  1.702641487121582  -0.0344805046916008
   2851    0.7856160402297974  0.4196600615978241  0.6737509965896606
   2852    -0.9992295503616333  2.194911479949951  0.16422568261623383
   2853    -1.0082552433013916  0.088788703083992  0.304762065410614
   2854    0.7231682538986206  -0.23616178333759308  0.04732817783951759
   2855    0.7134496569633484  -0.27105712890625  0.2067454308271408
   2856    0.5138615965843201  -0.3107714354991913  0.24081037938594818
   2857    -1.3994814157485962  1.250974178314209  0.9598459005355835
   2858    -1.8443297147750854  1.3472375869750977  0.6379506587982178
   2859    0.030785169452428818  -0.3065096437931061  0.8791524171829224
   2860    0.32501351833343506  1.3634451627731323  0.7113343477249146
   2861    0.9713062644004822  -0.137834370136261  0.17972473800182343
   2862    -1.416917085647583  0.679928183555603  0.8218963146209717
   2863    -1.8239805698394775  1.969967007637024  0.29426896572113037
   2864    -1.3047207593917847  1.7253477573394775  -0.16036050021648407
   2865    -1.4393401145935059  2.1705520153045654  -0.09173904359340668
   2866    -0.7304098606109619  -0.3293030858039856  -0.4756935238838196
   2867    0.9295448660850525  0.3167891800403595  0.5539277195930481
   2868    -1.505631923675537  1.2629443407058716  0.988078773021698
   2869    -0.9139123558998108  1.644153356552124  0.25922271609306335
   2870    0.7053274512290955  0.2717035710811615  -0.2750175893306732
   2871    0.04598195478320122  1.1016829013824463  -0.4316486120223999
   2872    0.01588677242398262  1.17326819896698  -0.4092888832092285
   2873    -1.8939895629882812  1.472602367401123  0.3754831850528717
   2874    0.6438874006271362  0.7631303071975708  0.8547035455703735
   2875    0.18394367396831512  1.4183346033096313  0.7203230857849121
   2876    -0.6434475779533386  1.4264556169509888  0.530137836933136
   2877    -0.7614894509315491  1.487725019454956  0.48703277111053467
   2878    -0.400197833776474  1.4853287935256958  0.5053519606590271
   2879    -0.4467548727989197  1.4871631860733032  0.4525104761123657
   2880    -1.1868054866790771  -0.06867706030607224  -0.031919144093990326
   2881    -1.3418340682983398  2.1664257049560547  -0.16498985886573792
   2882    0.8281129002571106  0.8303090333938599  0.5805115103721619
   2883    0.8225128054618835  0.8859841227531433  0.5732541084289551
   2884    -1.1723814010620117  1.309806227684021  0.7424874901771545
   2885    -1.0988940000534058  1.365540862083435  0.7375909090042114
   2886    -1.446645736694336  0.27143821120262146  0.2153429538011551
   2887    0.9293164014816284  -0.10262425988912582  0.5016297101974487
   2888    0.1587345153093338  0.8751187920570374  -0.601614236831665
   2889    0.12317224591970444  0.9438579082489014  -0.5303228497505188
   2890    -1.7955414056777954  1.304497241973877  0.5412939786911011
   2891    -0.04535222426056862  -0.21314702928066254  0.7095738053321838
   2892    0.06141398474574089  1.6356656551361084  0.25393959879875183
   2893    0.04640097916126251  -0.214766263961792  0.6579304337501526
   2894    -1.356648564338684  2.544344425201416  -0.9999793171882629
   2895    -0.17304100096225739  2.4749088287353516  -0.5281080007553101
   2896    -0.45267534255981445  2.5672311782836914  -0.26909005641937256
   2897    -1.88096284866333  1.5525197982788086  0.4452442526817322
   2898    0.5812538266181946  0.4884871542453766  -0.44538307189941406
   2899    0.25804784893989563  -0.2850888967514038  0.8740510940551758
   2900    -0.9437188506126404  0.1949184536933899  0.742973268032074
   2901    -1.1503956317901611  0.1547619253396988  0.06239558011293411
   2902    -1.0801994800567627  0.08293894678354263  0.2136847823858261
   2903    -1.1223076581954956  1.6218295097351074  -0.11656604707241058
   2904    -1.3030915260314941  1.790742039680481  -0.15263770520687103
   2905    -1.1895016431808472  -0.05397810786962509  0.1541156768798828
   2906    -0.8650217652320862  2.1321003437042236  0.11676624417304993
   2907    -0.8978356122970581  2.198714017868042  0.13674838840961456
   2908    -0.9799728393554688  1.2645498514175415  0.704301118850708
   2909    0.9217349886894226  0.584481418132782  0.39047154784202576
   2910    -1.7358237504959106  1.1501530408859253  0.2854762077331543
   2911    -1.7782458066940308  1.2992867231369019  0.887257993221283
   2912    -0.8340945839881897  -0.16645097732543945  0.8557533621788025
   2913    0.5853882431983948  1.3717149496078491  -0.0034225464332848787
   2914    0.7470426559448242  0.547926664352417  -0.2462388128042221
   2915    -0.8845043182373047  2.3888752460479736  -0.14241082966327667
   2916    -0.627830445766449  -0.2823423445224762  0.5348666310310364
   2917    -0.44343411922454834  0.4489918351173401  -0.7692481875419617
   2918    -0.32423272728919983  0.9702311754226685  -0.48795372247695923
   2919    -0.15109993517398834  1.0050034523010254  -0.4831235408782959
   2920    -1.7626873254776  1.4363032579421997  0.0035762598272413015
   2921    -1.6394976377487183  1.6492260694503784  1.0239187479019165
   2922    0.6541893482208252  0.4330243170261383  -0.36109086871147156
   2923    -0.9942156672477722  1.825821876525879  0.2603590190410614
   2924    0.1564180552959442  -0.31811603903770447  -0.3295089900493622
   2925    1.2167361974716187  0.3163800537586212  0.2932945489883423
   2926    -0.32375478744506836  2.6175858974456787  -0.4002280831336975
   2927    0.904729425907135  -0.03558221831917763  0.6007087826728821
   2928    -1.399931788444519  1.060097098350525  0.7802373766899109
   2929    0.23865874111652374  0.6679702401161194  1.0760557651519775
   2930    -1.385169267654419  2.4440345764160156  -0.7637482285499573
   2931    -0.13192687928676605  -0.20160606503486633  -0.5181525349617004
   2932    -0.6888427138328552  2.199403762817383  -0.2629426419734955
   2933    -1.0103973150253296  0.6321626305580139  -0.42307519912719727
   2934    -0.062310587614774704  1.2387958765029907  0.8453413844108582
   2935    -0.11619120091199875  1.151681661605835  0.8788684010505676
   2936    -0.3004496693611145  2.579835891723633  -0.5437806248664856
   2937    -0.7706639766693115  -0.04955662786960602  -0.32698896527290344
   2938    0.6184472441673279  -0.2315817028284073  -0.026707876473665237
   2939    -0.8505805730819702  1.2135555744171143  -0.3626645803451538
   2940    -0.9343084692955017  1.261480689048767  -0.3280029892921448
   2941    -0.8985706567764282  0.4252902865409851  0.8410415053367615
   2942    1.1737955808639526  0.21175064146518707  0.4521676003932953
   2943    -0.9155071973800659  0.6673631072044373  -0.42278870940208435
   2944    0.5635433197021484  1.281116008758545  0.6558874845504761
   2945    -0.47639697790145874  2.2499680519104004  -0.11276241391897202
   2946    0.11586835235357285  -0.3181174099445343  0.3135436773300171
   2947    0.4058784246444702  0.5704537630081177  1.0252883434295654
   2948    -0.41950884461402893  1.2357770204544067  -0.38102713227272034
   2949    0.6769731044769287  0.06067739427089691  -0.16603471338748932
   2950    0.6336143612861633  -0.003130646888166666  -0.15168842673301697
   2951    -0.3142423927783966  2.7369186878204346  -0.46078649163246155
   2952    -0.3802202641963959  2.7382211685180664  -0.3500796854496002
   2953    -0.4186277687549591  0.25726714730262756  -0.7050124406814575
   2954    -0.45331358909606934  0.19185622036457062  -0.6577038764953613
   2955    0.6257436871528625  0.24866683781147003  0.8154464364051819
   2956    0.6597712635993958  0.21490740776062012  0.7950106859207153
   2957    -1.735841155052185  0.6940497159957886  0.3717309236526489
   2958    -0.31685692071914673  2.2802228927612305  -0.21012219786643982
   2959    0.5392991304397583  1.0890322923660278  0.7746029496192932
   2960    -1.162824034690857  2.012624979019165  0.6726718544960022
   2961    -0.6114420294761658  0.47446078062057495  0.8070818781852722
   2962    -0.7424349784851074  -0.23313944041728973  -0.1947036236524582
   2963    0.5939044952392578  -0.14219984412193298  -0.1046486347913742
   2964    0.21055296063423157  -0.308089941740036  0.7737411260604858
   2965    0.2105337381362915  -0.298023521900177  0.6914873123168945
   2966    0.8735055327415466  0.8907456398010254  0.4561561942100525
   2967    -0.48899903893470764  -0.23445439338684082  -0.059598833322525024
   2968    -1.3960269689559937  2.1278467178344727  0.3541599214076996
   2969    -1.2872085571289062  2.1231000423431396  0.28756067156791687
   2970    -0.08617770671844482  0.7645941972732544  -0.7232630848884583
   2971    -0.21299856901168823  0.7674580812454224  -0.7400798201560974
   2972    0.9237532019615173  0.5977296233177185  0.3162232041358948
   2973    0.8131914138793945  -0.10437792539596558  -0.07467491179704666
   2974    -1.152996301651001  -0.3097669780254364  0.8721572756767273
   2975    0.9924893975257874  -0.12160131335258484  0.3247920274734497
   2976    0.32031378149986267  1.0347087383270264  0.9337252378463745
   2977    0.2082270085811615  -0.2763158977031708  0.5833303928375244
   2978    -0.45036157965660095  2.1433396339416504  -0.1433512419462204
   2979    -0.31648606061935425  -0.22912728786468506  0.5780407190322876
   2980    -0.17289206385612488  -0.2289619743824005  0.5237338542938232
   2981    0.3168206512928009  0.21618695557117462  -0.5688806176185608
   2982    -0.3280777931213379  0.07960817962884903  1.0070955753326416
   2983    -1.3622666597366333  2.2826778888702393  -0.3389458656311035
   2984    -1.24785315990448  0.9501489996910095  -0.35614269971847534
   2985    1.1470922231674194  0.4425816833972931  0.31309255957603455
   2986    -0.9044095873832703  0.911666214466095  0.8620384931564331
   2987    -1.3869264125823975  -0.2663291394710541  0.22816923260688782
   2988    -0.8354514241218567  0.9422023296356201  0.8425370454788208
   2989    0.26784732937812805  0.7680253386497498  -0.6103906631469727
   2990    -1.5647917985916138  1.8620213270187378  0.9095015525817871
   2991    -1.321295976638794  2.4082653522491455  -1.1810680627822876
   2992    -1.6977366209030151  0.6889387965202332  0.49840426445007324
   2993    -1.7022711038589478  1.8391751050949097  0.0897330716252327
   2994    -0.7028398513793945  -0.3113611042499542  0.7197798490524292
   2995    -0.8352779746055603  -0.3131270408630371  0.5858043432235718
   2996    -0.8271240592002869  -0.3087112009525299  0.7756783366203308
   2997    -0.5978172421455383  1.1572877168655396  -0.40435901284217834
   2998    -1.8317137956619263  1.8211370706558228  0.39980003237724304
   2999    0.8320488929748535  1.0822885036468506  0.17202946543693542
   3000    -0.4995264708995819  0.4436973035335541  0.9180457592010498
   3001    -0.6846032738685608  2.077641487121582  -0.1559579223394394
   3002    -0.6221503615379333  -0.288827508687973  1.0139187574386597
   3003    0.6656747460365295  1.3033745288848877  0.010675990022718906
   3004    -0.9932889342308044  1.1046313047409058  0.795989453792572
   3005    0.048779699951410294  0.47550109028816223  1.1272135972976685
   3006    0.8724460601806641  0.978308379650116  0.1182892918586731
   3007    0.43189355731010437  0.8569511771202087  0.9561478495597839
   3008    0.4331577718257904  0.866570770740509  -0.45782020688056946
   3009    -1.0774972438812256  0.692218005657196  0.9065166711807251
   3010    0.8905826210975647  0.18912407755851746  -0.0922311544418335
   3011    -1.750976324081421  1.2089353799819946  0.3346956670284271
   3012    -0.28331008553504944  0.5774643421173096  1.135169267654419
   3013    -0.14183099567890167  0.43562227487564087  1.1571968793869019
   3014    0.022078806534409523  1.3143939971923828  -0.36865729093551636
   3015    -1.2995308637619019  1.8294262886047363  -0.1589120775461197
   3016    -0.8688111901283264  -0.245123028755188  -0.5024474859237671
   3017    -0.7801945209503174  -0.15592215955257416  -0.5270318388938904
   3018    -1.5734401941299438  1.0499898195266724  -0.1681005358695984
   3019    0.7219789624214172  -0.25224757194519043  0.3365562856197357
   3020    -0.8028504848480225  2.363215208053589  -0.23006421327590942
   3021    -0.6991569399833679  2.375890016555786  -0.29834529757499695
   3022    -0.5362663269042969  2.1689553260803223  -0.23838046193122864
   3023    -0.48187148571014404  -0.2258661538362503  -0.26465654373168945
   3024    0.7290536761283875  -0.26487258076667786  0.2604733109474182
   3025    -1.075225591659546  -0.11993630975484848  0.40548503398895264
   3026    0.7366093993186951  0.35392332077026367  -0.2787398099899292
   3027    -0.601836085319519  0.04942776635289192  -0.36097463965415955
   3028    -1.3527346849441528  1.1342859268188477  -0.2708761394023895
   3029    -0.847469687461853  0.9066892862319946  -0.4520294964313507
   3030    -0.5480783581733704  -0.3126606345176697  -0.588995635509491
   3031    -0.9948766231536865  1.680836796760559  0.010585709474980831
   3032    -0.07956928014755249  -0.2396138310432434  -0.2961250841617584
   3033    -0.20929832756519318  -0.24202558398246765  -0.3222872018814087
   3034    -1.104994297027588  -0.08202266693115234  -0.1275724172592163
   3035    0.3639114797115326  -0.15028393268585205  0.8763760924339294
   3036    0.4886755347251892  1.2144033908843994  0.7413923144340515
   3037    -0.6074807643890381  0.7875573039054871  -0.5398551821708679
   3038    -0.1008913666009903  1.2336106300354004  -0.41814157366752625
   3039    0.5755141973495483  0.28369051218032837  0.8592419624328613
   3040    0.1243882030248642  -0.2973180115222931  0.13098560273647308
   3041    0.17917045950889587  -0.3079647719860077  0.06681331247091293
   3042    -0.028993098065257072  -0.230129674077034  0.4191031754016876
   3043    0.23432978987693787  -0.31245166063308716  -0.1497020423412323
   3044    -1.4715452194213867  2.4400665760040283  -0.6815729141235352
   3045    -1.4333606958389282  2.3890068531036377  -0.522823691368103
   3046    -0.9813420176506042  1.2342842817306519  -0.3538981080055237
   3047    0.07969149202108383  1.0060869455337524  0.9265168309211731
   3048    0.900725781917572  0.8372772932052612  0.058435309678316116
   3049    0.5333095788955688  0.2901350259780884  -0.4391132593154907
   3050    0.5083516836166382  0.16962848603725433  -0.4715579152107239
   3051    0.3545002043247223  0.3313772678375244  -0.5783083438873291
   3052    -1.3484933376312256  2.325707197189331  -0.4542813301086426
   3053    -1.459159255027771  2.0263688564300537  -0.7747238278388977
   3054    0.7149214148521423  0.46498823165893555  -0.27750617265701294
   3055    0.6593071818351746  0.5537725687026978  -0.37078389525413513
   3056    0.8798599243164062  0.9084596633911133  0.3820168972015381
   3057    0.584053635597229  0.6700331568717957  0.8713123202323914
   3058    -0.9195913076400757  1.9942446947097778  -0.08989996463060379
   3059    -0.3475719392299652  0.7377925515174866  -0.773047924041748
   3060    -0.37347686290740967  0.8296710252761841  -0.7243276238441467
   3061    -1.3236085176467896  1.184613823890686  0.7567946314811707
   3062    -1.550472378730774  1.2257192134857178  -0.08309230953454971
   3063    -1.6452678442001343  1.195206880569458  -0.002547444775700569
   3064    -0.5334134101867676  -0.18214862048625946  1.079308271408081
   3065    -0.9108828902244568  1.5530176162719727  0.4460482597351074
   3066    -0.6424756646156311  1.3660025596618652  -0.24745389819145203
   3067    0.7758197784423828  0.9207619428634644  -0.16544993221759796
   3068    0.7551711201667786  0.8794434070587158  -0.21491950750350952
   3069    -1.8180248737335205  1.292601227760315  0.17043271660804749
   3070    -0.6774123311042786  0.45821499824523926  -0.4395863711833954
   3071    -1.3011289834976196  1.282327651977539  0.8608332872390747
   3072    0.37176212668418884  1.3741319179534912  -0.2176651507616043
   3073    -1.4125982522964478  -0.32279345393180847  0.07013463973999023
   3074    -1.5206995010375977  0.7343176007270813  0.7755637168884277
   3075    -1.2593059539794922  2.2252421379089355  -1.0966274738311768
   3076    -1.29362952709198  2.1489949226379395  -1.049391508102417
   3077    -1.492475986480713  2.33624005317688  -0.4446580111980438
   3078    -1.5417323112487793  2.347411870956421  -0.5551679134368896
   3079    -0.8666823506355286  2.419635534286499  -0.03672127425670624
   3080    -1.8607268333435059  1.4476110935211182  0.7179780602455139
   3081    -0.4480125904083252  1.5194178819656372  0.051466941833496094
   3082    -0.6609333753585815  -0.058155838400125504  -0.49388739466667175
   3083    0.6240032911300659  -0.11123762279748917  0.6083158850669861
   3084    -0.6699360013008118  -0.3244999945163727  0.1767888069152832
   3085    -1.4559110403060913  1.1914960145950317  0.810724675655365
   3086    -0.4396325647830963  -0.3032841980457306  0.8846331238746643
   3087    -0.6139044165611267  2.33762788772583  -0.1307164877653122
   3088    0.5187339782714844  1.4482275247573853  0.4490598738193512
   3089    0.5203197002410889  1.4601730108261108  0.3817916214466095
   3090    -0.9405373930931091  2.182413101196289  -0.15537148714065552
   3091    -1.4593383073806763  2.348747968673706  -0.8832456469535828
   3092    -0.42667341232299805  -0.32876959443092346  -0.5101860165596008
   3093    -0.372321754693985  -0.32509350776672363  -0.4269213378429413
   3094    0.3412921130657196  0.3971584141254425  -0.5932949781417847
   3095    -1.008615255355835  -0.3037249445915222  0.19610074162483215
   3096    0.39720121026039124  -0.2586590647697449  -0.13782823085784912
   3097    -0.3693460524082184  1.2130587100982666  -0.3992389738559723
   3098    -0.974708080291748  1.3287451267242432  0.6452576518058777
   3099    -0.9851728677749634  1.368781566619873  0.6284407377243042
   3100    0.13320234417915344  -0.27930429577827454  0.9131556749343872
   3101    -0.4141089618206024  -0.23595879971981049  0.19426096975803375
   3102    0.0552775077521801  -0.14448131620883942  0.9163264036178589
   3103    -1.7711018323898315  1.8594781160354614  0.693343460559845
   3104    -0.23413129150867462  0.8516719937324524  -0.7153024673461914
   3105    -0.5085582137107849  -0.2201119065284729  0.7640804648399353
   3106    -1.3372780084609985  1.9346442222595215  -0.50797039270401
   3107    -1.2721024751663208  -0.2951860725879669  0.8376038670539856
   3108    -0.5748181939125061  -0.23906321823596954  0.5789039731025696
   3109    0.2276412546634674  0.8605616092681885  1.0472241640090942
   3110    -1.0393593311309814  2.059154510498047  -0.07988632470369339
   3111    -1.1262433528900146  0.41374146938323975  0.7815046906471252
   3112    -1.5051096677780151  0.7985213994979858  -0.28835248947143555
   3113    -1.7915490865707397  1.8183027505874634  0.27456381916999817
   3114    -0.8808311820030212  -0.005513534881174564  0.7853087782859802
   3115    0.32956984639167786  1.5517566204071045  0.4504607021808624
   3116    -0.6672101616859436  2.5564119815826416  -0.14159438014030457
   3117    -0.848473310470581  -0.06073661521077156  -0.2440570741891861
   3118    -1.1271028518676758  1.3992528915405273  -0.21929121017456055
   3119    -1.2511060237884521  2.2303833961486816  -0.8974436521530151
   3120    -0.912066638469696  0.8089325428009033  0.8649217486381531
   3121    -1.5814298391342163  1.7626174688339233  0.9827963709831238
   3122    -0.1937200129032135  2.333115339279175  -0.3998810648918152
   3123    -0.23571614921092987  2.2710676193237305  -0.3113890588283539
   3124    0.21719874441623688  -0.12190832197666168  -0.4991331696510315
   3125    -1.1377460956573486  2.0977914333343506  0.43380752205848694
   3126    -1.1810866594314575  0.2980544865131378  0.6543780565261841
   3127    0.4038675129413605  -0.3021284341812134  0.48756515979766846
   3128    -1.0572073459625244  1.8014520406723022  0.513242781162262
   3129    -1.0333067178726196  0.5123483538627625  -0.3662499189376831
   3130    -0.9130709171295166  -0.29449623823165894  -0.43836644291877747
   3131    -0.9292316436767578  -0.2199312001466751  -0.32593122124671936
   3132    -0.9287687540054321  -0.30182167887687683  -0.37333613634109497
   3133    1.0162312984466553  0.44322943687438965  0.13513050973415375
   3134    -0.14466001093387604  1.515809416770935  0.6180513501167297
   3135    -1.4255592823028564  0.6876915693283081  -0.3312687873840332
   3136    0.07319840043783188  0.7408611178398132  1.139349102973938
   3137    -0.6401535272598267  1.182253122329712  0.7626330852508545
   3138    -0.569981575012207  0.22264127433300018  -0.5383144617080688
   3139    -0.8156210780143738  0.13396455347537994  -0.22736702859401703
   3140    -0.9256004095077515  2.1103713512420654  -0.1511785238981247
   3141    0.6208102703094482  1.218338966369629  0.6438612937927246
   3142    -1.556441307067871  1.5635151863098145  1.068534016609192
   3143    -1.3587368726730347  1.9828671216964722  0.7893111705780029
   3144    -1.4031420946121216  1.97477388381958  0.8066960573196411
   3145    -1.7832552194595337  1.4793490171432495  0.0689886137843132
   3146    -1.3641057014465332  2.134552240371704  -1.0679373741149902
   3147    -1.0558995008468628  -0.3300570845603943  0.44383275508880615
   3148    -1.2060611248016357  0.48810234665870667  -0.347275972366333
   3149    0.2842939496040344  1.2168500423431396  -0.35855817794799805
   3150    -0.6013481020927429  1.367046594619751  0.6075965166091919
   3151    -0.037106383591890335  0.8465568423271179  -0.6887131929397583
   3152    -0.47194904088974  2.50563383102417  -0.41163158416748047
   3153    -0.543524980545044  2.5139822959899902  -0.3639450669288635
   3154    0.7157232761383057  0.6430523991584778  0.7640525102615356
   3155    -0.34049439430236816  -0.05458167567849159  0.9935087561607361
   3156    0.3510315418243408  -0.2859382629394531  0.8124345541000366
   3157    0.4298069477081299  0.4977622628211975  -0.5357910990715027
   3158    0.48216745257377625  0.5452703833580017  -0.5077853202819824
   3159    -0.6129590272903442  0.018197814002633095  -0.34151479601860046
   3160    -1.720297932624817  0.8522761464118958  0.041807204484939575
   3161    -0.26822856068611145  0.19897764921188354  -0.7193050384521484
   3162    -0.8197494149208069  1.2406078577041626  0.7196776270866394
   3163    0.7777612805366516  0.03927825018763542  -0.13489417731761932
   3164    0.7886572480201721  0.12411265820264816  -0.1133316159248352
   3165    0.018864169716835022  -0.241607204079628  0.016699833795428276
   3166    0.5052720308303833  0.5003435611724854  0.9415771961212158
   3167    -1.552525520324707  2.188108205795288  -0.4805278182029724
   3168    -1.6899080276489258  1.2078533172607422  0.7591217160224915
   3169    -1.6504005193710327  1.2137293815612793  0.8466988205909729
   3170    -1.5298091173171997  2.0941555500030518  -0.08479619771242142
   3171    -0.5363152027130127  2.6151912212371826  -0.31001678109169006
   3172    0.8080710768699646  0.48721712827682495  -0.17847545444965363
   3173    -1.3671045303344727  1.8053476810455322  0.9030722975730896
   3174    -0.7867644429206848  -0.32661595940589905  -0.42340362071990967
   3175    -0.17505766451358795  1.5472664833068848  -0.08171256631612778
   3176    0.19920004904270172  0.03351689875125885  -0.5807092785835266
   3177    -1.1214418411254883  1.8214689493179321  0.6089499592781067
   3178    0.9061987996101379  0.4991357624530792  0.039032161235809326
   3179    -1.438339352607727  2.1193056106567383  0.20103958249092102
   3180    0.715347409248352  0.11960862576961517  0.6747092008590698
   3181    -1.2397944927215576  2.3563055992126465  -1.0506386756896973
   3182    -0.048371072858572006  0.6182752847671509  1.1511976718902588
   3183    -0.02018848992884159  0.5367999076843262  1.1709915399551392
   3184    0.8433738946914673  0.767392635345459  -0.16147272288799286
   3185    -1.4560022354125977  0.46247273683547974  -0.17680518329143524
   3186    -0.06569172441959381  -0.21968981623649597  -0.20174455642700195
   3187    -0.09547416120767593  -0.2199006825685501  -0.12387435883283615
   3188    0.03600876033306122  1.484674096107483  0.6694236993789673
   3189    -1.4187653064727783  0.2519848048686981  0.2866312563419342
   3190    -1.7139458656311035  0.6851437091827393  0.021511273458600044
   3191    0.601854681968689  1.0458635091781616  -0.3069463074207306
   3192    -0.5743051767349243  0.9313246607780457  -0.4799286127090454
   3193    -0.9988283514976501  0.5674718022346497  0.8804378509521484
   3194    -1.0240947008132935  0.6343321204185486  0.8828402161598206
   3195    -1.4866399765014648  0.39571985602378845  -0.029935194179415703
   3196    0.15966549515724182  0.5756203532218933  -0.6770420074462891
   3197    0.3770464360713959  -0.047867581248283386  -0.4466494917869568
   3198    -0.8876901865005493  -0.26176032423973083  -0.46367162466049194
   3199    -0.8542852401733398  -0.12095636874437332  -0.38142454624176025
   3200    0.10872834175825119  -0.3079456090927124  0.8426017165184021
   3201    0.826137363910675  0.03251463174819946  0.6525455117225647
   3202    0.7941668033599854  -0.029975801706314087  0.6443219184875488
   3203    0.5843791961669922  0.8432701826095581  -0.39636263251304626
   3204    -0.7380388975143433  -0.27571383118629456  0.26334354281425476
   3205    -0.5698803067207336  0.7989689111709595  0.8997259140014648
   3206    -0.6733859777450562  0.2146719992160797  -0.25581198930740356
   3207    1.1150236129760742  0.24812978506088257  0.013827812857925892
   3208    1.0874794721603394  0.2911066710948944  -0.0016899387119337916
   3209    -1.2122375965118408  0.19082336127758026  0.09006819128990173
   3210    -1.2395350933074951  0.18550296127796173  0.14900632202625275
   3211    -1.3315078020095825  0.20247845351696014  0.23658598959445953
   3212    -0.2885971963405609  -0.32246673107147217  -0.41375505924224854
   3213    -1.0359113216400146  -0.312099814414978  0.6082062125205994
   3214    -1.402316689491272  2.1028945446014404  -0.991851270198822
   3215    0.4297196567058563  -0.2697356939315796  0.6591783761978149
   3216    -1.265034556388855  1.1475727558135986  0.7816385626792908
   3217    -0.4497809410095215  1.0425392389297485  0.8799991011619568
   3218    0.3515883982181549  1.5621864795684814  0.15156669914722443
   3219    0.31874945759773254  0.5297824144363403  1.0721850395202637
   3220    -0.8410802483558655  1.456581950187683  0.5093163251876831
   3221    -1.4982179403305054  0.6194754838943481  -0.24909521639347076
   3222    -1.5083986520767212  0.581623375415802  -0.2078063040971756
   3223    0.924601674079895  -0.14355038106441498  0.4088486433029175
   3224    -1.4282641410827637  2.0865890979766846  -0.890936553478241
   3225    -1.455858588218689  2.5229809284210205  -0.8793901205062866
   3226    -1.530396819114685  2.5792486667633057  -1.0090863704681396
   3227    -0.5824622511863708  -0.23206153512001038  -0.19176889955997467
   3228    -0.509689450263977  0.6292039155960083  1.0556039810180664
   3229    -0.8004858493804932  2.080449342727661  -0.16867783665657043
   3230    -1.2541548013687134  -0.2970331013202667  0.3977724313735962
   3231    -1.4737088680267334  2.150815963745117  -0.5782637596130371
   3232    -1.1996798515319824  2.1145999431610107  0.06535036116838455
   3233    -0.6303828954696655  -0.1994236409664154  -0.6053882241249084
   3234    -0.5556799173355103  -0.15957391262054443  -0.5887685418128967
   3235    0.6033616662025452  0.035287126898765564  -0.2927471697330475
   3236    -0.9395017623901367  0.11491871625185013  0.7450682520866394
   3237    -1.3058502674102783  2.344095230102539  -1.1954405307769775
   3238    -1.1011406183242798  -0.015364531427621841  -0.09407114237546921
   3239    0.28215470910072327  0.5841537714004517  1.0844368934631348
   3240    0.10596361011266708  -0.22223831713199615  -0.17835813760757446
   3241    -0.8003498315811157  2.3202085494995117  0.06981543451547623
   3242    -0.6970604658126831  2.2781291007995605  -0.05318377912044525
   3243    -0.7370885610580444  2.277289628982544  -0.024339787662029266
   3244    -1.3261189460754395  1.4785617589950562  1.0132018327713013
   3245    0.7448917031288147  1.060599446296692  -0.15726454555988312
   3246    -0.1639549881219864  1.58578360080719  0.03053969517350197
   3247    -0.885989248752594  0.596784234046936  0.8427601456642151
   3248    0.45241400599479675  -0.27982398867607117  0.2550880014896393
   3249    -0.48683297634124756  -0.23015858232975006  -0.1896335929632187
   3250    -0.6202256679534912  -0.2341884970664978  0.020873898640275
   3251    -1.7543357610702515  1.9194830656051636  0.1747107058763504
   3252    -0.6448096036911011  -0.31186550855636597  0.7781892418861389
   3253    -1.2441182136535645  2.058438301086426  -0.5480301976203918
   3254    0.20943419635295868  -0.29789501428604126  0.5487498044967651
   3255    -1.2325711250305176  -0.22656722366809845  0.36742037534713745
   3256    0.06889800727367401  0.7755482196807861  -0.6725175380706787
   3257    -1.0855485200881958  -0.3314272165298462  0.1539614200592041
   3258    1.0414494276046753  0.2552301585674286  0.5829050540924072
   3259    -1.683158040046692  1.894795298576355  0.790839433670044
   3260    -1.550890564918518  2.009124517440796  0.7394381761550903
   3261    0.6077286005020142  1.1639404296875  -0.22393621504306793
   3262    -1.0393428802490234  1.764505386352539  0.48458564281463623
   3263    -0.9837192296981812  1.6845712661743164  0.5001658201217651
   3264    -0.010783595964312553  0.6385741829872131  -0.730286717414856
   3265    -0.786755383014679  0.45798155665397644  0.8402140140533447
   3266    0.44484108686447144  0.6806197166442871  0.9966604709625244
   3267    -1.1735864877700806  1.8616971969604492  0.661064624786377
   3268    0.17925013601779938  -0.24333888292312622  0.674897313117981
   3269    0.15763846039772034  -0.3090910315513611  0.8089569807052612
   3270    -1.3521695137023926  2.29518723487854  -1.114469051361084
   3271    -1.6187655925750732  0.7437113523483276  -0.1488114446401596
   3272    -0.8728204965591431  -0.32543134689331055  -0.09935759752988815
   3273    -1.252484917640686  1.7921268939971924  0.7309923768043518
   3274    -0.13739360868930817  0.7476119995117188  1.142196774482727
   3275    -1.8812147378921509  1.4280407428741455  0.4978964328765869
   3276    -0.06674811989068985  1.5469037294387817  0.5966721177101135
   3277    0.0350746214389801  1.5435988903045654  0.5956923365592957
   3278    -0.9101759195327759  -0.1258976310491562  -0.22704410552978516
   3279    -0.9014059901237488  -0.033029649406671524  -0.2071775197982788
   3280    0.06860538572072983  0.15175725519657135  -0.6377899646759033
   3281    -1.826533317565918  1.6380181312561035  0.560887336730957
   3282    0.9035210609436035  0.30105242133140564  -0.015543738380074501
   3283    -0.7201697826385498  -0.059988487511873245  0.8019709587097168
   3284    -1.140733003616333  0.6798847913742065  -0.42744988203048706
   3285    -0.7237899899482727  -0.2880159914493561  0.3853839933872223
   3286    -0.6797418594360352  0.7444842457771301  0.8564164638519287
   3287    -1.796030879020691  1.7004550695419312  0.15933537483215332
   3288    -1.743601679801941  1.7755001783370972  0.12643738090991974
   3289    -0.8449330925941467  2.05245304107666  0.12611134350299835
   3290    -0.9028450846672058  0.1480041742324829  -0.23412682116031647
   3291    -0.979498028755188  0.225565105676651  -0.2391197681427002
   3292    0.48433753848075867  0.20116740465164185  -0.4983810484409332
   3293    -1.3475698232650757  -0.10626047104597092  0.1043182834982872
   3294    -1.4114887714385986  -0.17167288064956665  0.1459050178527832
   3295    0.20187510550022125  0.5457286238670349  -0.6496809720993042
   3296    -1.6037640571594238  1.245751142501831  0.9183704257011414
   3297    -1.6846002340316772  1.4931505918502808  -0.07462044805288315
   3298    -1.5523043870925903  1.4627349376678467  -0.1374877542257309
   3299    -0.0327516570687294  1.4251459836959839  -0.23489448428153992
   3300    0.5961532592773438  0.42681238055229187  0.8317360281944275
   3301    -1.4083939790725708  0.38888412714004517  0.633246123790741
   3302    -1.0072181224822998  -0.04064120352268219  0.3479028344154358
   3303    -0.5625982284545898  0.8218873739242554  -0.5997441411018372
   3304    -1.0195804834365845  -0.17515677213668823  0.9177360534667969
   3305    0.3704168200492859  -0.04884997382760048  0.8438639044761658
   3306    0.7080813646316528  1.0189868211746216  0.675512969493866
   3307    -0.5775361061096191  -0.3015782833099365  0.930829644203186
   3308    -1.1699944734573364  1.019437313079834  0.8559140563011169
   3309    -0.17912299931049347  -0.27459344267845154  0.9918698668479919
   3310    -0.00884897168725729  -0.3074835538864136  0.8544343113899231
   3311    -1.2291196584701538  2.17256236076355  -0.6063096523284912
   3312    -1.3047082424163818  2.3039159774780273  -0.4940524995326996
   3313    0.2656041383743286  0.053998928517103195  0.9864815473556519
   3314    0.18452990055084229  0.7821810245513916  1.0976916551589966
   3315    0.14527344703674316  1.580180048942566  0.5341266989707947
   3316    -1.638718605041504  0.6543418765068054  0.6288208961486816
   3317    -0.331533819437027  0.7585338354110718  1.1318649053573608
   3318    0.5166295766830444  -0.1505415439605713  0.7268401980400085
   3319    -1.412218451499939  1.0467058420181274  -0.27762743830680847
   3320    0.1132538765668869  0.18034350872039795  -0.6151647567749023
   3321    -1.5914738178253174  0.871880054473877  -0.20165599882602692
   3322    -0.21890205144882202  2.6270592212677  -0.5460852384567261
   3323    -1.47744619846344  2.026890516281128  -0.6699450612068176
   3324    -1.7953232526779175  1.6804484128952026  0.6027755737304688
   3325    -0.35380902886390686  0.026353709399700165  -0.6267485022544861
   3326    -0.28274956345558167  -0.06532000750303268  -0.5916990637779236
   3327    1.1558055877685547  0.09915371239185333  0.11345415562391281
   3328    -0.2038513422012329  0.41260913014411926  -0.7416237592697144
   3329    -0.2650671899318695  0.4571921229362488  -0.7702435255050659
   3330    -1.0485981702804565  0.9276732206344604  -0.4444810152053833
   3331    -1.0126709938049316  0.8743879795074463  -0.4334840774536133
   3332    0.001134597579948604  0.9803293943405151  1.0154998302459717
   3333    -0.021976998075842857  1.0227428674697876  0.8906142711639404
   3334    -1.4113714694976807  1.6553447246551514  -0.16611124575138092
   3335    -1.2241089344024658  0.2429000288248062  0.508482038974762
   3336    -0.7394328713417053  1.4148526191711426  -0.22114823758602142
   3337    -0.9180092215538025  0.25544723868370056  -0.2673500180244446
   3338    -0.23285435140132904  -0.22912447154521942  0.5429700613021851
   3339    -1.8095260858535767  1.4455592632293701  0.11663825064897537
   3340    0.18000154197216034  1.4554098844528198  -0.22548942267894745
   3341    0.07776229828596115  -0.16292710602283478  -0.4823456108570099
   3342    -1.803532361984253  1.8175623416900635  0.46795275807380676
   3343    1.1872414350509644  0.10850156843662262  0.25220441818237305
   3344    -1.5592799186706543  0.39561253786087036  0.3759547770023346
   3345    -1.6392624378204346  0.9470783472061157  0.6472164988517761
   3346    -0.005848944652825594  -0.08747343719005585  0.9398307204246521
   3347    -0.1294839084148407  -0.08600806444883347  0.9453529715538025
   3348    -1.8487131595611572  1.4163588285446167  0.8527091145515442
   3349    -1.1232044696807861  -0.10888911783695221  0.8904190063476562
   3350    -1.3852072954177856  -0.26470211148262024  -0.09135962277650833
   3351    -0.6157146692276001  2.1588573455810547  0.03168608620762825
   3352    0.6055058240890503  1.3159642219543457  -0.08015863597393036
   3353    -1.4570130109786987  2.076087713241577  0.6426066160202026
   3354    -1.0542988777160645  0.2502996027469635  0.6191492080688477
   3355    0.8908179998397827  0.449333131313324  0.018423818051815033
   3356    0.2871147096157074  0.2794341742992401  1.0383434295654297
   3357    -1.2498985528945923  2.2618422508239746  -0.9942764639854431
   3358    1.125234603881836  0.32938462495803833  0.0331660732626915
   3359    1.1577786207199097  0.39825761318206787  0.12984634935855865
   3360    0.815234363079071  1.057433843612671  0.42153897881507874
   3361    -1.0680413246154785  2.252777099609375  0.04709680378437042
   3362    0.029894569888710976  0.4020271599292755  -0.6810435652732849
   3363    -1.5115113258361816  2.0482654571533203  -0.2666642963886261
   3364    -0.7778521776199341  -0.27825868129730225  -0.5862184166908264
   3365    -1.7515383958816528  1.7237904071807861  0.8577210903167725
   3366    -0.5554410815238953  2.124560832977295  -0.17916905879974365
   3367    -1.1912097930908203  1.3452632427215576  -0.2423137128353119
   3368    0.2578333020210266  0.5036773681640625  -0.6120890974998474
   3369    -0.8533053398132324  2.1023976802825928  0.138455331325531
   3370    -1.0386359691619873  -0.294158011674881  -0.24917000532150269
   3371    -1.1514066457748413  -0.24900037050247192  -0.2007201611995697
   3372    -1.6073213815689087  1.8830863237380981  0.865749180316925
   3373    -0.6829125285148621  -0.3155971169471741  0.5266234874725342
   3374    0.26402416825294495  1.3253127336502075  -0.31454670429229736
   3375    -0.3661986291408539  0.6388275623321533  -0.783458948135376
   3376    0.6986033916473389  0.6757739186286926  -0.36245444416999817
   3377    -1.2623759508132935  0.7678666710853577  0.9053975939750671
   3378    0.41957786679267883  -0.1447233110666275  -0.3775347173213959
   3379    0.3561543822288513  -0.21971826255321503  -0.3846714496612549
   3380    -0.966197669506073  1.0789906978607178  -0.4131854474544525
   3381    -1.0605767965316772  1.0628178119659424  -0.40734121203422546
   3382    0.9984681010246277  0.03342016413807869  0.5702311396598816
   3383    -1.7167096138000488  1.343209147453308  -0.0006098443409428
   3384    -1.323233962059021  -0.29286399483680725  0.5768979787826538
   3385    -1.0411579608917236  -0.327349990606308  0.49682798981666565
   3386    -0.49334457516670227  -0.23935574293136597  0.3445933759212494
   3387    0.13135741651058197  0.3528248965740204  1.1053987741470337
   3388    -0.6337788105010986  -0.001104795723222196  0.8261474370956421
   3389    -0.515466034412384  0.022541694343090057  0.8539026379585266
   3390    -1.743991732597351  0.8599284291267395  0.07829034328460693
   3391    -1.822992205619812  1.580251693725586  0.7747087478637695
   3392    0.49668243527412415  0.07394249737262726  -0.4406159818172455
   3393    0.3430841565132141  0.9623616933822632  -0.45474863052368164
   3394    0.24162159860134125  0.442749947309494  1.0804991722106934
   3395    0.4655626118183136  -0.16854143142700195  -0.1476612538099289
   3396    -0.9586947560310364  0.7617496252059937  0.9037070870399475
   3397    -1.418704628944397  2.2094125747680664  -0.8910620808601379
   3398    -1.4288036823272705  2.173633337020874  -0.8306556344032288
   3399    0.49072590470314026  0.35184547305107117  -0.48799896240234375
   3400    -0.008404161781072617  0.99623703956604  -0.4753907322883606
   3401    0.18547585606575012  -0.17448793351650238  0.9051346182823181
   3402    -1.2649495601654053  1.6153991222381592  0.8206460475921631
   3403    0.4348125755786896  -0.018838966265320778  0.8172557950019836
   3404    0.639909029006958  0.15286286175251007  -0.30409538745880127
   3405    -1.716806173324585  1.0619757175445557  0.06020704284310341
   3406    -0.7707274556159973  2.475755453109741  -0.19638769328594208
   3407    -0.7197324633598328  2.5277504920959473  -0.14988961815834045
   3408    0.413565993309021  -0.27654600143432617  0.35346999764442444
   3409    0.48098987340927124  -0.3068576753139496  0.3432255685329437
   3410    -1.038720726966858  -0.3287629187107086  0.1671765297651291
   3411    -0.06673214584589005  1.598955750465393  0.473285049200058
   3412    0.2719314694404602  0.12286825478076935  1.0124828815460205
   3413    0.3847431242465973  1.4266563653945923  0.6453018188476562
   3414    -0.19652707874774933  0.08020558953285217  -0.6738594174385071
   3415    -1.2381539344787598  2.111569881439209  0.49761492013931274
   3416    0.20006163418293  1.594539761543274  0.024527354165911674
   3417    -1.313239336013794  0.23683376610279083  0.0390140637755394
   3418    0.5024527311325073  -0.2024376392364502  -0.09183838963508606
   3419    -0.08933819830417633  1.6205500364303589  0.21279382705688477
   3420    0.8732615113258362  0.8058052062988281  0.4886273145675659
   3421    0.8115844130516052  0.7851802110671997  0.6224170327186584
   3422    -1.3355770111083984  2.599956512451172  -1.0946977138519287
   3423    0.8073640465736389  0.36635804176330566  0.6276062726974487
   3424    0.5035296678543091  -0.3060527741909027  0.28737643361091614
   3425    0.43848997354507446  1.483734130859375  0.5088043808937073
   3426    -1.7283107042312622  1.681683897972107  0.9228283762931824
   3427    -1.777923822402954  1.5873249769210815  0.8815518617630005
   3428    -0.24277162551879883  2.41279935836792  -0.5078524947166443
   3429    -0.14919055998325348  0.9565826058387756  -0.5822675824165344
   3430    -0.07303067296743393  0.869910478591919  -0.6826329827308655
   3431    -0.20299750566482544  0.8848951458930969  -0.6843883395195007
   3432    -0.7009769678115845  1.002232551574707  0.845770001411438
   3433    -0.8793431520462036  1.384623646736145  -0.28044331073760986
   3434    -0.9143131375312805  1.4306610822677612  -0.24526461958885193
   3435    -0.4532201290130615  1.5285451412200928  0.328879714012146
   3436    -1.1708673238754272  0.4757768213748932  0.8304712772369385
   3437    -1.008259654045105  0.4074530601501465  0.7746147513389587
   3438    -1.081669569015503  0.3494184911251068  0.7456039190292358
   3439    -1.1899727582931519  0.3309847116470337  0.6944109797477722
   3440    -0.7840184569358826  -0.329839289188385  -0.4999479353427887
   3441    0.09222663938999176  -0.2465146780014038  -0.4849380552768707
   3442    0.2118021696805954  -0.2506704032421112  -0.461031049489975
   3443    -1.4894391298294067  2.120605945587158  0.4381977915763855
   3444    0.5788346529006958  -0.23512984812259674  0.5134294033050537
   3445    -0.034516602754592896  0.5778242349624634  -0.7218215465545654
   3446    -1.3117207288742065  1.9572882652282715  -0.5509606599807739
   3447    -0.43566110730171204  1.1110868453979492  -0.4506426155567169
   3448    -1.4497239589691162  0.9767912030220032  -0.2832995653152466
   3449    -0.9454929828643799  0.7037165760993958  0.900478184223175
   3450    0.6722114086151123  1.291622281074524  0.48531419038772583
   3451    0.1092047393321991  -0.30991309881210327  -0.3104948401451111
   3452    -0.857253909111023  0.8385112881660461  -0.4568637013435364
   3453    -0.1101120188832283  1.0495097637176514  0.875162661075592
   3454    -1.060374140739441  1.5297112464904785  -0.11260971426963806
   3455    -0.27478909492492676  2.6099729537963867  -0.5673642754554749
   3456    -0.28578799962997437  2.6925599575042725  -0.5366060137748718
   3457    0.0822877585887909  -0.31689032912254333  -0.3506818413734436
   3458    0.909684419631958  0.24280747771263123  0.6012978553771973
   3459    -0.6593872308731079  0.5728033185005188  -0.5553326606750488
   3460    0.8744920492172241  0.8583105206489563  -0.02661602944135666
   3461    -0.695945143699646  0.5527125597000122  -0.4183792173862457
   3462    -1.0001249313354492  -0.14602893590927124  -0.21179576218128204
   3463    -1.1105687618255615  -0.183449849486351  -0.19237306714057922
   3464    -1.3881464004516602  1.1864514350891113  -0.22952738404273987
   3465    -1.44680917263031  1.941917061805725  -0.45614150166511536
   3466    -1.4661985635757446  1.9431499242782593  -0.3846782445907593
   3467    -1.5106871128082275  1.9733216762542725  -0.3042358160018921
   3468    0.909847617149353  0.7797861695289612  0.0683499127626419
   3469    -1.7266151905059814  1.2329212427139282  0.6614307165145874
   3470    -1.7830727100372314  1.2928804159164429  0.5815869569778442
   3471    0.5237836837768555  0.9976592659950256  -0.3696642518043518
   3472    -0.725180983543396  -0.07186189293861389  -0.4784988462924957
   3473    -0.45775410532951355  2.6349291801452637  -0.22464074194431305
   3474    -0.5061150789260864  2.506154775619507  -0.2268984019756317
   3475    -1.706570029258728  1.1225926876068115  0.44318392872810364
   3476    -1.7500381469726562  1.020322561264038  0.4627609848976135
   3477    -1.7930647134780884  0.8432918190956116  0.38861748576164246
   3478    -0.30457815527915955  2.498594045639038  -0.514917254447937
   3479    -1.4337131977081299  0.32062870264053345  0.004525233991444111
   3480    0.9194796681404114  0.6069837808609009  0.08234009146690369
   3481    -0.2596868574619293  1.1100425720214844  -0.45560285449028015
   3482    -1.6763101816177368  1.0774438381195068  0.5548502206802368
   3483    0.7656612396240234  -0.1254647821187973  -0.08060053735971451
   3484    -1.7441810369491577  1.0811207294464111  0.1556398570537567
   3485    -0.06409036368131638  -0.029621928930282593  -0.6065341234207153
   3486    -0.9959183931350708  1.791126012802124  0.3303828835487366
   3487    -1.2489420175552368  -0.3220289349555969  -0.18411844968795776
   3488    -1.6209806203842163  2.0951273441314697  0.43715885281562805
   3489    -0.42222994565963745  0.04797089099884033  0.9033899903297424
   3490    0.45866695046424866  0.16973097622394562  0.9240949749946594
   3491    0.49491432309150696  0.018740151077508926  0.7918969392776489
   3492    0.1815263032913208  -0.08589848130941391  0.9309436678886414
   3493    -0.17699284851551056  -0.3017725348472595  0.8331743478775024
   3494    -1.119218349456787  0.6249986886978149  0.8966980576515198
   3495    0.34772729873657227  1.3047575950622559  0.7373598217964172
   3496    -1.3625121116638184  0.651960551738739  0.8475448489189148
   3497    -1.3476730585098267  1.7809770107269287  -0.15758326649665833
   3498    0.19226375222206116  1.6178970336914062  0.13944722712039948
   3499    0.4510909914970398  0.6166850924491882  -0.5182145237922668
   3500    -1.5026005506515503  2.1063029766082764  -0.40678340196609497
   3501    -0.7281416654586792  0.32114771008491516  -0.2959176003932953
   3502    -0.7761048078536987  0.22812263667583466  -0.24596014618873596
   3503    0.025715572759509087  0.5846357345581055  1.1462509632110596
   3504    0.11750394850969315  0.595804750919342  1.1134740114212036
   3505    1.0758696794509888  -0.05973098427057266  0.24147069454193115
   3506    1.010751724243164  -0.10649077594280243  0.17445321381092072
   3507    0.20440171658992767  1.078216552734375  -0.4073523283004761
   3508    0.17616017162799835  1.1635844707489014  -0.39597398042678833
   3509    0.5205836892127991  0.3943539559841156  -0.47674721479415894
   3510    -1.7880855798721313  0.9502785801887512  0.21469713747501373
   3511    0.20062704384326935  1.0169358253479004  -0.44198134541511536
   3512    -1.2625998258590698  -0.12229084968566895  0.5931441783905029
   3513    0.3640890121459961  0.9019227623939514  0.9507692456245422
   3514    0.3321797549724579  0.8817134499549866  0.9724639058113098
   3515    0.1320188343524933  -0.2920922338962555  -0.07735108584165573
   3516    0.6091439127922058  0.046653274446725845  0.7476217150688171
   3517    -0.7873177528381348  -0.311836302280426  0.6637976765632629
   3518    -0.9624683856964111  -0.32377687096595764  0.544806718826294
   3519    -0.34804582595825195  0.5278376340866089  -0.7774268388748169
   3520    -0.4462881088256836  0.555242121219635  -0.7750642895698547
   3521    -0.4385482668876648  2.439406633377075  -0.275703489780426
   3522    -1.0554505586624146  1.8408976793289185  -0.007217496633529663
   3523    -1.319474458694458  2.4127023220062256  -0.8185940980911255
   3524    -1.3156858682632446  2.3741345405578613  -0.6720162630081177
   3525    -0.22422029078006744  0.35255515575408936  1.0945770740509033
   3526    -1.318785548210144  0.5826147198677063  0.8363034129142761
   3527    -0.652076244354248  2.3710012435913086  -0.10507559031248093
   3528    -0.1659061312675476  0.696067750453949  1.1494171619415283
   3529    -0.8966551423072815  -0.33101922273635864  0.08127974718809128
   3530    -0.5270324945449829  1.2495781183242798  -0.3391278386116028
   3531    -0.2615296542644501  0.8152714967727661  -0.7367472052574158
   3532    -0.10520876944065094  1.611833930015564  0.39232584834098816
   3533    -0.7808624505996704  0.6500728726387024  0.8735629916191101
   3534    -1.1980087757110596  2.1165618896484375  0.32487860321998596
   3535    -1.4054657220840454  2.612873077392578  -1.1453496217727661
   3536    -0.11128375679254532  0.14545416831970215  1.0805944204330444
   3537    -0.06557884067296982  0.18745119869709015  1.0805885791778564
   3538    -0.8105589747428894  -0.07655318826436996  -0.3805229365825653
   3539    -0.00621993001550436  0.9419009685516357  -0.5859714150428772
   3540    -1.456697702407837  2.3623366355895996  -0.46085435152053833
   3541    -1.416955828666687  2.5694046020507812  -0.9823048114776611
   3542    -1.326223373413086  1.502495527267456  -0.1778978407382965
   3543    -0.3438216745853424  0.9711093902587891  0.905134379863739
   3544    -1.0106315612792969  0.12282787263393402  0.6494905948638916
   3545    -0.6072695255279541  -0.22630245983600616  -0.2748624384403229
   3546    -0.6082338094711304  -0.23118656873703003  -0.3361627757549286
   3547    0.3188384175300598  -0.08015026897192001  0.870811402797699
   3548    -1.0510294437408447  1.5381882190704346  0.6993690133094788
   3549    -1.7501674890518188  1.2678662538528442  0.10045402497053146
   3550    -0.5409882068634033  2.5340733528137207  -0.16363634169101715
   3551    -0.1351921409368515  1.0207717418670654  0.8915145397186279
   3552    -0.4385838508605957  2.265827178955078  -0.31786978244781494
   3553    -0.5115347504615784  2.288194179534912  -0.325518935918808
   3554    0.3286675810813904  -0.2918981909751892  -0.3342975378036499
   3555    -1.0249929428100586  2.1479921340942383  -0.09367866814136505
   3556    -1.3114832639694214  2.1071126461029053  -0.12378987669944763
   3557    0.42957803606987  1.319615125656128  -0.24011056125164032
   3558    -1.8152812719345093  1.7063382863998413  0.39220160245895386
   3559    -1.2312544584274292  1.7229011058807373  0.7215800881385803
   3560    -1.1416536569595337  1.720851182937622  0.6740873456001282
   3561    -1.064210057258606  -0.3282940089702606  0.27974000573158264
   3562    -0.37457042932510376  0.8995190858840942  -0.6440187692642212
   3563    0.12764710187911987  0.7614250183105469  -0.6644809246063232
   3564    0.7308081984519958  -0.0673631951212883  -0.12136778980493546
   3565    -1.7084863185882568  1.4558234214782715  -0.06204703077673912
   3566    -1.2573097944259644  2.100616693496704  0.11678733676671982
   3567    -0.22107289731502533  -0.23262269794940948  0.2939756512641907
   3568    -0.5406270027160645  0.5438439249992371  -0.7247872352600098
   3569    -1.0398380756378174  -0.1045040711760521  0.88160640001297
   3570    -1.13448166847229  0.25649362802505493  -0.1254584938287735
   3571    -0.4345187544822693  1.44440758228302  -0.1568121463060379
   3572    -0.3253045082092285  1.4927958250045776  -0.0908316969871521
   3573    1.0472506284713745  0.121925950050354  0.5804377794265747
   3574    -1.0931568145751953  0.3650552034378052  -0.265601247549057
   3575    -1.1078715324401855  1.8402267694473267  -0.04046722501516342
   3576    -0.21474739909172058  0.001281482633203268  -0.6259966492652893
   3577    -0.060294654220342636  -0.3219395577907562  -0.443695068359375
   3578    -0.6911296248435974  1.2741446495056152  -0.33694636821746826
   3579    0.21743100881576538  0.07466648519039154  -0.5917704701423645
   3580    -1.4198099374771118  2.0253849029541016  -0.8841891884803772
   3581    -1.3341586589813232  2.040621519088745  -0.8980041146278381
   3582    -1.3674843311309814  0.9314287900924683  0.8416780233383179
   3583    -1.2279356718063354  0.9885157346725464  0.8534905314445496
   3584    -1.4644640684127808  0.529841959476471  0.7262091040611267
   3585    -1.5180628299713135  0.3536020517349243  0.2798381447792053
   3586    0.8362602591514587  0.057584360241889954  -0.137828528881073
   3587    -0.8186390399932861  0.5257563591003418  -0.37234461307525635
   3588    -0.877944827079773  0.6526590585708618  -0.4138334393501282
   3589    -0.518587052822113  -0.04665621370077133  -0.5240160822868347
   3590    -1.2836263179779053  -0.13808763027191162  0.7454783916473389
   3591    0.40707388520240784  1.1435894966125488  -0.3260519802570343
   3592    -1.4961439371109009  1.93044114112854  -0.21952694654464722
   3593    -1.2488534450531006  -0.1206679716706276  -0.07606146484613419
   3594    0.057681672275066376  0.30118662118911743  1.1323513984680176
   3595    0.14310111105442047  0.08539299666881561  -0.6113027334213257
   3596    -0.28865569829940796  0.6112629771232605  -0.7857100963592529
   3597    0.32923412322998047  0.16760429739952087  0.9824721813201904
   3598    -0.5295519828796387  0.9198570847511292  0.8752825856208801
   3599    -1.257537841796875  -0.23641495406627655  -0.1590157300233841
   3600    0.5522353053092957  1.4114179611206055  0.04037840664386749
   3601    -1.5582019090652466  2.0503153800964355  0.6602641940116882
   3602    0.2816266715526581  -0.317282497882843  0.030651668086647987
   3603    0.2802860140800476  -0.2859239876270294  0.07775779813528061
   3604    -0.9599938988685608  1.1541569232940674  0.7918875813484192
   3605    -0.4832054674625397  2.3793118000030518  -0.3806121349334717
   3606    -1.6494860649108887  1.8005499839782715  0.9112682342529297
   3607    -0.7898185849189758  -0.29539647698402405  -0.21838966012001038
   3608    -0.8298466801643372  -0.3233279883861542  -0.24251478910446167
   3609    -0.8861712217330933  -0.3272704780101776  -0.3266914188861847
   3610    -0.8867886662483215  -0.32908403873443604  -0.43845921754837036
   3611    0.4883163571357727  0.2688246965408325  0.9036281704902649
   3612    -0.8938996195793152  1.9663389921188354  0.13013748824596405
   3613    0.898106038570404  0.8900498151779175  0.2170039415359497
   3614    -0.7835027575492859  1.361293077468872  0.6265941262245178
   3615    -0.31744229793548584  -0.23067007958889008  0.5074276328086853
   3616    -1.5241374969482422  2.1676130294799805  -0.1934661716222763
   3617    -1.2259382009506226  0.8359482288360596  0.9059833884239197
   3618    -1.1528241634368896  0.7676365971565247  0.889143168926239
   3619    -0.7440031170845032  0.541449785232544  0.844419538974762
   3620    0.4552486538887024  0.5062648057937622  0.9839913845062256
   3621    -1.5248008966445923  0.8760268092155457  0.7682016491889954
   3622    -0.6552090048789978  -0.3274730145931244  -0.5932251214981079
   3623    0.07504072785377502  1.256136417388916  0.8280652165412903
   3624    -1.0997556447982788  1.2501503229141235  0.7174978852272034
   3625    -0.7053439021110535  -0.25609779357910156  -0.604082465171814
   3626    -1.4070082902908325  0.28637972474098206  0.43680188059806824
   3627    -0.355699360370636  2.192765712738037  -0.15248379111289978
   3628    -0.568769633769989  0.6833791136741638  -0.7096598148345947
   3629    -1.2318283319473267  0.22815683484077454  -0.05320557579398155
   3630    -1.518222689628601  0.5511839389801025  0.6832113265991211
   3631    -1.6659642457962036  1.7903697490692139  0.012807433493435383
   3632    -1.051828384399414  0.9088379740715027  0.8756904602050781
   3633    0.9031129479408264  0.8112584352493286  0.3232606053352356
   3634    -1.5063855648040771  2.132692337036133  -0.08795205503702164
   3635    -1.5763418674468994  1.16856849193573  0.699878990650177
   3636    -1.562961459159851  1.131932258605957  0.6658806800842285
   3637    -0.09971044212579727  -0.23212748765945435  0.3274585008621216
   3638    -1.8076739311218262  1.9175063371658325  0.2720949947834015
   3639    -1.362602949142456  0.375047892332077  -0.14304156601428986
   3640    -1.2927902936935425  0.3014979362487793  -0.1176961362361908
   3641    -1.5942258834838867  0.7074853181838989  -0.18745025992393494
   3642    -0.01655588671565056  -0.3052903413772583  -0.4744260013103485
   3643    0.6779792308807373  1.1642141342163086  0.6099646091461182
   3644    -0.873826265335083  1.5412112474441528  -0.09543688595294952
   3645    -1.5938096046447754  0.40966954827308655  0.2257053703069687
   3646    -0.5272489786148071  2.114633083343506  -0.12717807292938232
   3647    -0.6158198118209839  2.0754737854003906  -0.0626806765794754
   3648    -0.6789131164550781  2.0506324768066406  -0.014359656721353531
   3649    -0.601085901260376  2.3809585571289062  -0.3424184024333954
   3650    -1.197783350944519  -0.07448390871286392  0.6108681559562683
   3651    -1.2664284706115723  2.026949167251587  -0.056259483098983765
   3652    -1.0043604373931885  1.9847341775894165  0.24707143008708954
   3653    -1.4440011978149414  1.046149730682373  0.7663854360580444
   3654    -0.6249427199363708  0.0637427270412445  0.7365190982818604
   3655    -1.4678986072540283  0.40187379717826843  -0.062256745994091034
   3656    0.348611056804657  1.492948293685913  -0.0717618316411972
   3657    0.3977048695087433  1.485318660736084  -0.037218715995550156
   3658    1.0290826559066772  0.4726569652557373  0.2505779564380646
   3659    1.074277639389038  0.44286543130874634  0.13510380685329437
   3660    -1.718996286392212  1.588187336921692  -0.02479470893740654
   3661    -1.0591638088226318  1.8862169981002808  0.44306284189224243
   3662    -1.0509365797042847  -0.310011088848114  0.8588107824325562
   3663    -1.031912088394165  -0.3091455399990082  0.7026423215866089
   3664    0.9461272954940796  0.3037301301956177  -0.021662447601556778
   3665    -1.2721501588821411  2.0653231143951416  0.6712331175804138
   3666    -1.3127385377883911  2.1000187397003174  0.5768672823905945
   3667    -1.2967990636825562  1.9982463121414185  0.7511072754859924
   3668    -1.4859155416488647  1.8337846994400024  -0.1369299739599228
   3669    -0.38869261741638184  0.9306389093399048  0.9666141867637634
   3670    0.5279640555381775  0.7982758283615112  0.9198461174964905
   3671    -0.5574477314949036  2.2403740882873535  -0.2992052733898163
   3672    -0.9017006754875183  1.6139230728149414  0.34169378876686096
   3673    -0.8770478367805481  1.5767642259597778  0.32374534010887146
   3674    -1.219757080078125  0.8026494383811951  -0.3831959664821625
   3675    0.8627128005027771  0.9456984400749207  0.023535437881946564
   3676    -1.2393524646759033  -0.31522414088249207  0.575967013835907
   3677    -0.6046522855758667  -0.039469193667173386  0.8955866098403931
   3678    -0.5301339030265808  0.45017239451408386  0.8721956014633179
   3679    0.44580739736557007  1.1639426946640015  -0.306590735912323
   3680    0.7599993348121643  1.0935406684875488  0.555932343006134
   3681    -0.24346241354942322  -0.22082222998142242  0.6710917353630066
   3682    0.4828673005104065  -0.22238634526729584  0.6782255172729492
   3683    -0.5220158100128174  1.2660276889801025  0.713996410369873
   3684    -0.7220574617385864  -0.019300438463687897  -0.25839340686798096
   3685    -1.1330987215042114  -0.045744623988866806  0.6050574779510498
   3686    -1.5030328035354614  1.6508259773254395  1.0428216457366943
   3687    -0.17128367722034454  -0.28478360176086426  -0.3397812247276306
   3688    -1.851075530052185  1.5694139003753662  0.21588915586471558
   3689    -1.8765515089035034  1.5514719486236572  0.34245017170906067
   3690    -1.2515794038772583  1.9737969636917114  -0.2815088629722595
   3691    -1.7198996543884277  0.6111085414886475  0.1487569361925125
   3692    -0.5785805583000183  0.36011606454849243  0.7791832685470581
   3693    -1.666214942932129  0.665476381778717  -0.07830888777971268
   3694    -1.7058438062667847  0.7234079241752625  -0.0334753654897213
   3695    -1.7049684524536133  1.9419333934783936  0.7106399536132812
   3696    -1.77577805519104  1.2432726621627808  0.18421567976474762
   3697    -1.2568250894546509  1.3011363744735718  0.7969964742660522
   3698    -1.2693068981170654  1.245970606803894  0.7495712041854858
   3699    0.13030140101909637  -0.3115380108356476  0.32758599519729614
   3700    -1.4860049486160278  0.37065523862838745  0.48780858516693115
   3701    -1.5065141916275024  0.4751841127872467  0.6395404934883118
   3702    0.8781026601791382  0.49672529101371765  -0.045926664024591446
   3703    -0.07933340221643448  -0.2561819851398468  0.7676159739494324
   3704    0.3663300573825836  -0.31279975175857544  0.04715276509523392
   3705    0.45562636852264404  -0.3014605641365051  0.014618097804486752
   3706    0.4512660503387451  -0.20742228627204895  -0.12625940144062042
   3707    -0.22298167645931244  1.543687343597412  0.5395036935806274
   3708    -1.4860421419143677  1.4076075553894043  1.0682997703552246
   3709    -1.6333589553833008  1.4333772659301758  0.9856298565864563
   3710    -0.6981216073036194  0.9192700386047363  -0.4656893014907837
   3711    -0.933941125869751  0.568204402923584  -0.38464850187301636
   3712    -1.0327098369598389  2.2738471031188965  -0.03668126463890076
   3713    -0.11458096653223038  -0.14275723695755005  0.9652532339096069
   3714    -1.0573222637176514  0.1531888246536255  0.43518656492233276
   3715    0.07772582024335861  -0.040606845170259476  -0.580360472202301
   3716    0.18858520686626434  -0.2793920040130615  0.09055019915103912
   3717    0.7493636012077332  0.22316943109035492  0.6943029761314392
   3718    -0.41254785656929016  1.4497296810150146  0.5801950097084045
   3719    0.6727307438850403  -0.2679293751716614  0.10299194604158401
   3720    -1.7954260110855103  2.026958465576172  0.3122391998767853
   3721    0.8076425194740295  0.18898940086364746  -0.086009182035923
   3722    -1.0751510858535767  0.19756418466567993  -0.16171684861183167
   3723    -0.15978460013866425  1.4341238737106323  0.7157703042030334
   3724    -1.2252683639526367  -0.1463380753993988  0.8624860644340515
   3725    -1.799118161201477  1.6644933223724365  0.11445756256580353
   3726    -0.3593398630619049  0.35302793979644775  1.0656242370605469
   3727    0.21325084567070007  0.8033873438835144  -0.615749716758728
   3728    -0.569815993309021  0.6144002079963684  0.9203500747680664
   3729    -1.2267602682113647  2.37627911567688  -1.1354387998580933
   3730    -1.5075104236602783  2.285482883453369  -0.7233628034591675
   3731    -0.545106828212738  1.4653750658035278  -0.07263694703578949
   3732    -1.0409985780715942  -0.3286067843437195  0.09180400520563126
   3733    -0.7565580606460571  2.490802526473999  -0.07632791250944138
   3734    -0.7173550724983215  2.4765584468841553  -0.029034046456217766
   3735    -1.6165952682495117  1.7041751146316528  -0.06923520565032959
   3736    -0.4454309642314911  -0.23361694812774658  0.02705765888094902
   3737    -0.39125940203666687  -0.3041519224643707  1.0018867254257202
   3738    -0.5073458552360535  -0.2663455903530121  1.082383632659912
   3739    -1.552477478981018  2.1822774410247803  -0.33204126358032227
   3740    0.28326404094696045  0.8463376760482788  -0.5572575330734253
   3741    -0.5285384058952332  1.0677052736282349  -0.47006458044052124
   3742    -0.010539731942117214  -0.21573251485824585  -0.1797388345003128
   3743    -0.6563584804534912  -0.3178868293762207  -0.41449248790740967
   3744    -1.3236544132232666  2.196648120880127  -0.24881334602832794
   3745    -0.7180420160293579  -0.3255639970302582  0.13173499703407288
   3746    -0.5631179809570312  -0.2396019995212555  0.12178520113229752
   3747    -1.5008831024169922  2.0264902114868164  -0.5295051336288452
   3748    -1.1674972772598267  0.15864413976669312  0.11784344166517258
   3749    -1.2112642526626587  0.1667548269033432  0.225912407040596
   3750    -1.4679125547409058  1.5641318559646606  1.0474374294281006
   3751    -1.4087867736816406  1.519050121307373  1.051831841468811
   3752    -1.4774190187454224  1.899190068244934  0.8881055116653442
   3753    0.04036637768149376  1.61043119430542  0.4581044614315033
   3754    0.16978652775287628  1.6012123823165894  0.46724072098731995
   3755    -0.8201823830604553  0.022783517837524414  -0.22121278941631317
   3756    0.2350066602230072  0.9812705516815186  0.9646295309066772
   3757    -0.5816558599472046  0.16128551959991455  -0.4468722939491272
   3758    -0.6145928502082825  0.1388290375471115  -0.3607146143913269
   3759    0.26173409819602966  1.5878554582595825  0.42365938425064087
   3760    -0.8338563442230225  2.2882251739501953  -0.22173310816287994
   3761    0.17002180218696594  1.1423799991607666  0.8238980174064636
   3762    -1.3660259246826172  -0.29121682047843933  -0.11823954433202744
   3763    -0.7219242453575134  0.94302898645401  0.8635332584381104
   3764    -0.5087252259254456  0.48556965589523315  -0.7418644428253174
   3765    -0.32559525966644287  2.2768189907073975  -0.3414418697357178
   3766    -0.32462430000305176  2.20731258392334  -0.1857130527496338
   3767    -0.6200289130210876  1.5141383409500122  0.3350768983364105
   3768    -0.7064303755760193  1.535207986831665  0.34395644068717957
   3769    -1.017147183418274  0.09017316997051239  0.3779565393924713
   3770    0.5120429396629333  0.562789797782898  -0.4924558103084564
   3771    -1.458574652671814  2.5536751747131348  -1.087852954864502
   3772    -0.40863916277885437  1.0733416080474854  0.8628091812133789
   3773    -0.2074858695268631  -0.09747149795293808  -0.5641360878944397
   3774    -0.38173481822013855  0.1306244134902954  -0.665507435798645
   3775    -0.9362599849700928  0.8443094491958618  -0.4328978657722473
   3776    0.523521900177002  -0.02680748514831066  -0.37619832158088684
   3777    0.5726364850997925  0.01405624020844698  -0.3505611717700958
   3778    -0.6622601747512817  -0.3259855806827545  0.2781713008880615
   3779    -1.1166387796401978  -0.03834379091858864  0.783652126789093
   3780    -0.9176127910614014  0.4942687749862671  -0.35032910108566284
   3781    0.83201664686203  0.4736109972000122  0.6039385199546814
   3782    0.5824192762374878  -0.025038089603185654  0.729509174823761
   3783    -0.3115203082561493  -0.2652076184749603  -0.5340827703475952
   3784    0.19570200145244598  0.1818237155675888  1.0539919137954712
   3785    -1.552181363105774  1.2559622526168823  0.9474021792411804
   3786    -0.9546128511428833  2.3195059299468994  0.06569750607013702
   3787    -1.3472568988800049  1.5832453966140747  0.9679601192474365
   3788    -0.524989128112793  1.497076392173767  0.02897259034216404
   3789    -0.4943746030330658  0.07414636760950089  0.814494788646698
   3790    -0.6318933367729187  0.9304745197296143  -0.4689416289329529
   3791    -1.1741801500320435  2.1124813556671143  0.36420997977256775
   3792    -0.40389177203178406  2.6023964881896973  -0.3146306276321411
   3793    -1.3636640310287476  2.1052799224853516  -1.0346180200576782
   3794    -1.3461840152740479  1.0183982849121094  -0.31337451934814453
   3795    -0.08727320283651352  0.038212962448596954  1.0652409791946411
   3796    -0.06199158728122711  -0.13132156431674957  -0.5129529237747192
   3797    0.5006722211837769  1.3333607912063599  0.6442691087722778
   3798    -1.5249305963516235  1.7664812803268433  0.985329806804657
   3799    -0.7386288046836853  1.0112375020980835  -0.44070547819137573
   3800    1.0440821647644043  0.17261897027492523  -0.07432794570922852
   3801    1.1304181814193726  0.1755753606557846  0.01621268130838871
   3802    1.1443601846694946  0.12578973174095154  0.06595409661531448
   3803    -0.8270580768585205  1.577398419380188  0.2151491791009903
   3804    -1.70362389087677  0.5744120478630066  0.19708572328090668
   3805    -1.642193078994751  0.49932003021240234  0.21998171508312225
   3806    -0.5747333765029907  0.38086792826652527  -0.6278967261314392
   3807    -0.5484053492546082  0.26307371258735657  -0.5994465351104736
   3808    -0.5989847183227539  0.3540060222148895  -0.566264271736145
   3809    -1.2816352844238281  1.469862937927246  0.9528515338897705
   3810    0.6402114033699036  0.9113556742668152  -0.3128150701522827
   3811    0.635403037071228  1.0042083263397217  -0.29325181245803833
   3812    0.672840416431427  -0.14969070255756378  0.5686036348342896
   3813    0.5670713186264038  0.042429059743881226  0.7639457583427429
   3814    0.29205670952796936  -0.3048842251300812  0.7228991389274597
   3815    0.1818755865097046  0.6363784670829773  -0.650628924369812
   3816    0.24543637037277222  0.6605850458145142  -0.6128048300743103
   3817    0.442609041929245  1.0470749139785767  0.8717455863952637
   3818    -1.0762040615081787  1.735281229019165  0.6006929874420166
   3819    -0.4962589144706726  -0.29927775263786316  -0.39820733666419983
   3820    -1.8506591320037842  1.628336787223816  0.3257880210876465
   3821    -0.49436137080192566  0.8557249903678894  0.9618279337882996
   3822    0.44599801301956177  -0.27911800146102905  0.216606006026268
   3823    -1.4765198230743408  1.4647802114486694  -0.1608145534992218
   3824    -0.9950997233390808  1.1957623958587646  0.7609030604362488
   3825    -0.4981449544429779  0.2800895869731903  0.8314635157585144
   3826    -0.4951239824295044  0.35092225670814514  0.8785955905914307
   3827    -1.0953572988510132  -0.3242635428905487  0.45634013414382935
   3828    -1.212561011314392  -0.3326154351234436  -0.0850638672709465
   3829    0.9312316179275513  0.5121591091156006  0.27694880962371826
   3830    -0.9469138383865356  1.6973438262939453  0.2596205472946167
   3831    -1.260117769241333  0.17967207729816437  0.2888147532939911
   3832    0.0655679702758789  -0.3198344111442566  0.24386639893054962
   3833    -0.34063175320625305  0.6297906637191772  1.1524291038513184
   3834    -1.2724058628082275  0.2270703762769699  0.4456246793270111
   3835    -1.2323079109191895  -0.058726612478494644  0.12493781745433807
   3836    -1.0931376218795776  -0.051501642912626266  0.2549106776714325
   3837    0.15094605088233948  -0.08499288558959961  -0.5105672478675842
   3838    -1.3352172374725342  -0.2474612146615982  0.6785174608230591
   3839    -0.32414349913597107  -0.12917190790176392  -0.5466392040252686
   3840    0.490365594625473  1.4257597923278809  -0.04454101249575615
   3841    -0.945435106754303  1.5807685852050781  -0.0013478875625878572
   3842    -0.9127563238143921  1.5291203260421753  -0.13508224487304688
   3843    -1.2547242641448975  2.119769811630249  -0.7324157357215881
   3844    -1.743643879890442  1.2373300790786743  0.441337525844574
   3845    -0.04804440215229988  -0.25462082028388977  0.27761414647102356
   3846    -0.04308858513832092  -0.24706712365150452  0.33190593123435974
   3847    -0.6990830898284912  1.5480308532714844  0.14003364741802216
   3848    -1.7196341753005981  2.068251371383667  0.3820953369140625
   3849    -1.6487252712249756  0.5894935131072998  0.5633477568626404
   3850    -1.3157497644424438  -0.3303961753845215  -0.039509035646915436
   3851    -0.2950594127178192  1.2741663455963135  -0.35149621963500977
   3852    -0.2097332924604416  1.4922517538070679  -0.16078294813632965
   3853    1.113985300064087  0.43887895345687866  0.3963004946708679
   3854    -0.8147540092468262  -0.31997716426849365  0.5377086400985718
   3855    0.2789730131626129  1.5191683769226074  0.5864054560661316
   3856    0.3466874957084656  1.4412240982055664  0.629189670085907
   3857    -1.042572259902954  1.9880062341690063  0.35762840509414673
   3858    1.2209672927856445  0.27199169993400574  0.2294323593378067
   3859    -0.7507965564727783  2.1703579425811768  -0.23594875633716583
   3860    -0.5408269166946411  0.8080195784568787  -0.6570242643356323
   3861    -0.4916645586490631  0.8082154989242554  -0.7003875970840454
   3862    -0.6772695183753967  -0.14504902064800262  0.9630483388900757
   3863    -0.9730331897735596  0.3522428572177887  0.7731307148933411
   3864    -1.1044968366622925  -0.057549696415662766  0.5405595302581787
   3865    -0.6999195218086243  1.3177729845046997  0.6467813849449158
   3866    -1.3592253923416138  1.6520731449127197  -0.17074647545814514
   3867    -1.1459167003631592  1.1769665479660034  -0.3548760712146759
   3868    -1.3382169008255005  1.3171736001968384  -0.19036468863487244
   3869    -0.17829148471355438  1.179560899734497  -0.4446219801902771
   3870    -1.0964199304580688  -0.18533404171466827  0.9370536804199219
   3871    -0.81550133228302  1.323415756225586  -0.2995964586734772
   3872    0.09779088944196701  0.9668636322021484  -0.4862007796764374
   3873    -0.6321933269500732  2.536637783050537  -0.2787154018878937
   3874    -0.08856181055307388  -0.22176608443260193  -0.036437083035707474
   3875    -0.08347867429256439  -0.22589313983917236  0.05141576752066612
   3876    -1.314319133758545  2.5404369831085205  -1.2121373414993286
   3877    -0.7338079810142517  -0.04215976595878601  0.7917977571487427
   3878    0.6758506894111633  0.24667873978614807  -0.3162662982940674
   3879    -0.4584331810474396  1.363013744354248  0.6706027388572693
   3880    -1.2183786630630493  0.625942587852478  -0.3887585699558258
   3881    -1.4138970375061035  0.8290764689445496  -0.32476377487182617
   3882    -0.27180835604667664  0.9395473599433899  1.0335148572921753
   3883    -0.1796373873949051  1.002455472946167  0.956248939037323
   3884    -1.6444171667099  0.5599800944328308  -0.004627687856554985
   3885    0.6759424209594727  0.013923107646405697  -0.13404947519302368
   3886    0.4285854697227478  0.367175817489624  0.9656875133514404
   3887    -0.9528030753135681  1.4901371002197266  0.5803553462028503
   3888    -0.4859527051448822  -0.05385270342230797  1.017606258392334
   3889    -0.9577816128730774  -0.3049556612968445  0.8607520461082458
   3890    -0.6480362415313721  0.4513547122478485  -0.5258280634880066
   3891    0.44029876589775085  1.1266692876815796  0.7971878051757812
   3892    -0.31349292397499084  -0.22659821808338165  -0.10243723541498184
   3893    -1.6228978633880615  0.50928795337677  0.4410521686077118
   3894    -1.1435482501983643  2.068826913833618  0.5906457304954529
   3895    -1.2556896209716797  2.0385637283325195  0.7068180441856384
   3896    -1.2596467733383179  1.9215689897537231  0.7600554823875427
   3897    0.3895927965641022  1.5388388633728027  0.39060112833976746
   3898    -0.04993193596601486  1.3806087970733643  0.7707961797714233
   3899    -0.7979627251625061  0.9354838132858276  0.8424172401428223
   3900    -1.2960460186004639  0.4742485582828522  -0.3171826899051666
   3901    -1.2309285402297974  -0.31258830428123474  0.7448588013648987
   3902    -0.7974753975868225  1.1274206638336182  -0.40437427163124084
   3903    -1.3321280479431152  1.8971281051635742  0.8291164636611938
   3904    0.015698639675974846  -0.22162504494190216  0.5249243974685669
   3905    -0.5542739033699036  0.07709360867738724  -0.49832263588905334
   3906    -1.3947548866271973  2.137361764907837  -0.03706327825784683
   3907    -0.16271483898162842  0.30845701694488525  1.1177634000778198
   3908    0.6238027811050415  1.0783332586288452  0.7211028933525085
   3909    -1.573714017868042  2.3941116333007812  -0.8296324610710144
   3910    0.9612708687782288  0.12125710397958755  0.6294463872909546
   3911    0.9484875798225403  0.029679834842681885  0.6121004223823547
   3912    -0.6170096397399902  -0.2370433807373047  0.631624162197113
   3913    -0.45660197734832764  -0.2277851104736328  0.6293840408325195
   3914    -1.1047370433807373  0.7030764818191528  0.902416467666626
   3915    -0.28559795022010803  2.4401347637176514  -0.3642522692680359
   3916    -0.23933763802051544  2.346040964126587  -0.3166784942150116
   3917    -0.26255834102630615  0.7116358876228333  1.1447187662124634
   3918    0.3039495050907135  -0.23443980515003204  0.8824491500854492
   3919    -0.3103041350841522  2.2338881492614746  -0.28753557801246643
   3920    -1.270096778869629  0.22998648881912231  -0.0374099537730217
   3921    -1.2506403923034668  2.559521436691284  -1.1975672245025635
   3922    -0.6634071469306946  -0.30102261900901794  0.9442278742790222
   3923    -1.3115593194961548  2.01717209815979  -0.7165574431419373
   3924    -1.2542457580566406  2.065187931060791  -0.6419854760169983
   3925    -1.8649829626083374  1.4326391220092773  0.7955362796783447
   3926    0.6087490916252136  1.3362489938735962  0.5403323173522949
   3927    -0.6745267510414124  0.0840061828494072  -0.20589566230773926
   3928    -0.7400349974632263  0.12225012481212616  -0.21895091235637665
   3929    -0.7519175410270691  1.5650386810302734  0.16839520633220673
   3930    -1.2465821504592896  0.5749094486236572  -0.3717295527458191
   3931    -1.147696852684021  2.1820008754730225  0.06479630619287491
   3932    -1.5018807649612427  1.1073871850967407  0.7266221642494202
   3933    0.11775654554367065  -0.24302363395690918  0.9132934808731079
   3934    -0.6117720007896423  -0.31766200065612793  0.25461599230766296
   3935    -0.12935703992843628  0.33959507942199707  -0.7090461254119873
   3936    0.5446415543556213  1.449105978012085  0.20897124707698822
   3937    -1.4347792863845825  -0.2915019392967224  0.1797233372926712
   3938    1.0656497478485107  0.31532126665115356  0.5472257733345032
   3939    0.39725348353385925  1.543550968170166  0.3039451539516449
   3940    -0.9845117330551147  1.184105396270752  -0.3775002956390381
   3941    0.3680133521556854  0.7958869934082031  -0.5270479917526245
   3942    -1.128123164176941  0.8432024121284485  -0.43711787462234497
   3943    -0.11760848015546799  0.8659769296646118  1.1206001043319702
   3944    -1.5635524988174438  2.5322790145874023  -0.9843280911445618
   3945    -0.7655095458030701  1.9993587732315063  -0.046383436769247055
   3946    -0.9674608707427979  1.6672422885894775  0.06584148108959198
   3947    -1.3282166719436646  -0.32547393441200256  0.13785122334957123
   3948    -1.560908555984497  0.5005030632019043  -0.12023715674877167
   3949    -1.5026603937149048  0.4268786311149597  -0.10107925534248352
   3950    -1.6955147981643677  0.953242838382721  -0.041643474251031876
   3951    -1.2575567960739136  1.862742304801941  -0.14008407294750214
   3952    -0.468601256608963  2.3366196155548096  -0.2073308378458023
   3953    1.1322025060653687  0.15826348960399628  0.4921967685222626
   3954    -0.8992615938186646  2.3973491191864014  -0.10953273624181747
   3955    1.1527235507965088  0.08966144174337387  0.43794354796409607
   3956    -1.207350730895996  -0.14378748834133148  -0.13128240406513214
   3957    0.14623959362506866  1.2498937845230103  -0.3911798298358917
   3958    -0.9434311389923096  2.1867003440856934  0.16159026324748993
   3959    -0.460757851600647  2.6988089084625244  -0.30532127618789673
   3960    -0.3812597990036011  1.5587104558944702  0.23607003688812256
   3961    -1.4849631786346436  1.7246304750442505  1.0027869939804077
   3962    -0.9944161176681519  2.0102500915527344  -0.08007585257291794
   3963    -0.9421879649162292  1.9495365619659424  -0.05503704398870468
   3964    -1.8602406978607178  1.3897016048431396  0.6792938113212585
   3965    -1.4041723012924194  2.2691614627838135  -0.965192437171936
   3966    -0.663689374923706  0.6210573315620422  0.8329238295555115
   3967    0.8540922403335571  0.3018820881843567  -0.03497489169239998
   3968    -1.731250286102295  0.9280122518539429  0.5356482863426208
   3969    0.2967164218425751  1.4993029832839966  -0.09594427049160004
   3970    -1.2490595579147339  0.554377019405365  0.8396976590156555
   3971    0.40376541018486023  0.3660697638988495  -0.5698364973068237
   3972    0.307539701461792  0.5043913722038269  -0.592295229434967
   3973    1.0796645879745483  0.37138405442237854  0.5053960084915161
   3974    0.5052075982093811  0.7392311096191406  -0.47156932950019836
   3975    -1.301917552947998  1.357269287109375  0.977125346660614
   3976    -1.199617862701416  1.9814730882644653  -0.0247892327606678
   3977    -1.685922622680664  0.8296510577201843  0.5915542840957642
   3978    -1.2504475116729736  2.321744203567505  -0.8784079551696777
   3979    -0.9062379002571106  0.22406387329101562  0.778700053691864
   3980    -1.453033208847046  1.8793973922729492  -0.26013773679733276
   3981    -1.4666343927383423  1.918690800666809  -0.2968105673789978
   3982    -0.974998414516449  1.4155844449996948  -0.25402718782424927
   3983    -1.7585554122924805  1.9635872840881348  0.5929121375083923
   3984    -1.7618591785430908  2.028249502182007  0.47417977452278137
   3985    -0.47440776228904724  -0.2691067159175873  -0.5775153636932373
   3986    -0.32766517996788025  -0.2795872986316681  1.0328233242034912
   3987    -0.3579627573490143  2.7467546463012695  -0.3849600851535797
   3988    -0.017808884382247925  1.5960276126861572  -0.00043985125375911593
   3989    -1.631872534751892  2.0521132946014404  0.10023058950901031
   3990    -1.4893776178359985  1.7460287809371948  -0.13325870037078857
   3991    -0.17325913906097412  2.4393272399902344  -0.5303324460983276
   3992    -0.18114346265792847  2.366741180419922  -0.4225572645664215
   3993    -1.8519930839538574  1.4781737327575684  0.6014501452445984
   3994    -1.844057559967041  1.3922680616378784  0.5968564748764038
   3995    -1.825088381767273  1.301841139793396  0.45822033286094666
   3996    0.5575336813926697  -0.30621272325515747  0.19830107688903809
   3997    0.05344878137111664  -0.30334949493408203  0.3968203365802765
   3998    0.13145656883716583  -0.31692349910736084  0.3704204261302948
   3999    -1.7041820287704468  1.8644682168960571  0.12862809002399445
   4000    -1.4743791818618774  1.3003287315368652  -0.13280150294303894
   4001    -1.4488236904144287  2.105120897293091  -0.708342969417572
   4002    -1.0805816650390625  0.502183198928833  0.8422401547431946
   4003    -1.6524107456207275  2.091451644897461  0.35657137632369995
   4004    -1.7333918809890747  1.7989031076431274  0.8309560418128967
   4005    -1.0987800359725952  0.14443600177764893  0.33292800188064575
   4006    -1.1478310823440552  0.16843535006046295  0.37688499689102173
   4007    -0.1856824904680252  0.7323465943336487  1.1459847688674927
   4008    -1.0211875438690186  1.722160816192627  0.004725358914583921
   4009    -0.6101888418197632  2.585728406906128  -0.2473801225423813
   4010    -0.015153239481151104  1.5938926935195923  0.5049862265586853
   4011    -1.094525933265686  2.1043052673339844  0.2550707161426544
   4012    -0.9921301007270813  2.2529048919677734  -0.10325590521097183
   4013    -0.22914566099643707  0.07684218883514404  1.0351710319519043
   4014    0.29749178886413574  -0.31012171506881714  -0.23047423362731934
   4015    -0.6135302782058716  -0.23245860636234283  -0.0741758793592453
   4016    -0.2196238934993744  1.4740300178527832  0.6573279500007629
   4017    -0.32190975546836853  1.530819058418274  0.4930507242679596
   4018    -0.6768065094947815  0.8091575503349304  0.8894866108894348
   4019    -0.5963603854179382  0.8526996970176697  0.8829101920127869
   4020    -0.6471266746520996  0.9294838309288025  0.8928367495536804
   4021    -1.7952779531478882  1.80056631565094  0.5652527809143066
   4022    -0.17579372227191925  1.2920947074890137  -0.3407820463180542
   4023    0.08859840780496597  -0.314390629529953  0.20977964997291565
   4024    0.10299920290708542  -0.32407400012016296  0.2242940068244934
   4025    -1.1828086376190186  1.5782132148742676  -0.1425292193889618
   4026    1.0060358047485352  -0.03664185479283333  -0.0018485462060198188
   4027    -0.6731172800064087  2.248897075653076  -0.04582527279853821
   4028    -0.6731280088424683  -0.31311801075935364  0.7382820248603821
   4029    -0.6533306241035461  0.24670638144016266  -0.3118731379508972
   4030    -0.4789517819881439  2.2195956707000732  -0.05476876720786095
   4031    -1.489023208618164  2.359928846359253  -0.8504588603973389
   4032    0.18066680431365967  0.30553460121154785  -0.6362337470054626
   4033    0.3338598906993866  0.28902187943458557  -0.583755612373352
   4034    0.2538112998008728  0.32721030712127686  -0.610596239566803
   4035    0.03544929623603821  0.12192654609680176  -0.6369888782501221
   4036    -0.7824820280075073  2.1586599349975586  0.0931577980518341
   4037    -1.3626877069473267  1.8667047023773193  0.8721667528152466
   4038    0.040433045476675034  -0.3055678904056549  0.7744895815849304
   4039    -0.7322055101394653  0.09711045771837234  0.7798499464988708
   4040    -0.809994637966156  0.07579890638589859  0.7898870706558228
   4041    0.7842843532562256  0.9830073118209839  -0.1368294060230255
   4042    -1.3795056343078613  2.1272542476654053  0.43996572494506836
   4043    -0.11079567670822144  1.4958354234695435  -0.1905478686094284
   4044    -0.8039479851722717  -0.2813960611820221  0.8566295504570007
   4045    -0.4941536784172058  1.4790246486663818  0.43551313877105713
   4046    -0.0026088496670126915  -0.03547562286257744  -0.6015579104423523
   4047    -1.2828049659729004  1.3280822038650513  0.9048407673835754
   4048    0.03364406153559685  0.19779326021671295  -0.660955548286438
   4049    -0.056383825838565826  0.16425739228725433  -0.6625216007232666
   4050    -0.1107647716999054  0.2064242959022522  -0.6977637410163879
   4051    0.003385529387742281  1.0594276189804077  0.8833013772964478
   4052    0.07066746801137924  1.1176408529281616  0.8472763299942017
   4053    -1.0765259265899658  2.1583616733551025  0.1846693456172943
   4054    -0.6598210334777832  0.347738116979599  0.8055639863014221
   4055    -1.5841678380966187  1.954150676727295  0.8025934100151062
   4056    -1.2477731704711914  2.2153172492980957  -0.47138890624046326
   4057    -0.46537521481513977  -0.32592692971229553  -0.4419274926185608
   4058    -0.6286096572875977  -0.3289247155189514  -0.502891480922699
   4059    -0.47252357006073  0.8875594735145569  -0.6020935773849487
   4060    0.18137869238853455  -0.3091154992580414  0.4646250009536743
   4061    0.7272005081176758  0.5613874793052673  -0.28562867641448975
   4062    0.6882079839706421  0.5481998920440674  -0.3238960802555084
   4063    -0.2307817041873932  0.7779247164726257  1.12896728515625
   4064    -0.6096953749656677  0.288338303565979  -0.45955878496170044
   4065    -0.5851173996925354  -0.06203913688659668  0.9693893790245056
   4066    0.8104421496391296  0.8663660883903503  -0.16453295946121216
   4067    -0.7237007021903992  1.451171636581421  -0.16873034834861755
   4068    -0.9827597737312317  1.4923003911972046  -0.1734226495027542
   4069    -1.1199649572372437  -0.3114950358867645  0.7769827246665955
   4070    -1.423636794090271  -0.2054448276758194  0.06254588812589645
   4071    -1.53663969039917  2.1141812801361084  -0.3761182129383087
   4072    -1.0754584074020386  1.9160856008529663  0.48192235827445984
   4073    -1.0857797861099243  1.8853141069412231  0.5636793971061707
   4074    0.14667630195617676  -0.31650426983833313  -0.41600653529167175
   4075    -0.3664895296096802  0.19489555060863495  1.0120176076889038
   4076    -0.37838098406791687  0.8019356727600098  1.1054327487945557
   4077    -0.3817271888256073  0.2677755057811737  -0.7210115194320679
   4078    0.37677517533302307  0.3277043402194977  0.9918988943099976
   4079    -0.38670772314071655  0.9723969101905823  -0.48734575510025024
   4080    -0.3909377157688141  -0.22278186678886414  0.6984729766845703
   4081    0.7808255553245544  0.44070878624916077  -0.226767435669899
   4082    0.5664790272712708  0.3590765595436096  0.8532006144523621
   4083    0.33174407482147217  1.2859960794448853  -0.3035333454608917
   4084    0.9859627485275269  0.1654621958732605  -0.09871741384267807
   4085    -1.133205771446228  1.3793929815292358  0.7738838195800781
   4086    0.2334076464176178  1.6088308095932007  0.15893125534057617
   4087    0.5162411332130432  1.2576360702514648  -0.21524003148078918
   4088    -1.3153823614120483  0.8386998772621155  0.8772423267364502
   4089    0.4512012004852295  -0.12334232032299042  0.8202303647994995
   4090    -1.3229799270629883  2.082871198654175  -0.9821329116821289
   4091    -1.4330101013183594  1.4176329374313354  -0.1710205078125
   4092    0.3135792016983032  1.537685513496399  0.5277847647666931
   4093    -0.7673345804214478  0.6743338108062744  -0.4401216208934784
   4094    -0.7148461937904358  0.6327499151229858  -0.4467177987098694
   4095    0.3650560975074768  1.0542501211166382  -0.4247285723686218
   4096    0.46356430649757385  0.9976776838302612  -0.41216543316841125
   4097    -1.799336314201355  1.972622275352478  0.23422998189926147
   4098    -1.806095004081726  1.6349855661392212  0.7394934892654419
   4099    -1.057000756263733  1.3087632656097412  0.68165522813797
   4100    -1.3436068296432495  0.7824917435646057  -0.35229024291038513
   4101    -1.07341468334198  0.21896593272686005  0.5510141849517822
   4102    -1.6534340381622314  0.7257757186889648  0.6255494356155396
   4103    -1.092930793762207  1.5348176956176758  0.7400450706481934
   4104    -0.7053408026695251  -0.30841630697250366  0.381256103515625
   4105    0.7764241099357605  0.1924767792224884  0.6266683340072632
   4106    -0.6922866106033325  0.366094172000885  -0.3404289186000824
   4107    -0.8766967058181763  -0.16801334917545319  -0.4179302155971527
   4108    -0.796059250831604  1.5291231870651245  -0.08903316408395767
   4109    -1.0362911224365234  -0.010242096148431301  -0.14668485522270203
   4110    -0.18821825087070465  0.25249212980270386  -0.7124695181846619
   4111    0.4417884945869446  -0.16592267155647278  -0.2039833664894104
   4112    -0.4340106248855591  2.416419267654419  -0.4090897738933563
   4113    -1.4743804931640625  0.5158395171165466  -0.20990069210529327
   4114    -0.005074393004179001  0.4960373640060425  -0.7161560654640198
   4115    -0.16807441413402557  0.05345315858721733  -0.6605225801467896
   4116    -1.1564098596572876  -0.3265043795108795  0.281190425157547
   4117    -0.41041430830955505  2.1851258277893066  -0.22398202121257782
   4118    -1.5298422574996948  1.9185551404953003  -0.10871051251888275
   4119    -1.3226045370101929  -0.29836204648017883  0.6757639646530151
   4120    -1.337788701057434  -0.2794478237628937  0.6660035848617554
   4121    -0.5825580954551697  1.249576210975647  -0.3496676981449127
   4122    -0.4483230412006378  0.11580716073513031  0.885174572467804
   4123    -0.819108784198761  1.9842486381530762  -0.06900572776794434
   4124    -1.5785902738571167  2.450664758682251  -0.8477173447608948
   4125    -1.5759773254394531  2.472109079360962  -0.9139813184738159
   4126    -0.2637275457382202  -0.3059888184070587  0.9420619010925293
   4127    -0.23834988474845886  1.5818840265274048  0.4114099442958832
   4128    0.1048961877822876  -0.21050019562244415  0.6658210158348083
   4129    1.1026490926742554  0.45719003677368164  0.1961970329284668
   4130    -1.5396727323532104  2.0767197608947754  -0.2249925434589386
   4131    -1.1036659479141235  0.9542105197906494  -0.42647647857666016
   4132    -1.3010807037353516  -0.29081490635871887  0.7955304384231567
   4133    -0.5851109623908997  -0.2946775555610657  0.3646464943885803
   4134    0.03216744586825371  -0.2996337413787842  0.07162652164697647
   4135    -0.2499086707830429  2.2729408740997314  -0.2602422833442688
   4136    0.9538699388504028  -0.006130095571279526  0.5843026041984558
   4137    0.529167115688324  0.6505975723266602  0.9352736473083496
   4138    -1.566088080406189  1.358322262763977  1.0210880041122437
   4139    0.02795235626399517  1.3923743963241577  -0.28413936495780945
   4140    -0.21912647783756256  1.0111392736434937  0.9004164934158325
   4141    -1.7046282291412354  1.1793826818466187  0.11349805444478989
   4142    -1.4791066646575928  2.322659969329834  -0.816918671131134
   4143    -0.6282670497894287  1.4058185815811157  -0.1846739649772644
   4144    -1.5557087659835815  2.272144317626953  -0.475443035364151
   4145    -1.5705575942993164  2.2488651275634766  -0.5244393944740295
   4146    0.45402660965919495  -0.18960857391357422  0.7967186570167542
   4147    -1.0543239116668701  -0.005320034921169281  0.5060560703277588
   4148    -0.7697443962097168  -0.3172650635242462  0.18394841253757477
   4149    0.11704447865486145  1.1562436819076538  -0.4041803777217865
   4150    0.5258901119232178  0.8919538259506226  -0.41293954849243164
   4151    -0.3074111044406891  0.40398290753364563  -0.7682251930236816
   4152    -0.6136416792869568  0.6486207842826843  0.8429643511772156
   4153    -0.5702947974205017  0.7288646101951599  0.9208478927612305
   4154    -0.8686394095420837  2.3570070266723633  0.06108681485056877
   4155    0.7938336730003357  0.9882280826568604  0.5613599419593811
   4156    -0.6112397909164429  -0.010519813746213913  -0.41161835193634033
   4157    -0.8653858304023743  1.067764401435852  0.8313532471656799
   4158    0.7135799527168274  0.5294939875602722  0.7758575677871704
   4159    0.16341212391853333  1.34303879737854  -0.3271724283695221
   4160    -1.0701228380203247  0.5639674067497253  -0.39283692836761475
   4161    -1.3351330757141113  1.1189115047454834  0.7798547148704529
   4162    -0.7944717407226562  1.0945351123809814  0.7878428101539612
   4163    -1.750762939453125  1.2699801921844482  0.5860583782196045
   4164    -1.3876266479492188  2.1106553077697754  0.13375018537044525
   4165    -0.5923077464103699  -0.23364540934562683  0.6865491271018982
   4166    0.5289581418037415  -0.10522445291280746  -0.16827915608882904
   4167    0.5386816263198853  0.09465638548135757  -0.40729066729545593
   4168    -0.19939711689949036  -0.1565629243850708  -0.5199794769287109
   4169    0.8645542860031128  1.008122444152832  0.1832817643880844
   4170    -0.683756947517395  1.5169994831085205  -0.01616501621901989
   4171    -0.1485307812690735  -0.2303316444158554  0.18652059137821198
   4172    -0.25663042068481445  -0.2323266565799713  0.12282367795705795
   4173    -1.835749626159668  1.373154640197754  0.15563291311264038
   4174    -0.003359125228598714  0.2774713635444641  1.1345456838607788
   4175    -0.7074443101882935  0.4447460174560547  -0.36510390043258667
   4176    0.4768553078174591  1.4045331478118896  -0.10109728574752808
   4177    -0.6738250851631165  1.0664541721343994  0.8198400735855103
   4178    -1.4396052360534668  2.019073963165283  -0.8520390391349792
   4179    -0.9061349034309387  0.5560669898986816  0.84326171875
   4180    -0.9455389380455017  0.4998355805873871  0.8466529846191406
   4181    -1.419724941253662  1.2161945104599  0.8768782615661621
   4182    -0.5995103716850281  0.07847201079130173  -0.40164628624916077
   4183    -1.3896152973175049  2.146026372909546  -1.024215579032898
   4184    -1.7974929809570312  1.586630940437317  0.1074807271361351
   4185    -1.6533647775650024  0.9847109317779541  -0.10874713957309723
   4186    -1.2567061185836792  2.1994941234588623  -0.399372935295105
   4187    -0.5534141063690186  -0.026578037068247795  0.950402557849884
   4188    -0.397594153881073  -0.22999753057956696  0.598041296005249
   4189    -0.07819798588752747  -0.21093152463436127  0.7369546890258789
   4190    -1.7813842296600342  0.7886001467704773  0.17534860968589783
   4191    0.36577051877975464  0.07498519122600555  -0.5531930327415466
   4192    0.4494291841983795  0.1650286763906479  -0.5234254598617554
   4193    -0.9723262786865234  2.111140489578247  -0.12872639298439026
   4194    -0.07244556397199631  1.2979841232299805  0.8197800517082214
   4195    -0.7958666682243347  2.039363145828247  -0.13558301329612732
   4196    -0.5602490305900574  1.5142742395401  0.24603118002414703
   4197    0.5922084450721741  0.1682019680738449  -0.3618920147418976
   4198    -1.4300904273986816  1.2336502075195312  -0.18886013329029083
   4199    -1.4935779571533203  1.1902942657470703  -0.16945216059684753
   4200    0.35970398783683777  1.4031522274017334  -0.18824338912963867
   4201    -1.272072196006775  2.1087262630462646  0.16628868877887726
   4202    -1.1702759265899658  -0.03869147598743439  0.011680284515023232
   4203    -0.9786713123321533  -0.3118866980075836  0.16118381917476654
   4204    -0.014895502477884293  0.7627949118614197  1.1328366994857788
   4205    -0.19983117282390594  0.006062726955860853  1.0127005577087402
   4206    -1.2870813608169556  1.9500598907470703  -0.4507381319999695
   4207    0.5791443586349487  0.28736692667007446  -0.40093445777893066
   4208    0.6184806227684021  0.4322073459625244  -0.396036297082901
   4209    -1.720363974571228  1.798697590827942  0.0690821036696434
   4210    -0.7217217087745667  -0.28269344568252563  0.2711254060268402
   4211    -1.0261706113815308  0.04738500341773033  0.42872509360313416
   4212    1.0264477729797363  0.3886176645755768  0.0482630617916584
   4213    1.0940272808074951  0.3732764720916748  0.045519374310970306
   4214    0.6141321063041687  1.2627639770507812  -0.14334842562675476
   4215    0.27940958738327026  0.05631368234753609  -0.5567315220832825
   4216    -0.9345043301582336  1.4020248651504517  0.5662506818771362
   4217    -1.0384140014648438  -0.013811999931931496  0.7078120112419128
   4218    0.46502551436424255  0.7127479314804077  0.9706146121025085
   4219    0.44339409470558167  0.7672019004821777  0.9764413237571716
   4220    -1.8201438188552856  1.5191820859909058  0.864300012588501
   4221    0.9110674262046814  0.6922122836112976  0.08646617084741592
   4222    0.5151297450065613  1.446458101272583  0.06809324771165848
   4223    -0.7079705595970154  2.3245904445648193  -0.0481068417429924
   4224    -0.6975014209747314  2.453977346420288  -0.011396448127925396
   4225    -0.6499300003051758  2.4846200942993164  -0.04779979959130287
   4226    -1.0325247049331665  1.0276122093200684  -0.42952778935432434
   4227    0.28455400466918945  0.0019715954549610615  0.9341017603874207
   4228    0.2708914279937744  -0.04935498908162117  0.9048042893409729
   4229    -1.177717924118042  0.6420310735702515  0.8718259930610657
   4230    -1.379285454750061  1.8378669023513794  -0.19134709239006042
   4231    -1.50155508518219  2.253492593765259  -0.6775091886520386
   4232    -1.2686855792999268  2.0997414588928223  -0.21969842910766602
   4233    0.38223928213119507  1.235694169998169  0.754806637763977
   4234    -0.1711675077676773  0.9295126795768738  -0.6242192983627319
   4235    -1.6076158285140991  1.4877310991287231  -0.10667451471090317
   4236    -1.5772613286972046  1.5767946243286133  -0.12107661366462708
   4237    -0.6094509959220886  0.23763027787208557  -0.4334794282913208
   4238    -0.8596650958061218  -0.32315903902053833  0.5283342599868774
   4239    0.22190605103969574  0.3805333077907562  1.0886644124984741
   4240    0.22456443309783936  0.3305712342262268  1.0762159824371338
   4241    -1.06548011302948  -0.33150649070739746  -0.07416817545890808
   4242    -1.3579915761947632  1.2142633199691772  0.7865933179855347
   4243    -0.6896297335624695  -0.24258644878864288  -0.3034343719482422
   4244    -0.7441829442977905  0.6105258464813232  -0.4151289165019989
   4245    -0.7856799364089966  0.57705157995224  -0.38601040840148926
   4246    -0.9193211197853088  1.9634476900100708  0.15286538004875183
   4247    -0.630836009979248  0.42851659655570984  -0.5552653074264526
   4248    -0.6148316860198975  0.3121720254421234  -0.5025640726089478
   4249    -1.2754861116409302  0.5470197796821594  0.8316070437431335
   4250    -0.3151944577693939  0.8094512224197388  1.1256715059280396
   4251    -0.9490902423858643  -0.24724672734737396  -0.2861913740634918
   4252    -0.7165302634239197  -0.3139705955982208  0.5970147848129272
   4253    0.5914883613586426  0.9263131022453308  0.8423164486885071
   4254    -1.2938342094421387  0.37523770332336426  0.7000895738601685
   4255    -1.5890374183654785  1.5218013525009155  1.0580806732177734
   4256    -1.2815043926239014  -0.19161908328533173  0.527055025100708
   4257    -1.2637497186660767  2.2222962379455566  -1.14304518699646
   4258    -1.3501898050308228  -0.32440313696861267  -0.1180831715464592
   4259    -1.392467975616455  0.40413400530815125  -0.1462997943162918
   4260    0.09659935534000397  0.279868483543396  -0.6571504473686218
   4261    0.8572549223899841  0.7333422899246216  -0.12250266224145889
   4262    -1.2586381435394287  2.1514406204223633  -0.7971041798591614
   4263    0.433269739151001  -0.0868925228714943  -0.3784027397632599
   4264    0.050481852144002914  1.0054707527160645  0.9270849227905273
   4265    -1.3821624517440796  -0.22777211666107178  -0.03358398750424385
   4266    -1.4482600688934326  -0.28237631916999817  0.07331496477127075
   4267    -1.4338399171829224  -0.23760159313678741  0.013597444631159306
   4268    -0.5764403343200684  2.1988508701324463  -0.2699849307537079
   4269    -1.4660619497299194  1.170628309249878  0.7622849345207214
   4270    0.38643425703048706  0.2556483745574951  0.9657493829727173
   4271    -1.7473664283752441  0.7808638215065002  0.4872930645942688
   4272    -1.167087197303772  2.0957841873168945  0.5031053423881531
   4273    -1.1005414724349976  2.0773062705993652  0.4370235502719879
   4274    -1.0625615119934082  2.0309271812438965  0.3907673954963684
   4275    -0.29218152165412903  1.3938546180725098  0.7219362854957581
   4276    -1.6068589687347412  1.303306221961975  -0.06708499789237976
   4277    -1.4892609119415283  0.33996644616127014  0.37729087471961975
   4278    -1.7511616945266724  1.3160308599472046  0.9255472421646118
   4279    -1.729613184928894  1.3980143070220947  0.9716250896453857
   4280    -1.509031891822815  2.4174444675445557  -0.6494211554527283
   4281    -1.5174131393432617  2.4360735416412354  -0.7131562829017639
   4282    -1.2653559446334839  0.517237663269043  -0.352404922246933
   4283    -1.5500781536102295  1.1826590299606323  0.805143415927887
   4284    0.6712661385536194  0.3804827928543091  -0.3436242341995239
   4285    -1.049945592880249  1.861908197402954  0.3967331051826477
   4286    -1.2489008903503418  1.4963802099227905  0.8841546773910522
   4287    -0.8689810037612915  2.2594733238220215  0.10896194726228714
   4288    -0.13626092672348022  0.6357903480529785  -0.7544070482254028
   4289    0.8493682742118835  0.32810845971107483  0.548213541507721
   4290    -0.8046600818634033  -0.015827767550945282  -0.22951209545135498
   4291    0.6732707619667053  -0.261592298746109  0.3697357177734375
   4292    0.5679479837417603  -0.28275036811828613  0.4041297733783722
   4293    -1.6076793670654297  0.8388141393661499  -0.18160919845104218
   4294    -1.5531991720199585  0.8352216482162476  -0.24221551418304443
   4295    -1.5764826536178589  0.7924003601074219  -0.20137344300746918
   4296    -0.02354823425412178  1.5475108623504639  -0.09757721424102783
   4297    -1.2067087888717651  -0.3271561861038208  -0.18397581577301025
   4298    -1.7316535711288452  0.6710328459739685  0.2064492106437683
   4299    -1.7365407943725586  0.6394017338752747  0.27106091380119324
   4300    0.39126643538475037  0.7187056541442871  -0.5395867228507996
   4301    -0.7473050951957703  0.7261742353439331  -0.4495810568332672
   4302    -0.8334600925445557  0.7658975124359131  -0.4407140612602234
   4303    -0.4979228377342224  1.3320081233978271  -0.28607413172721863
   4304    -0.4293424189090729  0.7218813300132751  -0.7603432536125183
   4305    -0.1854473352432251  0.5101561546325684  1.1431024074554443
   4306    0.9295497536659241  0.4779009222984314  0.12485162913799286
   4307    -1.8038439750671387  1.3844012022018433  0.08995436131954193
   4308    0.8521977066993713  -0.20147819817066193  0.28218868374824524
   4309    -1.003408432006836  2.3113694190979004  -0.011323814280331135
   4310    -0.940419614315033  2.3651881217956543  -0.005613763816654682
   4311    -1.3753474950790405  1.8992013931274414  -0.39983731508255005
   4312    -0.03827030956745148  1.6202081441879272  0.37319809198379517
   4313    -1.0786758661270142  1.3992774486541748  0.7286286354064941
   4314    -1.190683364868164  1.2085877656936646  -0.3253515660762787
   4315    0.7849359512329102  -0.18903039395809174  0.4774840772151947
   4316    0.4701719880104065  0.9215853214263916  -0.4249976873397827
   4317    -0.31631994247436523  0.5590476989746094  1.1308761835098267
   4318    -0.7109238505363464  0.3324625790119171  0.8247889280319214
   4319    -1.5240366458892822  2.263005495071411  -0.34762707352638245
   4320    -0.05579201504588127  -0.3178209364414215  -0.3740638196468353
   4321    0.7775762677192688  -0.09445049613714218  0.6124405264854431
   4322    -1.0966734886169434  0.040669750422239304  0.19918842613697052
   4323    -1.817553162574768  1.2681729793548584  0.38756152987480164
   4324    -1.8073638677597046  1.2517309188842773  0.34056955575942993
   4325    -1.221803903579712  1.7525997161865234  -0.1345265656709671
   4326    -0.7535751461982727  1.0962257385253906  0.7822490930557251
   4327    -1.0568782091140747  -0.32449835538864136  -0.23045070469379425
   4328    0.32695454359054565  0.9663205742835999  0.9460955262184143
   4329    0.04663798213005066  0.8772000074386597  1.0975232124328613
   4330    0.9220473766326904  -0.16397984325885773  0.3208329379558563
   4331    -0.6655718684196472  2.323587417602539  -0.3120659589767456
   4332    -0.6837080717086792  -0.3204045593738556  0.42960217595100403
   4333    0.3010190725326538  1.5863577127456665  0.26686227321624756
   4334    0.5347658395767212  0.1638103574514389  0.8645023107528687
   4335    -0.7840092778205872  -0.1997406780719757  0.8387105464935303
   4336    -0.7660984396934509  -0.16431550681591034  0.8488295078277588
   4337    -1.3864127397537231  2.5818097591400146  -1.161379337310791
   4338    -1.0022343397140503  0.01050798874348402  0.7229793071746826
   4339    -0.5449988842010498  -0.0902828723192215  -0.5547482967376709
   4340    -0.4973883032798767  -0.24165025353431702  0.23425261676311493
   4341    0.8272859454154968  1.076683521270752  0.2883116900920868
   4342    -1.372100591659546  -0.12772592902183533  0.04966190084815025
   4343    -0.12750352919101715  1.1187621355056763  -0.4548514783382416
   4344    -0.6508233547210693  2.371366262435913  -0.3207419216632843
   4345    -1.571042776107788  2.1115987300872803  0.39812764525413513
   4346    -0.19524595141410828  0.527045488357544  -0.760833203792572
   4347    -1.7304962873458862  1.1533513069152832  0.35093656182289124
   4348    -0.9821678400039673  0.383463054895401  -0.28866034746170044
   4349    -1.286292552947998  -0.28423017263412476  0.34753525257110596
   4350    -1.4596868753433228  0.8671841025352478  0.8219805955886841
   4351    -0.8854407668113708  0.6859111785888672  0.8663089871406555
   4352    0.3357633054256439  0.13609275221824646  -0.5712989568710327
   4353    0.2382999211549759  0.13465477526187897  -0.5944409370422363
   4354    -0.6135358810424805  2.1901352405548096  0.031108791008591652
   4355    -0.6159009337425232  2.222001791000366  -0.03484169766306877
   4356    -0.8976389765739441  1.5993374586105347  0.13479235768318176
   4357    -0.6445913314819336  1.121347427368164  -0.4161407947540283
   4358    0.6638369560241699  0.7216835618019104  -0.37624919414520264
   4359    -1.0983009338378906  1.0790774822235107  0.8295103311538696
   4360    1.1747368574142456  0.10711991786956787  0.169664204120636
   4361    0.49276846647262573  -0.10179482400417328  -0.2636721432209015
   4362    -0.38100406527519226  0.8945525884628296  1.0384607315063477
   4363    -1.4925428628921509  2.021198034286499  0.7366191148757935
   4364    -0.5814778804779053  0.04578898847103119  0.747967541217804
   4365    0.057466283440589905  0.4739074409008026  -0.699650228023529
   4366    0.38781052827835083  1.1085641384124756  0.8539469838142395
   4367    -1.5452276468276978  2.0814573764801025  0.585038423538208
   4368    -1.1729893684387207  1.9068965911865234  0.6671989560127258
   4369    -1.544998049736023  2.444279909133911  -0.9199619889259338
   4370    -0.061088625341653824  0.9560456275939941  1.048890471458435
   4371    0.7784949541091919  0.749993622303009  -0.2686377465724945
   4372    -1.299910545349121  1.6664670705795288  -0.1634053736925125
   4373    -1.2046442031860352  1.797010064125061  0.6795726418495178
   4374    -0.6204031109809875  0.7390986084938049  -0.5736417770385742
   4375    -0.3387002944946289  2.728071689605713  -0.4669373631477356
   4376    0.6421583294868469  0.25786760449409485  -0.36496633291244507
   4377    -0.9693888425827026  1.7360981702804565  0.32103845477104187
   4378    -1.3624294996261597  -0.2516270875930786  0.2658621668815613
   4379    0.0924629494547844  0.7187603116035461  -0.6701936721801758
   4380    -0.2509557902812958  1.3903833627700806  -0.2675060033798218
   4381    -1.1269890069961548  1.9213026762008667  -0.03274001181125641
   4382    0.4156474471092224  0.13330979645252228  0.9546429514884949
   4383    -1.2373415231704712  2.089167594909668  0.5928946137428284
   4384    -1.185561180114746  2.0699057579040527  0.6265622973442078
   4385    -0.5910971760749817  -0.2636227607727051  -0.6016584038734436
   4386    -0.47686657309532166  0.5821612477302551  1.0792938470840454
   4387    0.19982083141803741  -0.2989586293697357  -0.21720770001411438
   4388    -1.5528514385223389  0.9652714729309082  -0.2087971568107605
   4389    -1.58620023727417  2.3588814735412598  -0.7506750226020813
   4390    -0.7274965047836304  1.5079036951065063  -0.10116005688905716
   4391    -1.092128872871399  0.9613413214683533  0.862528920173645
   4392    -1.116036057472229  0.9372960329055786  0.8657118082046509
   4393    -1.832205057144165  1.566689372062683  0.7261449098587036
   4394    -1.294633150100708  0.2148711383342743  0.3982808589935303
   4395    -0.05965782329440117  0.44831031560897827  1.1687370538711548
   4396    -1.5236185789108276  0.6990852952003479  -0.2690140902996063
   4397    -1.4315848350524902  2.3049328327178955  -0.33888643980026245
   4398    -1.4774478673934937  0.3017268478870392  0.19539760053157806
   4399    -1.7438486814498901  0.7336654663085938  0.045736413449048996
   4400    0.7913933992385864  1.0429099798202515  -0.07656718045473099
   4401    -0.03091445378959179  1.4799007177352905  0.6749158501625061
   4402    -0.47517871856689453  1.2368319034576416  -0.3684336543083191
   4403    -1.603766918182373  1.0210245847702026  0.6537638902664185
   4404    0.3076331913471222  -0.2728438377380371  0.8703622817993164
   4405    -0.7026751041412354  1.5488730669021606  0.2602139413356781
   4406    1.103133201599121  -0.010978215374052525  0.11452265828847885
   4407    -0.7136378884315491  0.6498536467552185  0.8661405444145203
   4408    -0.6852481961250305  0.714648962020874  0.8522782325744629
   4409    -0.5588899254798889  0.5136933326721191  0.8771417737007141
   4410    -1.247875452041626  2.0278499126434326  -0.4240622818470001
   4411    -1.2659707069396973  -0.3124942183494568  0.5234895348548889
   4412    0.28597161173820496  0.43343842029571533  -0.620305597782135
   4413    0.21879568696022034  0.46754834055900574  -0.6362327933311462
   4414    -1.099400520324707  0.2624867856502533  -0.14447325468063354
   4415    -1.42905855178833  2.6115493774414062  -1.0386263132095337
   4416    0.7821463942527771  0.7354283928871155  0.6842621564865112
   4417    0.4703880250453949  0.7757957577705383  -0.48012739419937134
   4418    0.3560729920864105  0.8013821840286255  0.9811268448829651
   4419    -1.834944248199463  1.345890998840332  0.5231087803840637
   4420    -1.3852338790893555  1.1289476156234741  0.7551247477531433
   4421    -1.5245139598846436  2.554600477218628  -1.0435338020324707
   4422    -0.0342586375772953  1.1692308187484741  -0.4309590756893158
   4423    0.4861789643764496  -0.15030506253242493  0.7834439873695374
   4424    -1.6078509092330933  0.8395446538925171  0.682815670967102
   4425    -0.8501879572868347  0.42245978116989136  -0.35548028349876404
   4426    -0.7108173966407776  -0.18816781044006348  0.9306331276893616
   4427    -1.1524171829223633  1.0383609533309937  -0.3794935941696167
   4428    -1.262786626815796  1.3840947151184082  0.9053457975387573
   4429    -1.3055641651153564  0.2128036618232727  0.12556219100952148
   4430    -1.1923494338989258  -0.20357646048069  0.4212435185909271
   4431    -1.2808966636657715  -0.2957671880722046  0.4541332423686981
   4432    0.21010257303714752  0.05202483758330345  1.0308095216751099
   4433    -0.28551170229911804  0.5388479232788086  -0.769139289855957
   4434    -0.8349010348320007  -0.19466324150562286  -0.5022860169410706
   4435    -1.649674654006958  1.4189821481704712  -0.08272077888250351
   4436    0.40260618925094604  -0.29864153265953064  -0.07583027333021164
   4437    -0.15399105846881866  -0.30578985810279846  -0.48888862133026123
   4438    -1.278821349143982  1.924998164176941  -0.3321913182735443
   4439    0.40875959396362305  -0.2859033942222595  0.14155073463916779
   4440    -0.761922299861908  0.37642401456832886  -0.3150441348552704
   4441    -0.9843856692314148  1.9130288362503052  -0.015973880887031555
   4442    -1.0494508743286133  1.1062164306640625  -0.3869992196559906
   4443    -0.09946171939373016  0.9593712091445923  -0.5706087350845337
   4444    -1.4604160785675049  2.094261407852173  -0.6454646587371826
   4445    -0.5852032899856567  1.0887449979782104  0.8265673518180847
   4446    0.10507581382989883  -0.2533623278141022  0.5126492977142334
   4447    -1.757844090461731  1.060929536819458  0.3939880132675171
   4448    -0.9650384187698364  1.7305099964141846  0.19797348976135254
   4449    0.28655362129211426  1.0634053945541382  -0.42607083916664124
   4450    -0.4388430416584015  -0.003337845904752612  0.933316171169281
   4451    -0.7449812293052673  -0.14324818551540375  -0.550342321395874
   4452    -1.5131356716156006  1.9994134902954102  -0.3945613205432892
   4453    -0.7068899273872375  2.1354024410247803  0.06892234086990356
   4454    -0.7744969725608826  2.1325931549072266  0.1059824600815773
   4455    -0.8557004332542419  -0.19991043210029602  -0.4656416177749634
   4456    -0.19469450414180756  2.4713783264160156  -0.5653544068336487
   4457    -1.1842381954193115  0.7836169600486755  -0.410597562789917
   4458    -1.186258316040039  0.7223455309867859  -0.4114333987236023
   4459    -1.252859115600586  0.8951696753501892  -0.3746364116668701
   4460    -1.8839845657348633  1.3937509059906006  0.3283498287200928
   4461    -1.0151681900024414  0.594688355922699  -0.4055745601654053
   4462    0.7791982889175415  1.1606308221817017  0.08363410085439682
   4463    -0.20845618844032288  1.1378307342529297  0.86620032787323
   4464    0.7682370543479919  1.1848149299621582  0.3268054127693176
   4465    0.022564632818102837  -0.21774856746196747  -0.0920357033610344
   4466    0.08202605694532394  -0.22149358689785004  -0.110380157828331
   4467    -1.3506889343261719  1.8678503036499023  -0.26223912835121155
   4468    -1.2881611585617065  1.868727684020996  -0.22029072046279907
   4469    -1.097072958946228  0.4693683683872223  -0.34387221932411194
   4470    -1.0414379835128784  0.44676265120506287  -0.3172924220561981
   4471    -0.06500766426324844  0.5765026211738586  1.1656763553619385
   4472    -1.2374699115753174  0.35344603657722473  -0.21957172453403473
   4473    -0.34136760234832764  1.3595612049102783  0.7205453515052795
   4474    0.17714697122573853  1.4833950996398926  -0.17858649790287018
   4475    0.09090311080217361  1.50063955783844  -0.1733926385641098
   4476    0.04475994035601616  -0.23301932215690613  0.48577362298965454
   4477    -1.037365436553955  -0.06213650852441788  0.31860047578811646
   4478    -1.854572057723999  1.6141749620437622  0.47991588711738586
   4479    0.10714473575353622  1.2970199584960938  0.8057422041893005
   4480    -1.40388822555542  0.32618534564971924  0.5132123827934265
   4481    1.188291311264038  0.30339813232421875  0.12627840042114258
   4482    0.10819616913795471  1.6306993961334229  0.3443302512168884
   4483    -0.7726836800575256  0.1630294770002365  0.8045555949211121
   4484    -0.6071861982345581  1.0588933229446411  -0.4534982144832611
   4485    -0.5441310405731201  0.9938044548034668  -0.47506940364837646
   4486    -0.21537308394908905  1.2597079277038574  -0.37105122208595276
   4487    -1.133259654045105  -0.3301289975643158  0.139409139752388
   4488    -1.8024181127548218  1.7275822162628174  0.44965580105781555
   4489    -1.8299115896224976  1.9769387245178223  0.3577153980731964
   4490    -0.1223558858036995  1.2141631841659546  0.8528119921684265
   4491    0.28861525654792786  -0.011030583642423153  -0.5351093411445618
   4492    0.33767998218536377  -0.04523599520325661  -0.47621482610702515
   4493    0.15382759273052216  -0.21942000091075897  0.6479060053825378
   4494    0.2024346888065338  -0.2608257830142975  0.6405602693557739
   4495    0.29828423261642456  0.7012941241264343  -0.5959683060646057
   4496    0.23021462559700012  0.9564751386642456  -0.4667123556137085
   4497    -0.6032506227493286  -0.24829040467739105  -0.3599538803100586
   4498    -0.43584904074668884  0.5363783240318298  1.0788642168045044
   4499    -1.8295977115631104  1.9661872386932373  0.4262920916080475
   4500    -1.8230844736099243  1.9439826011657715  0.4916180968284607
   4501    -0.4757348597049713  1.4463934898376465  0.5360121726989746
   4502    -0.03359878063201904  0.3985651135444641  -0.6948797702789307
   4503    0.15973088145256042  -0.3168143332004547  -0.0032276513520628214
   4504    1.2185596227645874  0.2434978038072586  0.2708034813404083
   4505    0.8047377467155457  -0.01979881338775158  -0.1247267946600914
   4506    0.12311545759439468  0.9794643521308899  0.9649217128753662
   4507    0.17087692022323608  0.9407244324684143  0.9958935976028442
   4508    -0.6136612296104431  -0.19955238699913025  1.036401629447937
   4509    -0.6298264861106873  -0.15767502784729004  1.0169790983200073
   4510    -0.5778669714927673  0.017739202827215195  -0.44917216897010803
   4511    0.5157949328422546  -0.25628092885017395  0.513192355632782
   4512    -1.581686019897461  0.4231066107749939  0.38907504081726074
   4513    0.9223034977912903  -0.12921006977558136  0.041337672621011734
   4514    0.8558670282363892  0.42095252871513367  -0.07864456623792648
   4515    0.831556499004364  0.3300524652004242  -0.08406661450862885
   4516    0.024927876889705658  0.9047899842262268  1.086874008178711
   4517    -1.758310079574585  0.7369250059127808  0.29495930671691895
   4518    -1.6058210134506226  1.8765034675598145  -0.03598681837320328
   4519    -0.5667943954467773  0.8624436855316162  -0.5190408229827881
   4520    -0.8435536026954651  0.2513192594051361  -0.26573365926742554
   4521    0.6944878697395325  0.8554015755653381  0.7868553400039673
   4522    -1.7130752801895142  0.8392824530601501  -0.027723059058189392
   4523    0.05363227054476738  -0.003017703304067254  -0.6015318632125854
   4524    0.7435910105705261  0.07627558708190918  -0.12774743139743805
   4525    -0.014702114276587963  0.40698596835136414  1.138321042060852
   4526    0.00889611430466175  1.1285841464996338  -0.426632821559906
   4527    -0.010960958898067474  1.2232483625411987  -0.39877015352249146
   4528    -0.7158569693565369  0.35523417592048645  -0.317251592874527
   4529    -0.9158984422683716  -0.16130007803440094  -0.2729835510253906
   4530    -1.2385079860687256  2.514273166656494  -1.2288354635238647
   4531    -0.5783343315124512  -0.3017854690551758  1.0153167247772217
   4532    -1.2540102005004883  2.3990938663482666  -0.9959131479263306
   4533    -0.1367771178483963  0.8746298551559448  -0.6877816915512085
   4534    -0.23513849079608917  -0.14086754620075226  1.003572940826416
   4535    -0.28107449412345886  -0.20566672086715698  1.0227793455123901
   4536    -0.13821297883987427  -0.19636014103889465  0.9750467538833618
   4537    -0.07385239750146866  -0.26620200276374817  0.9640679955482483
   4538    -1.391465425491333  1.3963879346847534  1.0628786087036133
   4539    -0.5099557042121887  1.4811362028121948  -0.03416161239147186
   4540    -0.9927026629447937  0.28435906767845154  0.7089289426803589
   4541    0.9469290375709534  0.44232213497161865  0.36725547909736633
   4542    0.9163517951965332  0.4280569553375244  0.42260047793388367
   4543    -1.4544357061386108  0.2942688465118408  0.2649443447589874
   4544    -1.2710014581680298  1.79082190990448  0.7603853940963745
   4545    -1.298059105873108  1.8127577304840088  0.8106217384338379
   4546    -0.9727756381034851  0.9834291934967041  0.8688222169876099
   4547    -0.981753408908844  0.8903759717941284  0.8952441215515137
   4548    -1.3237600326538086  2.085047960281372  -0.016596810892224312
   4549    0.20361191034317017  0.6323959231376648  1.0929356813430786
   4550    0.23920296132564545  0.23961876332759857  1.0353965759277344
   4551    -0.46721017360687256  0.9416515231132507  0.8971929550170898
   4552    -0.37047985196113586  2.2180421352386475  -0.2722315788269043
   4553    -0.9492917656898499  1.591863989830017  0.5293642282485962
   4554    -0.9784560799598694  1.6353563070297241  0.5507490634918213
   4555    -0.920513927936554  -0.32787513732910156  -0.18037928640842438
   4556    -0.8825650215148926  -0.328049898147583  -0.2469823956489563
   4557    -1.6467489004135132  1.2368372678756714  0.8968517184257507
   4558    -0.37892580032348633  -0.027171319350600243  0.9670889973640442
   4559    -1.2907862663269043  0.46371373534202576  0.7785983681678772
   4560    -0.7418910264968872  1.3727954626083374  -0.2513124644756317
   4561    -1.1130454540252686  0.13651172816753387  -0.05792146176099777
   4562    -1.1497654914855957  0.19749611616134644  -0.0337882824242115
   4563    -1.1421316862106323  0.8837385773658752  -0.4299067258834839
   4564    -0.07810955494642258  1.6230922937393188  0.27255260944366455
   4565    -1.4145067930221558  0.2690803110599518  0.08695938438177109
   4566    -1.4850116968154907  0.31924670934677124  0.13144584000110626
   4567    0.6739537119865417  0.430737167596817  0.7964443564414978
   4568    0.7182860970497131  0.4092532992362976  0.750423014163971
   4569    -1.7477352619171143  1.7971584796905518  0.17543594539165497
   4570    -1.7869402170181274  1.742175817489624  0.24503079056739807
   4571    -0.24557402729988098  0.1672573834657669  1.0641801357269287
   4572    -1.583721399307251  1.9039838314056396  -0.05403631553053856
   4573    0.7618334293365479  1.0918200016021729  -0.05564374476671219
   4574    -1.665045976638794  0.5323547720909119  0.3515772521495819
   4575    -0.09248927235603333  1.024670958518982  0.8842118382453918
   4576    0.5786723494529724  -0.2010865956544876  -0.0646711066365242
   4577    0.6628366112709045  1.3350529670715332  0.20682793855667114
   4578    0.6386505365371704  1.3553394079208374  0.10826996713876724
   4579    -1.684317946434021  0.7471045255661011  -0.07765547186136246
   4580    0.5160537958145142  0.039420198649168015  -0.42723262310028076
   4581    -0.3437836766242981  2.2500052452087402  -0.1580190658569336
   4582    -0.17556895315647125  0.17186342179775238  1.0964782238006592
   4583    -0.27827155590057373  2.527794361114502  -0.5475834012031555
   4584    0.11931251734495163  0.4440140724182129  1.127897024154663
   4585    -1.1955260038375854  0.3641435503959656  0.7260257005691528
   4586    0.17187201976776123  1.259162425994873  0.7976647019386292
   4587    -1.2704603672027588  -0.1039016991853714  0.6609320640563965
   4588    0.7440482974052429  0.27161505818367004  0.719982385635376
   4589    -0.5759701728820801  2.1325812339782715  -0.011028410866856575
   4590    -0.5404573678970337  2.125058889389038  -0.044785402715206146
   4591    -0.47229617834091187  2.1357738971710205  -0.10936304926872253
   4592    -1.0375443696975708  0.38368749618530273  0.7590236067771912
   4593    0.651559054851532  -0.07370025664567947  -0.1212613433599472
   4594    -1.6988325119018555  1.6423836946487427  -0.021639404818415642
   4595    0.010568350553512573  1.0011539459228516  0.9656254053115845
   4596    -0.4052579402923584  -0.28877386450767517  -0.3807787597179413
   4597    -1.138024926185608  0.12387416511774063  0.10763516277074814
   4598    -1.7327909469604492  1.147196888923645  0.23355014622211456
   4599    0.24138852953910828  -0.31252649426460266  -0.34103548526763916
   4600    -0.9736232757568359  -0.309018075466156  0.6603031158447266
   4601    -0.30245083570480347  1.4412959814071655  0.6607105731964111
   4602    0.27357351779937744  -0.30858689546585083  0.05887477472424507
   4603    -0.6546977758407593  1.2526633739471436  -0.3506702184677124
   4604    -0.4279870092868805  2.278369188308716  -0.1705516278743744
   4605    -1.270837664604187  -0.16546320915222168  0.28350406885147095
   4606    -1.304140329360962  -0.13385134935379028  0.22034060955047607
   4607    -1.498445749282837  2.08115553855896  -0.3707837462425232
   4608    -1.8216729164123535  1.287291169166565  0.7278362512588501
   4609    -0.36014068126678467  0.4071287512779236  -0.7655726671218872
   4610    -0.009935438632965088  1.4080545902252197  0.7526683807373047
   4611    -0.8499937057495117  -0.10424496233463287  0.8298438787460327
   4612    0.35252222418785095  1.5376404523849487  0.44817349314689636
   4613    0.06291414797306061  -0.13286684453487396  -0.49591556191444397
   4614    0.3220962882041931  0.4864800274372101  1.05119788646698
   4615    0.09393756091594696  0.21594659984111786  -0.6317018270492554
   4616    -1.462660551071167  2.5561859607696533  -0.9361574649810791
   4617    -0.2871972620487213  0.9744529128074646  -0.49255821108818054
   4618    -1.1797128915786743  1.5653284788131714  0.7992085218429565
   4619    -0.24198324978351593  0.9304971694946289  1.0471259355545044
   4620    -0.21577836573123932  0.9041775465011597  1.091547966003418
   4621    -1.1504780054092407  -0.3006860613822937  0.9003526568412781
   4622    0.6089174747467041  0.5405058264732361  -0.4212987720966339
   4623    -0.6638234257698059  -0.0037552868016064167  -0.29701220989227295
   4624    0.9262831211090088  0.6461989283561707  0.2010510265827179
   4625    -1.012413501739502  1.0518935918807983  0.828343391418457
   4626    -1.7264903783798218  0.9213301539421082  0.020947489887475967
   4627    -0.9709799885749817  -0.18155983090400696  0.895215630531311
   4628    -0.9089901447296143  -0.22448329627513885  0.8938568830490112
   4629    -1.2275540828704834  1.4799351692199707  0.8577576279640198
   4630    -0.8071247339248657  0.5465147495269775  0.8637034893035889
   4631    -1.2789229154586792  -0.10732210427522659  -0.021827034652233124
   4632    -0.5336772203445435  -0.30052271485328674  0.9798359870910645
   4633    -0.283311128616333  1.0658684968948364  -0.4703902304172516
   4634    -1.3717166185379028  1.936255931854248  -0.5359123349189758
   4635    -1.1682193279266357  -0.31636732816696167  0.5486476421356201
   4636    -0.6514957547187805  0.13513894379138947  -0.23171351850032806
   4637    -1.013522982597351  0.06836123764514923  0.6539064645767212
   4638    0.41795799136161804  -0.2812579870223999  0.17569799721240997
   4639    -1.3487517833709717  1.3344590663909912  1.0192385911941528
   4640    0.7845046520233154  0.5838152170181274  -0.22039267420768738
   4641    0.2878240644931793  0.9514461159706116  -0.46412861347198486
   4642    0.6568834781646729  -0.20530302822589874  -0.0429508313536644
   4643    -1.2180143594741821  2.1098670959472656  0.09686654061079025
   4644    -1.493903398513794  1.2983006238937378  1.025834560394287
   4645    1.1915197372436523  0.17520424723625183  0.3939598798751831
   4646    -0.8011070489883423  -0.31958305835723877  -0.5904000401496887
   4647    0.009301272220909595  -0.30103254318237305  0.33041468262672424
   4648    1.0217453241348267  0.397271066904068  0.492660790681839
   4649    0.9720429182052612  0.3973050117492676  0.4839881658554077
   4650    -0.2789595127105713  0.8860960006713867  -0.6843862533569336
   4651    -1.3429152965545654  1.7729183435440063  0.8846436142921448
   4652    -0.9285027384757996  1.0387964248657227  -0.4297138750553131
   4653    -1.029870629310608  1.9253188371658325  0.2976970672607422
   4654    -0.24486416578292847  1.1866143941879272  0.8521277904510498
   4655    -0.24983032047748566  0.4467793405056  1.1138510704040527
   4656    -1.711254596710205  1.556073784828186  0.9892001152038574
   4657    -1.2923212051391602  0.7477428317070007  -0.3809487819671631
   4658    -1.0262806415557861  -0.06828076392412186  0.3788357079029083
   4659    0.9183652400970459  0.437979131937027  0.0681023895740509
   4660    0.20945845544338226  1.1204472780227661  -0.4018966257572174
   4661    -1.596536636352539  2.018749713897705  0.008418888784945011
   4662    -1.00862455368042  1.455703854560852  -0.210068941116333
   4663    -0.6938925981521606  0.2601871192455292  -0.27090775966644287
   4664    -1.5843334197998047  1.2566026449203491  -0.05184243619441986
   4665    -1.2785450220108032  1.0930805206298828  -0.33735817670822144
   4666    -1.5302348136901855  1.6727317571640015  -0.13309505581855774
   4667    -0.08139577507972717  -0.2890457510948181  0.9530990123748779
   4668    -0.8981837630271912  0.29281243681907654  -0.28412488102912903
   4669    -0.10122190415859222  0.33684301376342773  1.1250817775726318
   4670    -1.2612154483795166  2.2969374656677246  -0.6652811169624329
   4671    -0.4512940049171448  2.6945600509643555  -0.24598999321460724
   4672    -0.38778582215309143  2.6157732009887695  -0.4691542983055115
   4673    -1.186137080192566  1.644368290901184  -0.1399265080690384
   4674    -0.2965250015258789  0.45630523562431335  1.1062064170837402
   4675    -1.2804429531097412  1.852247953414917  -0.1644819676876068
   4676    -0.9461560249328613  0.7951873540878296  -0.44045379757881165
   4677    -0.9785727858543396  0.761038064956665  -0.436181902885437
   4678    -1.1562999486923218  -0.10027395933866501  0.5159327983856201
   4679    -0.7554546594619751  2.280305862426758  -0.002045314759016037
   4680    -0.7990327477455139  2.2805771827697754  0.06258279085159302
   4681    -0.5538653135299683  2.627210855484009  -0.16869643330574036
   4682    0.8571009635925293  0.5930681228637695  -0.09590838849544525
   4683    -0.8544875383377075  2.186840534210205  0.09386782348155975
   4684    0.7875201106071472  0.1530795693397522  0.616899847984314
   4685    1.1875649690628052  0.30131882429122925  0.4225192368030548
   4686    -1.7477662563323975  0.8282614946365356  0.08090678602457047
   4687    -1.7860548496246338  0.8995206952095032  0.3984033465385437
   4688    -1.0162854194641113  0.3430996239185333  -0.25572505593299866
   4689    -0.9669345617294312  0.2602488100528717  -0.2480001002550125
   4690    0.07880053669214249  -0.2252987176179886  -0.235881969332695
   4691    -0.3276515305042267  1.3028982877731323  -0.3362666666507721
   4692    -0.4202761650085449  1.3330661058425903  -0.2852240800857544
   4693    0.2516091465950012  1.560565710067749  -0.02511763572692871
   4694    -0.4808256924152374  0.2751794457435608  -0.668241024017334
   4695    0.5033217668533325  1.144913673400879  0.774647057056427
   4696    -1.269811749458313  -0.1738901436328888  0.8054593801498413
   4697    0.8399868607521057  -0.13376972079277039  -0.016995422542095184
   4698    1.1537224054336548  0.4386653006076813  0.23664048314094543
   4699    0.8425499200820923  0.5552441477775574  0.5806599259376526
   4700    0.7193762063980103  0.9525958299636841  -0.23156721889972687
   4701    -1.0556104183197021  0.18890643119812012  0.5352782011032104
   4702    -0.776559054851532  -0.12844017148017883  0.8224114775657654
   4703    0.2932473421096802  1.3998613357543945  0.6983045935630798
   4704    -1.605783224105835  1.1717902421951294  0.6191298365592957
   4705    -0.7378368973731995  1.5406274795532227  -0.007117490284144878
   4706    0.2622363567352295  -0.10694959759712219  0.8835896849632263
   4707    -1.284906268119812  0.6454216241836548  -0.38089627027511597
   4708    -1.3979027271270752  2.470919132232666  -0.818498432636261
   4709    -0.2122981995344162  1.074598789215088  0.8712719678878784
   4710    -1.7498382329940796  2.0039267539978027  0.19292175769805908
   4711    -0.8514312505722046  0.7536938190460205  -0.4333276152610779
   4712    -1.1233493089675903  1.8015848398208618  -0.0709439143538475
   4713    -0.6093910336494446  0.6283446550369263  -0.6621527671813965
   4714    -0.8869316577911377  1.4607800245285034  0.4932582676410675
   4715    -1.5186620950698853  2.001019239425659  -0.15907223522663116
   4716    0.9247853755950928  0.23790740966796875  -0.06585298478603363
   4717    -0.23600463569164276  0.7117221355438232  -0.7737383842468262
   4718    0.8823014497756958  0.46147286891937256  0.49533888697624207
   4719    -0.8899110555648804  -0.0854707732796669  0.8317227363586426
   4720    0.8324851989746094  0.41198745369911194  0.5908642411231995
   4721    -0.5839450359344482  1.5031523704528809  0.3460947871208191
   4722    -0.35269537568092346  0.26862993836402893  -0.7251285314559937
   4723    -1.079176425933838  -0.061628129333257675  0.4913979768753052
   4724    0.4305919110774994  0.43844589591026306  -0.5446984171867371
   4725    -1.8270195722579956  1.3067139387130737  0.6570262312889099
   4726    -0.054957132786512375  -0.24426130950450897  0.17736943066120148
   4727    -0.15772049129009247  -0.06543969362974167  -0.598514199256897
   4728    -0.938928484916687  0.8764485120773315  0.8746863007545471
   4729    -1.5868769884109497  1.1018710136413574  0.6416651010513306
   4730    -1.595154881477356  1.1729121208190918  -0.08248773217201233
   4731    -0.782755434513092  2.3658535480499268  0.05302629619836807
   4732    0.04323281720280647  0.11805258691310883  1.0751938819885254
   4733    -0.9114885926246643  0.7624715566635132  0.8831819891929626
   4734    -0.42275020480155945  -0.11645670980215073  1.0651648044586182
   4735    -1.1726969480514526  0.15595032274723053  0.2746073603630066
   4736    -0.1949416995048523  0.9854565858840942  -0.5043639540672302
   4737    1.0048391819000244  0.46405157446861267  0.3496348261833191
   4738    -0.5055273771286011  2.406987190246582  -0.225111186504364
   4739    0.8863321542739868  -0.08249270170927048  0.5611209273338318
   4740    -0.12790408730506897  1.1026018857955933  0.8810814619064331
   4741    -0.8009809851646423  1.4031901359558105  -0.2523382306098938
   4742    -1.3008925914764404  -0.18640072643756866  0.6416178941726685
   4743    -1.316286325454712  -0.18928006291389465  0.689092218875885
   4744    -1.3031692504882812  -0.1965191513299942  0.7595447897911072
   4745    -1.4907472133636475  0.7276394963264465  -0.30059507489204407
   4746    -1.6728883981704712  0.6326549649238586  0.020894799381494522
   4747    -1.5363247394561768  2.1418819427490234  -0.20614835619926453
   4748    -1.7956278324127197  1.713384747505188  0.7497665882110596
   4749    -0.32563456892967224  1.3618879318237305  -0.2857201397418976
   4750    1.0896958112716675  0.12454750388860703  0.5437558889389038
   4751    1.115024447441101  0.20357856154441833  0.532950222492218
   4752    -0.8555237650871277  1.253086805343628  -0.3336057662963867
   4753    -1.7111979722976685  2.027860164642334  0.5605353116989136
   4754    -1.0974526405334473  0.31786468625068665  -0.2014041692018509
   4755    0.6902928948402405  0.04157431051135063  -0.13769318163394928
   4756    -1.7139718532562256  0.778964638710022  -0.012309899553656578
   4757    -0.3889312446117401  2.683521270751953  -0.3057934045791626
   4758    -0.369261234998703  2.719973564147949  -0.3400703966617584
   4759    -0.33031216263771057  0.641525387763977  -0.7897131443023682
   4760    -1.1229979991912842  0.8834301233291626  0.8975661396980286
   4761    0.0004998501972295344  0.1533224880695343  1.0918797254562378
   4762    -1.1498349905014038  -0.029187144711613655  0.1622115671634674
   4763    0.9095135927200317  0.8557544350624084  0.14082054793834686
   4764    0.6256634593009949  0.07923073321580887  -0.28297159075737
   4765    -1.5189942121505737  1.457162618637085  1.060261845588684
   4766    -1.778707504272461  1.5476198196411133  0.0714433416724205
   4767    0.598979651927948  0.6497892737388611  -0.40325912833213806
   4768    0.44948214292526245  -0.3127489984035492  0.12016944587230682
   4769    -1.1403675079345703  -0.12090115994215012  0.3158305585384369
   4770    0.9472689032554626  -0.14078183472156525  0.11504428833723068
   4771    0.21866236627101898  -0.02216149866580963  0.9660513997077942
   4772    -1.407286286354065  0.8902533650398254  -0.3222934901714325
   4773    0.24838468432426453  -0.3157412111759186  -0.26755401492118835
   4774    0.7757409811019897  -0.17367257177829742  0.5163693428039551
   4775    -0.34745651483535767  2.3958895206451416  -0.30446919798851013
   4776    0.05086744204163551  0.17865397036075592  1.1003974676132202
   4777    -0.014065015129745007  0.23619912564754486  1.1297459602355957
   4778    -0.8868154883384705  0.8700429201126099  -0.44367021322250366
   4779    -0.7765294909477234  0.8655641078948975  -0.46710532903671265
   4780    -1.2571710348129272  2.230073928833008  -0.9892626404762268
   4781    -0.8082411885261536  0.6809489130973816  0.8659923076629639
   4782    -0.8173952102661133  0.7831944823265076  0.8531931638717651
   4783    -1.6881434917449951  2.0021727085113525  0.09831394255161285
   4784    0.14623183012008667  1.3843127489089966  0.7433651089668274
   4785    0.14611926674842834  1.467361569404602  0.6882073283195496
   4786    -1.88303542137146  1.5044656991958618  0.48324766755104065
   4787    -0.4505953788757324  0.9183115363121033  0.9120320677757263
   4788    -0.7529063820838928  1.2932288646697998  -0.32683849334716797
   4789    0.7196403741836548  -0.2047661989927292  -0.023291420191526413
   4790    0.3701270818710327  -0.2656371295452118  -0.2855210602283478
   4791    -1.3115692138671875  -0.3244093656539917  0.20677264034748077
   4792    -1.4182958602905273  2.5580313205718994  -1.1251741647720337
   4793    -1.3107980489730835  1.4329323768615723  -0.17781758308410645
   4794    -0.4744907021522522  0.7613821029663086  -0.7347514629364014
   4795    -1.5233930349349976  0.9447596669197083  0.7507468461990356
   4796    -0.8645705580711365  1.2047083377838135  0.757509708404541
   4797    -0.9320815801620483  2.145421266555786  0.16574564576148987
   4798    -0.9611225724220276  2.0705883502960205  0.20317982137203217
   4799    -0.07919369637966156  0.007711298763751984  1.0426315069198608
   4800    -1.7080693244934082  1.493265986442566  0.9798710942268372
   4801    -0.2412855625152588  -0.22121047973632812  -0.27227547764778137
   4802    0.6254541277885437  -0.2981683313846588  0.22268420457839966
   4803    -0.5661105513572693  -0.22738215327262878  -0.2474881261587143
   4804    0.05790235102176666  0.6430793404579163  1.1414670944213867
   4805    1.1006792783737183  0.049292102456092834  0.4803445339202881
   4806    0.6276760697364807  1.1455965042114258  0.6868709325790405
   4807    -1.8570201396942139  1.5799646377563477  0.5264052748680115
   4808    -1.0025670528411865  0.6991326808929443  0.9083519577980042
   4809    -1.3006172180175781  2.1142868995666504  -0.9130032062530518
   4810    -1.5296719074249268  2.315040111541748  -0.4656398594379425
   4811    -1.5132088661193848  2.3503353595733643  -0.49991312623023987
   4812    -1.6506595611572266  1.2086126804351807  0.5758834481239319
   4813    -0.9689539074897766  -0.05874313414096832  0.8043999671936035
   4814    -0.8405036330223083  -0.23533301055431366  -0.5359656810760498
   4815    1.0131800174713135  0.058622073382139206  -0.06844035536050797
   4816    0.1934584677219391  0.7336920499801636  1.1079132556915283
   4817    -0.9967775344848633  1.4838014841079712  0.6444360017776489
   4818    -0.9760187864303589  1.3997386693954468  0.6182951331138611
   4819    -1.520010232925415  1.781886100769043  -0.12316064536571503
   4820    -0.3995630443096161  -0.24894176423549652  1.0677272081375122
   4821    0.4717814028263092  0.3462264835834503  -0.5110073089599609
   4822    -0.1455938071012497  0.4668995440006256  1.161818504333496
   4823    0.5665731430053711  1.4296547174453735  0.2830889821052551
   4824    -1.0245122909545898  1.8008270263671875  0.029634729027748108
   4825    0.4009355902671814  -0.07751335203647614  -0.4257877469062805
   4826    -1.5796775817871094  0.5954502820968628  -0.14594699442386627
   4827    -1.4118335247039795  2.4651732444763184  -1.0653777122497559
   4828    0.30240002274513245  1.3043458461761475  0.7440972328186035
   4829    -1.786571979522705  0.8988885879516602  0.34478387236595154
   4830    -1.4437819719314575  0.3931039869785309  -0.09213899821043015
   4831    0.7045472264289856  0.25561824440956116  0.7660285234451294
   4832    -0.6608307957649231  0.30574190616607666  -0.35411977767944336
   4833    0.5773815512657166  0.10672236979007721  0.8007161021232605
   4834    -1.7766634225845337  1.9009523391723633  0.6191650629043579
   4835    -0.9273201823234558  1.2072086334228516  -0.35916462540626526
   4836    -1.25802743434906  2.0208663940429688  -0.13793037831783295
   4837    0.07448101788759232  0.8067024350166321  -0.664186418056488
   4838    -1.8771361112594604  1.3643699884414673  0.37350547313690186
   4839    -0.5124297142028809  0.9068368673324585  -0.5040085315704346
   4840    -0.506217360496521  0.8934866189956665  -0.5371299982070923
   4841    -1.114046573638916  0.2890394330024719  -0.1625053584575653
   4842    -1.183151125907898  0.2899946868419647  -0.1487891674041748
   4843    -1.2027515172958374  0.25844496488571167  -0.10604788362979889
   4844    -1.3067160844802856  1.6444023847579956  0.8577386736869812
   4845    -1.3258088827133179  1.6870008707046509  0.8732832670211792
   4846    -0.46394026279449463  -0.02754124253988266  0.988422155380249
   4847    -1.795040249824524  0.8236124515533447  0.27557897567749023
   4848    -1.252738356590271  1.7358964681625366  0.7301194667816162
   4849    -0.5953325629234314  -0.3096402883529663  0.8219456076622009
   4850    0.6098858714103699  -0.2740398347377777  0.05811946466565132
   4851    0.538581132888794  -0.2928685247898102  0.061142053455114365
   4852    0.5830129384994507  0.3999730944633484  0.8362559676170349
   4853    0.7149094343185425  1.2375003099441528  0.034684743732213974
   4854    -1.5027843713760376  0.4243842661380768  0.5762037038803101
   4855    -0.0037962100468575954  -0.21643389761447906  0.6175821423530579
   4856    -0.9550988078117371  0.601276159286499  -0.40011465549468994
   4857    -0.01958642341196537  0.2831549346446991  -0.6872290968894958
   4858    0.22425147891044617  -0.2789657711982727  0.893556535243988
   4859    0.27045565843582153  -0.3062953054904938  0.6813442707061768
   4860    0.22878329455852509  -0.3064191937446594  0.8367197513580322
   4861    0.5587577819824219  0.7562062740325928  0.8943232893943787
   4862    -1.3853540420532227  2.267942428588867  -0.28369587659835815
   4863    -1.6964993476867676  1.2996442317962646  0.004185468889772892
   4864    -0.5369997620582581  1.4658957719802856  0.4349864721298218
   4865    0.037225142121315  1.6289048194885254  0.15019966661930084
   4866    0.08708766847848892  -0.29987677931785583  -0.008388293907046318
   4867    0.3780573010444641  0.08420643210411072  0.9515355229377747
   4868    -0.2609822452068329  1.0216176509857178  0.8743174076080322
   4869    -0.20842358469963074  2.5998873710632324  -0.5905540585517883
   4870    -0.9983177781105042  1.8936357498168945  0.2147275060415268
   4871    -0.9833941459655762  1.8096901178359985  0.20657971501350403
   4872    -0.02332557737827301  0.9690422415733337  -0.5449069738388062
   4873    -0.7286415696144104  -0.31058892607688904  0.7414132952690125
   4874    -1.1886752843856812  -0.30459287762641907  -0.20390015840530396
   4875    -1.8621323108673096  1.3608440160751343  0.25609105825424194
   4876    -1.1080174446105957  0.4742048978805542  0.8245022892951965
   4877    -1.6645771265029907  0.5506848692893982  0.41747429966926575
   4878    -1.1927076578140259  0.20969246327877045  -0.017018208280205727
   4879    0.2897879481315613  1.5607041120529175  0.48975759744644165
   4880    -1.00130033493042  -0.06541412323713303  -0.178258016705513
   4881    -0.6892334222793579  0.5439014434814453  -0.4712888300418854
   4882    -0.21464255452156067  2.4015471935272217  -0.38304054737091064
   4883    -0.5504904389381409  2.278026819229126  -0.11913769692182541
   4884    -0.7392942309379578  0.8698052167892456  0.8813789486885071
   4885    0.5754857063293457  1.398984670639038  0.4789503514766693
   4886    0.4764033854007721  1.3866091966629028  0.6229249835014343
   4887    0.5181431770324707  1.3991669416427612  0.5579408407211304
   4888    -1.619483232498169  1.926208257675171  -0.013524143025279045
   4889    -1.4408822059631348  0.5761809945106506  0.7694946527481079
   4890    -0.07075747102499008  -0.23571433126926422  0.293363094329834
   4891    -0.7814900279045105  0.06045720353722572  0.78522789478302
   4892    -0.9955893754959106  -0.2897825539112091  -0.2520684003829956
   4893    -1.555379867553711  0.5197017192840576  0.6086110472679138
   4894    -1.1297770738601685  1.4852566719055176  0.796996533870697
   4895    0.07252035290002823  -0.214336097240448  0.9182122349739075
   4896    0.22039100527763367  1.0624631643295288  0.927586555480957
   4897    0.1320304423570633  1.0012080669403076  0.9449436664581299
   4898    -0.5860262513160706  -0.15425270795822144  1.033728003501892
   4899    -1.2491748332977295  1.9974826574325562  -0.19150687754154205
   4900    -1.1897400617599487  0.16780520975589752  0.1800883561372757
   4901    -0.4666167199611664  1.1506915092468262  -0.4359731674194336
   4902    -0.38237449526786804  1.1524258852005005  -0.4431423246860504
   4903    -1.5539758205413818  2.2122154235839844  -0.5229274034500122
   4904    -1.1967699527740479  -0.22996200621128082  0.39971399307250977
   4905    -1.0520074367523193  1.425197958946228  -0.22260919213294983
   4906    -1.182244062423706  -0.0804515853524208  0.8377891182899475
   4907    -1.619059681892395  0.8937075138092041  0.67457115650177
   4908    -0.10090577602386475  1.3973681926727295  -0.2662050724029541
   4909    0.04220540076494217  1.0205575227737427  -0.4516417980194092
   4910    0.35572874546051025  0.5038349628448486  1.0492584705352783
   4911    -0.8652570247650146  0.3977760672569275  0.83840411901474
   4912    -0.1437399834394455  1.1466811895370483  -0.4557158648967743
   4913    -1.6239962577819824  0.6032702326774597  -0.08189739286899567
   4914    -1.145998239517212  1.475610613822937  -0.15016521513462067
   4915    -0.5492264628410339  0.32743218541145325  0.7793541550636292
   4916    -1.3697959184646606  0.41047006845474243  -0.19525495171546936
   4917    -0.47963619232177734  -0.22624388337135315  -0.5790510177612305
   4918    0.5310818552970886  1.4535582065582275  0.1465156376361847
   4919    -1.422963261604309  2.1495707035064697  -0.865799069404602
   4920    -1.4320461750030518  2.132584810256958  -0.8080846071243286
   4921    -1.2046847343444824  1.6579861640930176  0.7590385675430298
   4922    0.19758056104183197  -0.04191313683986664  -0.5419661402702332
   4923    0.26149699091911316  -0.06799966096878052  -0.5032498240470886
   4924    -0.9632315039634705  1.8853075504302979  0.06822491437196732
   4925    -0.9086268544197083  1.9239839315414429  0.0992947667837143
   4926    -1.3942874670028687  1.291771650314331  -0.1757490187883377
   4927    -0.6042267084121704  0.12474574148654938  -0.39274537563323975
   4928    -0.12711405754089355  -0.22005021572113037  0.6627028584480286
   4929    0.31873437762260437  -0.30706676840782166  -0.12185127288103104
   4930    0.49170157313346863  0.1972314715385437  0.897350013256073
   4931    0.5409677624702454  0.30396828055381775  0.877690851688385
   4932    0.49879539012908936  0.350140780210495  0.8906272053718567
   4933    0.967279314994812  0.425961434841156  0.10373076051473618
   4934    -0.18136028945446014  0.8089059591293335  -0.7287095189094543
   4935    -1.7648245096206665  0.7393745183944702  0.1673954725265503
   4936    -0.1905393898487091  0.617903470993042  1.1625196933746338
   4937    0.07882007956504822  0.6734784245491028  -0.6844673156738281
   4938    -0.5755647420883179  0.193863183259964  -0.5011630654335022
   4939    -1.1411027908325195  0.02924969792366028  0.11368787288665771
   4940    -1.1439416408538818  0.06707864999771118  0.05263291299343109
   4941    -0.8864960670471191  -0.29845482110977173  0.8578909039497375
   4942    -0.2727210223674774  0.8626479506492615  1.1083595752716064
   4943    -1.3214304447174072  0.9157183766365051  0.846142590045929
   4944    0.4147651195526123  0.5402739644050598  -0.5369102954864502
   4945    0.3727351427078247  0.5229727029800415  -0.5588150024414062
   4946    -0.6706249117851257  0.14177986979484558  -0.2204580157995224
   4947    -0.8761762380599976  2.053358793258667  -0.1365213692188263
   4948    -1.3134765625  1.341575026512146  -0.18720005452632904
   4949    -1.780377745628357  0.8832865953445435  0.23560136556625366
   4950    -0.6587662696838379  0.7143107056617737  -0.5111348032951355
   4951    -0.6536785364151001  0.6280437111854553  -0.5886622071266174
   4952    -0.6608247756958008  0.6565746068954468  -0.5517963767051697
   4953    -1.2480130195617676  2.3482728004455566  -0.9578558206558228
   4954    -0.622445285320282  1.5210092067718506  0.16097590327262878
   4955    -0.35535597801208496  -0.2354729175567627  0.4010113477706909
   4956    -1.6440162658691406  2.0267064571380615  0.06969670951366425
   4957    -1.716140866279602  1.958868145942688  0.1363333761692047
   4958    0.8945585489273071  0.568080484867096  -0.023687973618507385
   4959    -1.7883515357971191  1.9180887937545776  0.21472260355949402
   4960    0.4175056517124176  -0.22686854004859924  -0.1688869744539261
   4961    -1.6752833127975464  1.1800299882888794  0.5130527019500732
   4962    -1.6590125560760498  1.150421142578125  0.5342840552330017
   4963    -0.40845125913619995  -0.2262563854455948  -0.252312034368515
   4964    -0.3997497856616974  -0.22894906997680664  -0.1623554527759552
   4965    -0.414907306432724  -0.22900842130184174  -0.10452467203140259
   4966    0.8062086701393127  -0.007767911534756422  0.6489692330360413
   4967    -0.8458197116851807  0.4935130178928375  -0.3691475987434387
   4968    0.8489152789115906  0.752170979976654  0.5621890425682068
   4969    -0.6446772217750549  -0.31782469153404236  0.4457351267337799
   4970    0.5393075942993164  0.5838878750801086  0.926090657711029
   4971    -0.8012598752975464  -0.0813104659318924  -0.4230287969112396
   4972    -1.6368424892425537  0.4831504821777344  0.0973086953163147
   4973    0.3494393825531006  -0.019497007131576538  0.8734148144721985
   4974    -1.188063383102417  0.747158944606781  0.8986482620239258
   4975    -1.1444978713989258  0.7001122236251831  0.8873493075370789
   4976    0.6634894609451294  -0.2139269858598709  0.5082077980041504
   4977    -0.18486112356185913  1.2081013917922974  0.855064332485199
   4978    0.57396399974823  0.6412136554718018  0.8891893625259399
   4979    0.05717070773243904  1.1934154033660889  0.849578320980072
   4980    0.9287226796150208  0.08217868208885193  -0.11778250336647034
   4981    -0.6777318716049194  2.4690561294555664  -0.2855508029460907
   4982    -1.5701887607574463  2.3344953060150146  -0.618119478225708
   4983    -0.84876948595047  1.5597373247146606  0.3137804865837097
   4984    0.14539209008216858  -0.11791516095399857  0.9110630750656128
   4985    0.14943160116672516  -0.08269800245761871  0.9562219977378845
   4986    0.4125390946865082  1.2236214876174927  -0.30305564403533936
   4987    -0.4098171889781952  -0.23494838178157806  0.057706959545612335
   4988    -0.6979185342788696  0.5556133985519409  0.835698127746582
   4989    -1.508976936340332  2.0962650775909424  0.04538138955831528
   4990    -1.8424824476242065  1.3353670835494995  0.8114079833030701
   4991    -1.1221100091934204  2.1650800704956055  0.004137979820370674
   4992    -0.18419967591762543  1.5847065448760986  0.46547451615333557
   4993    0.846481442451477  -0.07046105712652206  0.6084190607070923
   4994    -1.5666004419326782  2.264091968536377  -0.6124953031539917
   4995    -0.9891959428787231  -0.3270924985408783  -0.0024185951333492994
   4996    -0.7622984647750854  0.8239059448242188  0.8707691431045532
   4997    -1.6439422369003296  0.5672664046287537  0.521653413772583
   4998    -1.6613216400146484  0.5836623907089233  0.4719519019126892
   4999    -1.071771264076233  1.9260644912719727  -0.027493730187416077
   5000    1.1774481534957886  0.09321076422929764  0.3242902159690857
   5001    0.3542186915874481  1.4544038772583008  -0.13518738746643066
   5002    1.0403831005096436  0.2754628658294678  -0.03796737268567085
   5003    -0.716150164604187  2.437488317489624  -0.2662658095359802
   5004    -0.7441311478614807  2.378506898880005  -0.2654782235622406
   5005    -0.3910138010978699  1.0824917554855347  -0.4588446617126465
   5006    -0.2793593108654022  0.28877606987953186  -0.7426817417144775
   5007    -0.7688066959381104  1.1895357370376587  0.7405729293823242
   5008    -0.4320124685764313  -0.23043495416641235  -0.5718854665756226
   5009    -0.07834253460168839  0.715600848197937  -0.742837131023407
   5010    -0.6728382110595703  2.111436367034912  -0.19660337269306183
   5011    -1.0331405401229858  1.5210446119308472  -0.12226872891187668
   5012    -0.8749814033508301  -0.3229685425758362  0.13297662138938904
   5013    0.76536625623703  0.5175010561943054  -0.22637251019477844
   5014    -0.19376401603221893  1.5926579236984253  0.09316928684711456
   5015    -1.2565160989761353  0.37971243262290955  -0.24543029069900513
   5016    -0.44006824493408203  2.702098846435547  -0.35463419556617737
   5017    -1.2830899953842163  -0.21639199554920197  0.5271660089492798
   5018    -0.5022071599960327  -0.23674601316452026  0.5087738633155823
   5019    0.3229542076587677  -0.2961364686489105  0.05657002702355385
   5020    -1.4075795412063599  0.2511472702026367  0.3565142750740051
   5021    -0.9325078725814819  1.2604947090148926  0.7057947516441345
   5022    -1.0742145776748657  1.3355484008789062  0.6926261186599731
   5023    1.2088624238967896  0.1767691820859909  0.2809070348739624
   5024    -0.2712075412273407  0.05161789059638977  -0.6502214670181274
   5025    -0.2918233275413513  -0.012947856448590755  -0.6211497783660889
   5026    -1.131947636604309  1.9692158699035645  0.6145001649856567
   5027    -0.034923773258924484  1.3053431510925293  0.8208349347114563
   5028    0.5694904923439026  0.984274685382843  -0.34359708428382874
   5029    0.9726076722145081  -0.11064902693033218  0.06994355469942093
   5030    -0.5815288424491882  1.4175639152526855  -0.1766086220741272
   5031    0.09286653250455856  0.34309083223342896  1.1165921688079834
   5032    -1.534436583518982  2.400041103363037  -0.6458091735839844
   5033    0.817430317401886  0.7208172082901001  0.6372436881065369
   5034    -0.6609879732131958  1.4901487827301025  0.43094488978385925
   5035    -0.21411459147930145  2.303826332092285  -0.323892205953598
   5036    -0.23682227730751038  2.2794315814971924  -0.3467365801334381
   5037    -1.5965576171875  2.007279872894287  0.7141790390014648
   5038    0.20263433456420898  1.41807222366333  -0.26576247811317444
   5039    -1.6840500831604004  0.9888092875480652  0.5829282999038696
   5040    0.3183256685733795  -0.13395309448242188  -0.47013214230537415
   5041    -1.5347011089324951  0.4563289284706116  -0.10706239938735962
   5042    -1.7110508680343628  1.2073289155960083  0.12157084047794342
   5043    0.0026284886989742517  -0.0660591572523117  -0.5754873752593994
   5044    -1.0273337364196777  0.008666894398629665  0.6783955693244934
   5045    0.03619988262653351  -0.2772909104824066  -0.48616495728492737
   5046    -0.38078927993774414  0.02065901830792427  0.9336682558059692
   5047    -1.6981074810028076  1.7081295251846313  0.006944623775780201
   5048    0.8522098064422607  0.007160583045333624  -0.1305791437625885
   5049    -1.764611840248108  0.7203147411346436  0.23941639065742493
   5050    0.26434239745140076  0.37783974409103394  -0.6250824332237244
   5051    -0.38801443576812744  0.9724404811859131  0.89116370677948
   5052    0.12628966569900513  1.0597128868103027  0.8964939713478088
   5053    0.14767789840698242  1.1103968620300293  0.8454477787017822
   5054    -1.587011694908142  0.47835618257522583  -0.04446304216980934
   5055    -1.5728479623794556  0.46462398767471313  0.010907360352575779
   5056    -0.1822565644979477  -0.1312887817621231  -0.5238169431686401
   5057    0.8146920800209045  1.110849142074585  0.09683054685592651
   5058    -0.17524650692939758  -0.1526920348405838  0.986943244934082
   5059    -1.2080618143081665  -0.09124807268381119  -0.05657035857439041
   5060    -1.517686128616333  1.9421659708023071  -0.18559281527996063
   5061    -1.7605129480361938  1.2539103031158447  0.8431719541549683
   5062    0.37792789936065674  0.027135102078318596  -0.5140699148178101
   5063    0.4353697597980499  -0.04531354084610939  0.8140163421630859
   5064    -0.24830301105976105  0.9448745250701904  -0.6000000238418579
   5065    -1.2670409679412842  -0.21893936395645142  0.32623621821403503
   5066    -0.5754963755607605  0.023589950054883957  0.8240076899528503
   5067    0.8965345025062561  0.36194562911987305  0.5021470785140991
   5068    -0.5866151452064514  0.000986568396911025  0.8642081022262573
   5069    -1.1042269468307495  1.8774007558822632  0.6060842275619507
   5070    -0.47938841581344604  0.17299948632717133  0.8402782082557678
   5071    -0.31304672360420227  2.569840431213379  -0.39678001403808594
   5072    -0.7446924448013306  -0.030395643785595894  -0.26852452754974365
   5073    -0.7427747249603271  -0.26461735367774963  0.9004049301147461
   5074    -1.6684414148330688  0.9175359010696411  -0.09494654834270477
   5075    -1.41068434715271  1.3419517278671265  1.0533592700958252
   5076    0.02128569781780243  -0.29840803146362305  0.9083612561225891
   5077    0.0633656457066536  -0.2708359658718109  0.9259322881698608
   5078    -1.322991132736206  1.9860022068023682  -0.6613999605178833
   5079    0.388200581073761  -0.27730849385261536  0.7741344571113586
   5080    -0.09695394337177277  -0.08617910742759705  0.9416323304176331
   5081    -1.3544864654541016  -0.3283238410949707  0.07867381721735
   5082    -1.3490158319473267  -0.33161625266075134  0.008552203886210918
   5083    -0.5895500183105469  2.5452001094818115  -0.1011762022972107
   5084    -1.3685446977615356  2.3552160263061523  -0.4959467053413391
   5085    -0.11629367619752884  -0.3049948513507843  0.923601508140564
   5086    -0.0930626392364502  1.2989965677261353  -0.34295496344566345
   5087    -0.06125124543905258  0.03480280190706253  -0.625975489616394
   5088    -1.4462695121765137  0.5962937474250793  -0.29166746139526367
   5089    0.30598723888397217  1.1319336891174316  -0.36650553345680237
   5090    0.23010464012622833  1.1913456916809082  -0.3820120096206665
   5091    -0.9700438380241394  1.5404382944107056  -0.10424241423606873
   5092    -1.3113555908203125  -0.30768951773643494  0.3013129234313965
   5093    -0.7772599458694458  2.493010997772217  -0.1283213049173355
   5094    0.10029679536819458  0.9213360548019409  -0.5856283903121948
   5095    -0.7169115543365479  -0.3078576624393463  0.8162022233009338
   5096    -0.15860618650913239  -0.018973639234900475  1.007178544998169
   5097    0.3402893841266632  -0.30235913395881653  0.5525366067886353
   5098    0.0007874657167121768  1.4571114778518677  0.7021306753158569
   5099    -0.2879439890384674  1.1550105810165405  -0.4223281741142273
   5100    -0.5935659408569336  2.4290313720703125  -0.15381695330142975
   5101    -1.0373800992965698  2.250753164291382  0.09785237908363342
   5102    -1.4897962808609009  2.5248982906341553  -0.868571400642395
   5103    0.8484811186790466  0.8174046874046326  -0.1264410763978958
   5104    -1.2228718996047974  1.1298832893371582  -0.34392374753952026
   5105    0.09666255861520767  1.5589468479156494  -0.08572376519441605
   5106    -0.7580000162124634  1.187523365020752  -0.3888005018234253
   5107    -1.484028697013855  1.6365201473236084  -0.15292496979236603
   5108    -1.6976161003112793  1.2180448770523071  0.8148714900016785
   5109    -1.6400634050369263  1.198743462562561  0.7462548613548279
   5110    -0.4385533034801483  1.3937175273895264  -0.22880159318447113
   5111    -0.3609931766986847  1.4467014074325562  -0.15971538424491882
   5112    -0.418742299079895  -0.2327631711959839  -0.055799804627895355
   5113    -0.8178718686103821  -0.32612791657447815  -0.3528767228126526
   5114    0.7512155175209045  1.0502833127975464  0.5928255915641785
   5115    0.38185593485832214  0.44302603602409363  1.0154492855072021
   5116    0.769449770450592  0.869424045085907  0.6795917749404907
   5117    -0.47679686546325684  0.4770640730857849  0.9908245205879211
   5118    -1.0684605836868286  2.017782688140869  -0.058494459837675095
   5119    -0.12292250245809555  -0.22732478380203247  0.05636094883084297
   5120    -1.1937682628631592  -0.0592348538339138  0.6614609360694885
   5121    0.3347339332103729  1.1737014055252075  -0.34772300720214844
   5122    -1.5902050733566284  1.2774112224578857  0.9356314539909363
   5123    -1.310110092163086  -0.20242777466773987  0.5930132865905762
   5124    -0.6565389633178711  2.0607094764709473  -0.09829595685005188
   5125    -0.11989244818687439  1.420967936515808  0.7301204800605774
   5126    -1.1102885007858276  0.17195627093315125  0.42651844024658203
   5127    -1.1532546281814575  0.1813742220401764  0.43260228633880615
   5128    -1.371740698814392  0.8362677693367004  0.846501886844635
   5129    -0.22626309096813202  1.0041297674179077  -0.4839869737625122
   5130    -1.4372711181640625  1.4361308813095093  1.0724669694900513
   5131    -0.40853890776634216  0.1322646141052246  0.9445375800132751
   5132    0.047474559396505356  1.458255648612976  -0.21441181004047394
   5133    -1.7833865880966187  1.4663188457489014  0.9264149069786072
   5134    -1.2321985960006714  2.155458927154541  -0.4479036331176758
   5135    -1.071433663368225  0.8915069103240967  -0.4367057681083679
   5136    -0.5375286340713501  -0.2239067703485489  0.7260226011276245
   5137    -0.4724203646183014  0.848182201385498  0.9926723837852478
   5138    -1.7724744081497192  0.7906345725059509  0.4340784549713135
   5139    -1.167378544807434  1.8083032369613647  -0.09630973637104034
   5140    -0.25539103150367737  -0.03586432710289955  0.9658187031745911
   5141    -0.339831680059433  1.545343041419983  0.4318932294845581
   5142    -1.5428476333618164  1.1700729131698608  0.7435311079025269
   5143    -1.358930230140686  2.4435794353485107  -0.8113186359405518
   5144    1.0434753894805908  -0.03596141189336777  0.45997872948646545
   5145    -1.0362259149551392  0.49467894434928894  0.8497560024261475
   5146    -1.6505802869796753  0.49777212738990784  0.15751031041145325
   5147    0.4824712574481964  -0.30346739292144775  0.2453926056623459
   5148    0.5049625039100647  -0.31272953748703003  0.18514326214790344
   5149    0.9026650786399841  0.17902112007141113  0.635667622089386
   5150    0.6129194498062134  -0.2068203091621399  0.5380315780639648
   5151    -1.4962468147277832  2.1373260021209717  -0.4685904085636139
   5152    0.2800368666648865  1.0994415283203125  0.8871670365333557
   5153    0.009960941970348358  -0.16197524964809418  -0.49278023838996887
   5154    0.7725301384925842  0.18857446312904358  -0.13115409016609192
   5155    -1.507865309715271  2.0287797451019287  -0.2514902353286743
   5156    0.4897318482398987  1.487372875213623  0.3596040904521942
   5157    -1.34038507938385  -0.2564089894294739  0.6375274658203125
   5158    0.3581145107746124  -0.3101971745491028  -0.005796128883957863
   5159    0.7951214909553528  0.8129554390907288  -0.21970465779304504
   5160    -0.8101425766944885  0.32560309767723083  0.8338273763656616
   5161    -0.5834025144577026  2.376939296722412  -0.1641182005405426
   5162    -1.180269718170166  1.0954079627990723  -0.36771926283836365
   5163    -0.09048518538475037  0.22427478432655334  1.1101064682006836
   5164    -1.0428218841552734  -0.3094187080860138  0.7982533574104309
   5165    -0.9183025360107422  -0.3087230324745178  0.8041020631790161
   5166    -1.404192566871643  2.1490957736968994  -0.9558234810829163
   5167    0.4100295305252075  1.1830518245697021  0.7850303649902344
   5168    -0.14385394752025604  -0.22193512320518494  0.6072514057159424
   5169    -0.33646899461746216  -0.22560906410217285  0.6333818435668945
   5170    -0.5612541437149048  1.4055055379867554  0.5606141090393066
   5171    0.11403428018093109  1.6105732917785645  0.04130452498793602
   5172    -0.491563618183136  -0.32936421036720276  -0.5220453143119812
   5173    -1.3006806373596191  0.7130997180938721  0.8896620273590088
   5174    -1.2662630081176758  0.6566354036331177  0.882539689540863
   5175    -1.3366267681121826  -0.13671591877937317  -0.0116785429418087
   5176    -1.2518316507339478  -0.3124590218067169  0.3594331443309784
   5177    -1.538872480392456  2.0537540912628174  -0.1542438566684723
   5178    -0.5950743556022644  0.017100650817155838  -0.3860214650630951
   5179    -0.0937543511390686  0.7279311418533325  1.1441984176635742
   5180    -1.0947232246398926  -0.3284311294555664  0.36329972743988037
   5181    -1.6705166101455688  1.2078723907470703  0.04578186571598053
   5182    -0.8053955435752869  1.4587284326553345  -0.21347478032112122
   5183    -1.5558147430419922  0.8943839073181152  -0.23791952431201935
   5184    -0.2800571322441101  0.5006271004676819  1.1301865577697754
   5185    -1.8782767057418823  1.492967963218689  0.30774179100990295
   5186    -1.2205820083618164  2.378373861312866  -1.2161203622817993
   5187    -1.2251100540161133  2.428974151611328  -1.1674412488937378
   5188    1.1404142379760742  0.017794208601117134  0.328715980052948
   5189    -1.6605324745178223  1.0981937646865845  -0.04295821115374565
   5190    -1.6921569108963013  1.023450255393982  -0.016793062910437584
   5191    -1.3728201389312744  0.5435615181922913  -0.3184278607368469
   5192    -0.9360265135765076  0.6242212057113647  0.872724175453186
   5193    -0.7290823459625244  1.3187880516052246  -0.30458778142929077
   5194    -0.4916941225528717  -0.22441637516021729  1.0860379934310913
   5195    -0.22074773907661438  0.1515408456325531  -0.6832232475280762
   5196    -0.7499073147773743  0.3396728038787842  0.8340576887130737
   5197    -0.32335835695266724  -0.07139519602060318  1.0029348134994507
   5198    0.1680288463830948  -0.3037663996219635  0.7295612692832947
   5199    -0.9918244481086731  1.8238182067871094  0.1386815309524536
   5200    -1.3583346605300903  0.2823171019554138  -0.0445285364985466
   5201    -1.3097844123840332  0.2453828603029251  -0.03618154302239418
   5202    -1.2944071292877197  -0.1612660139799118  -0.10352528840303421
   5203    -0.5379349589347839  1.0217986106872559  0.870575487613678
   5204    -0.1249179020524025  0.46152281761169434  -0.7284671068191528
   5205    0.6660507321357727  1.221627950668335  -0.1240091472864151
   5206    0.516752302646637  1.0503607988357544  0.8183512091636658
   5207    0.35155072808265686  -0.20936550199985504  0.8703582286834717
   5208    -0.9915742874145508  -0.31212368607521057  0.5884630680084229
   5209    -1.0776500701904297  1.8846420049667358  0.5209572911262512
   5210    -1.283988118171692  0.18515242636203766  0.23851099610328674
   5211    -0.17233161628246307  1.5700063705444336  0.5219231843948364
   5212    0.004881817381829023  0.7933891415596008  -0.6908224821090698
   5213    -0.036523595452308655  0.757706880569458  -0.7123498916625977
   5214    0.21061094105243683  0.8616806268692017  -0.5872171521186829
   5215    0.7428808212280273  0.7096757888793945  0.7331836223602295
   5216    0.3494047224521637  -0.2645486891269684  -0.34587740898132324
   5217    -1.2773010730743408  2.5591938495635986  -1.1204487085342407
   5218    -0.017335595563054085  0.013485422357916832  1.0636265277862549
   5219    -0.6797425746917725  0.49956294894218445  -0.48969173431396484
   5220    0.22825801372528076  0.5939332246780396  1.0886989831924438
   5221    -0.3735724091529846  1.5092978477478027  -0.032702162861824036
   5222    -1.396881103515625  1.72489333152771  0.9568297863006592
   5223    -0.6429193615913391  0.13573244214057922  0.7496503591537476
   5224    -0.6393847465515137  -0.1005314290523529  0.9616582989692688
   5225    -1.3279695510864258  -0.2878062129020691  -0.14274446666240692
   5226    -1.0088053941726685  -0.0778040960431099  0.8396172523498535
   5227    -1.0791813135147095  -0.0388140045106411  0.7953348159790039
   5228    0.0995597243309021  0.25066596269607544  1.1259437799453735
   5229    0.16083285212516785  0.22015103697776794  1.0897272825241089
   5230    -1.1828768253326416  1.941943883895874  0.7067452669143677
   5231    0.2799282670021057  0.9157796502113342  -0.4887107312679291
   5232    -0.8466904163360596  2.229146718978882  -0.21285463869571686
   5233    0.3894819915294647  -0.2963100075721741  0.40278398990631104
   5234    0.6129165291786194  1.000771164894104  0.788231611251831
   5235    -1.7590551376342773  2.00111985206604  0.5364240407943726
   5236    -1.6588844060897827  0.5257244110107422  0.3011246919631958
   5237    0.07233689725399017  -0.28796786069869995  -0.2982902228832245
   5238    -1.3746206760406494  1.639068841934204  0.9615221619606018
   5239    0.15597255527973175  0.3684837818145752  -0.6374326348304749
   5240    0.5536395311355591  0.5412365198135376  -0.4611981511116028
   5241    -0.2506527006626129  -0.23511719703674316  0.3012953996658325
   5242    -1.4421446323394775  1.952426791191101  -0.5700966119766235
   5243    0.5682027339935303  -0.05970117449760437  -0.19173689186573029
   5244    0.45645835995674133  -0.13864362239837646  -0.224282905459404
   5245    -1.4297857284545898  -0.21354562044143677  0.16018936038017273
   5246    -0.28980061411857605  1.464293122291565  -0.1409132033586502
   5247    -0.22493602335453033  1.434786081314087  -0.21299269795417786
   5248    -0.7496035695075989  2.2184507846832275  0.010973531752824783
   5249    -1.5982463359832764  2.090593099594116  0.1905152052640915
   5250    -0.44072189927101135  2.3795013427734375  -0.3908538222312927
   5251    -1.222264051437378  -0.15622852742671967  0.493221640586853
   5252    0.7948668003082275  0.2412634938955307  0.6202675700187683
   5253    -1.0232033729553223  0.22064591944217682  0.6383820176124573
   5254    -0.5699880123138428  2.6216602325439453  -0.20793978869915009
   5255    -1.538589596748352  0.3750501871109009  0.1875668615102768
   5256    0.09786191582679749  0.001004418940283358  -0.581471860408783
   5257    -1.3443114757537842  2.23742413520813  -1.1388344764709473
   5258    -1.3371974229812622  2.346437454223633  -1.1480119228363037
   5259    -1.1494628190994263  -0.18246622383594513  -0.1758890599012375
   5260    -0.13576757907867432  1.0150492191314697  0.9229226112365723
   5261    -1.6152111291885376  0.44123509526252747  0.32851988077163696
   5262    -1.846907377243042  1.5595157146453857  0.5850698351860046
   5263    -0.31157198548316956  -0.3036380112171173  -0.5193840265274048
   5264    -0.6089677214622498  1.1196539402008057  -0.43227455019950867
   5265    -0.6110469102859497  0.08362001180648804  -0.32033225893974304
   5266    0.22686222195625305  1.4749572277069092  0.6581435799598694
   5267    0.2130747139453888  1.3615208864212036  0.7380110025405884
   5268    0.23965787887573242  1.1423004865646362  0.8416736125946045
   5269    -1.5248650312423706  1.8817816972732544  0.9008654952049255
   5270    -1.816866397857666  1.7035536766052246  0.349046915769577
   5271    -1.807266116142273  1.7353510856628418  0.31207582354545593
   5272    -1.817274570465088  1.8250885009765625  0.2999137341976166
   5273    0.641812801361084  0.21172615885734558  -0.35007038712501526
   5274    -0.6418591141700745  -0.30722469091415405  0.4996539354324341
   5275    -0.9638254642486572  0.44031864404678345  -0.3119552731513977
   5276    -0.10787410289049149  -0.2267148345708847  0.5151358246803284
   5277    -1.5587191581726074  2.461719274520874  -0.8127905130386353
   5278    -1.3679873943328857  2.6169261932373047  -1.1676361560821533
   5279    -0.7014811038970947  1.5046916007995605  0.42740872502326965
   5280    0.22514380514621735  1.6106261014938354  0.36551186442375183
   5281    0.8524221181869507  1.0229694843292236  0.10207613557577133
   5282    0.8694347143173218  0.9680277109146118  0.3196382224559784
   5283    -1.3618050813674927  2.2490293979644775  -0.2708956003189087
   5284    -1.8302561044692993  1.9199362993240356  0.3691146671772003
   5285    -0.3733147978782654  -0.0026798932813107967  0.9350064992904663
   5286    -1.435346007347107  1.9213000535964966  -0.4272100031375885
   5287    -0.9346309304237366  1.6504409313201904  0.13815373182296753
   5288    0.5863625407218933  0.4696654677391052  0.8650139570236206
   5289    0.917374849319458  0.7172843813896179  0.13363325595855713
   5290    -0.6364476680755615  0.05580238252878189  -0.2523055076599121
   5291    -1.1003018617630005  1.1122593879699707  -0.3720799684524536
   5292    -1.2880396842956543  0.34907492995262146  -0.17244787514209747
   5293    1.2104703187942505  0.35085543990135193  0.25277653336524963
   5294    -0.36050015687942505  2.5871384143829346  -0.4932137727737427
   5295    -1.8391475677490234  1.6251264810562134  0.21449552476406097
   5296    -1.5359095335006714  2.077934503555298  -0.035880059003829956
   5297    -0.39888548851013184  0.8680345416069031  1.0531212091445923
   5298    0.5335789322853088  0.82943195104599  -0.4376203119754791
   5299    0.783824622631073  0.15892314910888672  -0.10040674358606339
   5300    0.8578922748565674  0.20607250928878784  -0.07658436894416809
   5301    -1.0035611391067505  2.1386771202087402  0.19709105789661407
   5302    -1.7784545421600342  1.7117267847061157  0.11730877310037613
   5303    0.16233360767364502  1.1737433671951294  0.8137162327766418
   5304    -0.3182259798049927  -0.10397037863731384  1.0213507413864136
   5305    -0.2947269082069397  0.6303198933601379  1.1381717920303345
   5306    -1.005823016166687  0.046861566603183746  0.37009018659591675
   5307    0.422678679227829  -0.21508380770683289  0.8257343173027039
   5308    -0.856461226940155  -0.30958452820777893  0.7313543558120728
   5309    -0.18853190541267395  2.5605103969573975  -0.5575135946273804
   5310    -0.276580810546875  2.6932613849639893  -0.5056624412536621
   5311    -0.22571489214897156  2.6091654300689697  -0.5153382420539856
   5312    -0.23964273929595947  2.535789728164673  -0.45465734601020813
   5313    0.9251375794410706  -0.12345465272665024  0.4649195075035095
   5314    -0.5378736257553101  2.6061785221099854  -0.14912322163581848
   5315    -0.7387186288833618  1.2502672672271729  0.7001956701278687
   5316    -1.31588876247406  0.2542497515678406  0.4760134518146515
   5317    -1.0900588035583496  2.0882203578948975  -0.049734607338905334
   5318    0.09553074091672897  1.5976662635803223  0.4981856346130371
   5319    -1.2229408025741577  1.9434329271316528  0.7441756725311279
   5320    -1.7944815158843994  1.238530158996582  0.28084516525268555
   5321    -1.760228157043457  0.974242627620697  0.1149744763970375
   5322    -0.4263578951358795  2.664480209350586  -0.25653231143951416
   5323    -1.4435111284255981  2.0498316287994385  -0.8435501456260681
   5324    -1.3720980882644653  0.9893744587898254  -0.30707576870918274
   5325    0.014065535739064217  1.6130197048187256  0.04499046504497528
   5326    -0.308072566986084  1.4988754987716675  0.5682949423789978
   5327    -1.7757720947265625  0.8624820113182068  0.19626712799072266
   5328    -1.2151641845703125  -0.2392720878124237  0.9002020359039307
   5329    0.5030345916748047  1.094273567199707  -0.33340659737586975
   5330    -0.5532681941986084  0.8658965826034546  0.8944113850593567
   5331    -1.798171877861023  1.2510098218917847  0.22668899595737457
   5332    -1.6973601579666138  0.5844075083732605  0.10353787243366241
   5333    -0.45955491065979004  0.4187045693397522  -0.7542433738708496
   5334    0.6902950406074524  1.2964560985565186  0.15428628027439117
   5335    -0.7314541935920715  0.41693541407585144  0.8400701880455017
   5336    -0.6797062158584595  0.44092705845832825  0.828731894493103
   5337    -0.6389631032943726  0.48265737295150757  0.8132388591766357
   5338    -0.9452423453330994  1.3252637386322021  0.6445738077163696
   5339    -0.8928747773170471  1.5576231479644775  -0.039920490235090256
   5340    -0.8504776954650879  1.5677379369735718  0.024324044585227966
   5341    -0.08459308743476868  0.09917663037776947  1.0806708335876465
   5342    -0.8559504747390747  -0.087521992623806  -0.2927219867706299
   5343    0.05687106400728226  -0.3176652789115906  0.14879825711250305
   5344    0.9896245002746582  0.1118277758359909  -0.09949307143688202
   5345    -0.6667025685310364  0.2523675560951233  -0.28111767768859863
   5346    -1.206961989402771  0.27162137627601624  0.5884469151496887
   5347    -1.341088056564331  2.0713400840759277  -0.9900879859924316
   5348    -0.5173054933547974  0.6992334127426147  1.0277985334396362
   5349    0.6020681858062744  0.09204516559839249  -0.32554176449775696
   5350    -0.3388731777667999  2.3225626945495605  -0.24826541543006897
   5351    -0.4338698983192444  0.8909870386123657  -0.6256959438323975
   5352    -0.373201847076416  0.8722072243690491  -0.6869245171546936
   5353    0.3026672899723053  0.0770372673869133  0.9663636684417725
   5354    -0.008036430925130844  0.18085843324661255  1.0978190898895264
   5355    -1.014561414718628  1.1546459197998047  0.7763306498527527
   5356    -0.9631054997444153  1.0634099245071411  0.819021999835968
   5357    -1.0491780042648315  0.8386618494987488  0.8821002840995789
   5358    0.15353180468082428  -0.306331992149353  0.10820599645376205
   5359    0.21916736662387848  -0.31877008080482483  0.02088649943470955
   5360    -0.07448014616966248  -0.23431746661663055  0.9566121101379395
   5361    -0.37710198760032654  -0.2945147752761841  1.0308881998062134
   5362    -0.44398143887519836  -0.3012140691280365  1.0210374593734741
   5363    0.29882901906967163  0.8658917546272278  -0.517447292804718
   5364    0.42283082008361816  0.7746540307998657  -0.5021796822547913
   5365    0.33465468883514404  0.7497293949127197  -0.5698620080947876
   5366    0.297757625579834  0.7983276844024658  -0.578478217124939
   5367    -0.33532822132110596  -0.0010039852932095528  0.9460992217063904
   5368    -1.2367604970932007  2.217170476913452  -0.7328692674636841
   5369    0.20498356223106384  -0.31565701961517334  -0.3325880169868469
   5370    0.15848484635353088  -0.16784965991973877  -0.4750657081604004
   5371    0.6981323957443237  0.1303636133670807  -0.2118086814880371
   5372    0.11607696861028671  -0.2988949120044708  0.8898807764053345
   5373    -0.8667283654212952  0.06251391023397446  0.7829509377479553
   5374    -0.5261698365211487  0.3653549253940582  0.8284481167793274
   5375    0.46769917011260986  0.27909019589424133  -0.4973927438259125
   5376    -1.7698155641555786  1.6726036071777344  0.06647123396396637
   5377    0.892227053642273  -0.05127774924039841  -0.08659306913614273
   5378    0.10006716847419739  0.8625999689102173  1.083839774131775
   5379    0.09008608013391495  0.808041512966156  1.105560064315796
   5380    -0.27859121561050415  -0.2261248379945755  -0.0795259103178978
   5381    0.46579352021217346  -0.3050445020198822  0.05483398213982582
   5382    1.144188404083252  0.33618199825286865  0.4752573072910309
   5383    1.1499077081680298  0.41539621353149414  0.3869912624359131
   5384    -1.2872251272201538  1.2171761989593506  0.7495973706245422
   5385    1.049546241760254  0.46590739488601685  0.36341652274131775
   5386    -0.632394015789032  0.48237884044647217  -0.5799450874328613
   5387    0.0994940772652626  1.5397294759750366  0.5974423289299011
   5388    -1.1076315641403198  1.7628430128097534  0.6168895363807678
   5389    -0.06416168063879013  0.28241777420043945  -0.700206458568573
   5390    -0.978011965751648  1.6298335790634155  0.0020969961769878864
   5391    0.04341329634189606  0.9659225344657898  1.0185691118240356
   5392    -1.6094588041305542  1.3698660135269165  -0.08653558790683746
   5393    -0.4464939534664154  -0.18032622337341309  1.080824613571167
   5394    0.631578266620636  0.34870806336402893  -0.3755297362804413
   5395    -0.8769468069076538  -0.1515122801065445  -0.3533194959163666
   5396    -0.8762083649635315  0.7880181670188904  0.8542259931564331
   5397    -0.31520581245422363  2.2064952850341797  -0.21114897727966309
   5398    -0.9049906730651855  -0.3083510100841522  0.6807219386100769
   5399    -1.4901810884475708  2.29253888130188  -0.7583836317062378
   5400    -0.7044662833213806  -0.32395097613334656  -0.4110369384288788
   5401    -0.0423063188791275  -0.3069615066051483  0.8477340936660767
   5402    -0.5280444622039795  -0.30686238408088684  0.8690149784088135
   5403    -0.25581392645835876  1.27222740650177  -0.35105159878730774
   5404    -0.011317192576825619  -0.2509068250656128  0.07906436175107956
   5405    -1.4142221212387085  -0.3112098276615143  0.17568500339984894
   5406    -1.8381785154342651  1.4814213514328003  0.15051895380020142
   5407    -0.6759507060050964  2.0459859371185303  -0.04976173862814903
   5408    -1.0909428596496582  -0.017271041870117188  0.22969791293144226
   5409    -0.4246373176574707  0.641565203666687  -0.7799680233001709
   5410    -0.9913327097892761  1.4109050035476685  0.6467487812042236
   5411    -1.2039183378219604  1.2767888307571411  0.7277435064315796
   5412    0.06335018575191498  -0.30864429473876953  0.8341079950332642
   5413    -1.4176840782165527  1.9659391641616821  -0.6924022436141968
   5414    -1.3773529529571533  1.991916537284851  -0.7915636897087097
   5415    -1.0165657997131348  1.304282307624817  -0.31704893708229065
   5416    0.8748846054077148  0.10050424933433533  -0.12731295824050903
   5417    -1.5961005687713623  1.3196791410446167  0.9731823205947876
   5418    -1.607891321182251  1.3728513717651367  0.9841607213020325
   5419    -1.5813846588134766  1.4421147108078003  1.0245513916015625
   5420    -1.3444089889526367  2.494647264480591  -0.9435126185417175
   5421    0.6692343354225159  -0.09133771061897278  0.6023256182670593
   5422    -1.5630499124526978  1.3964396715164185  -0.12896382808685303
   5423    -1.4146523475646973  2.367413282394409  -0.9930536150932312
   5424    -1.3959424495697021  2.3415274620056152  -1.0149359703063965
   5425    -0.19030284881591797  -0.23227857053279877  0.24519366025924683
   5426    -0.19323259592056274  -0.30673331022262573  0.932052731513977
   5427    -1.0730587244033813  -0.01630893163383007  0.6466970443725586
   5428    -1.3645843267440796  0.7678070664405823  0.868851363658905
   5429    -0.058571089059114456  -0.16176331043243408  -0.506628155708313
   5430    -0.8121366500854492  -0.09200850129127502  0.8278908133506775
   5431    -1.3004690408706665  2.125485897064209  0.4169893264770508
   5432    -1.2842477560043335  2.119678258895874  0.4792938232421875
   5433    -0.584821343421936  0.5824337005615234  -0.6972739100456238
   5434    -1.3141430616378784  2.08620285987854  -0.07079843431711197
   5435    0.5121001601219177  -0.18874596059322357  0.6754704117774963
   5436    0.456475168466568  -0.2188389003276825  0.7623251080513
   5437    -1.5130226612091064  1.260203242301941  -0.11689116805791855
   5438    0.028100168332457542  0.988128662109375  -0.4700654447078705
   5439    -0.7653409838676453  -0.0170687697827816  -0.2363344430923462
   5440    -0.7253308296203613  0.012828003615140915  -0.21588768064975739
   5441    -0.12211140245199203  -0.1595558226108551  -0.5143197774887085
   5442    -0.31233441829681396  2.3455660343170166  -0.4119718670845032
   5443    0.3287504315376282  0.7616649270057678  1.018728494644165
   5444    0.2884792685508728  0.713622510433197  1.0441890954971313
   5445    -1.3620741367340088  1.4071025848388672  1.0518605709075928
   5446    -1.3730568885803223  2.0307981967926025  0.7368972301483154
   5447    -1.415730357170105  2.048956871032715  -0.9255784153938293
   5448    -0.7124718427658081  1.3660459518432617  -0.24427162110805511
   5449    -0.5238169431686401  0.25029343366622925  -0.6244270205497742
   5450    -0.28525033593177795  1.3310940265655518  0.7630990743637085
   5451    -1.5292993783950806  1.8851943016052246  -0.10150981694459915
   5452    -1.1328380107879639  -0.32701000571250916  -0.20569199323654175
   5453    0.8991683721542358  -0.18086829781532288  0.1975311040878296
   5454    -1.120215654373169  -0.05460784584283829  0.5631505250930786
   5455    -1.3348206281661987  -0.10230769962072372  0.14058932662010193
   5456    -1.2739932537078857  1.957572102546692  -0.4064967930316925
   5457    -0.3842904567718506  2.69460129737854  -0.4466606378555298
   5458    -1.0855696201324463  -0.3324103057384491  -0.11381416022777557
   5459    -0.30425676703453064  0.37137967348098755  1.0946122407913208
   5460    -1.5562896728515625  0.7841350436210632  -0.23687125742435455
   5461    -1.2957781553268433  -0.2970048487186432  0.5169383883476257
   5462    0.44134384393692017  -0.2927093803882599  0.5114524364471436
   5463    -1.5685099363327026  2.015223503112793  -0.027592873200774193
   5464    1.108235239982605  -0.028421206399798393  0.293959379196167
   5465    -1.1214730739593506  0.8061844706535339  0.9051135182380676
   5466    -1.4003850221633911  -0.22476942837238312  -0.022016912698745728
   5467    -1.1946048736572266  2.010420083999634  0.704858124256134
   5468    -0.460620641708374  -0.05258668586611748  1.025291085243225
   5469    0.18342000246047974  0.31361907720565796  1.0975251197814941
   5470    -0.3936862647533417  2.5133674144744873  -0.45906394720077515
   5471    -1.3511993885040283  1.9697272777557373  -0.6623411774635315
   5472    -1.3065366744995117  -0.1724938303232193  0.7219706773757935
   5473    -1.29253351688385  2.021554708480835  -0.6728827357292175
   5474    -1.4928202629089355  1.2208467721939087  0.9159364104270935
   5475    -1.4686790704727173  1.2416017055511475  0.965398907661438
   5476    -1.5171136856079102  2.0246737003326416  -0.307413250207901
   5477    -1.6501001119613647  1.5231444835662842  1.0347983837127686
   5478    -0.24885429441928864  -0.20272095501422882  -0.5304862856864929
   5479    -1.3030123710632324  2.487340211868286  -0.99483323097229
   5480    -0.3693239092826843  2.1817362308502197  -0.19679704308509827
   5481    0.8978047370910645  0.55177241563797  0.4733625054359436
   5482    -0.8065415024757385  1.0781742334365845  -0.41003450751304626
   5483    -0.9368029832839966  0.9630938768386841  -0.437521755695343
   5484    -1.2444242238998413  2.2741639614105225  -0.8343645930290222
   5485    -0.9241837859153748  0.33763691782951355  -0.30055633187294006
   5486    0.04527546465396881  1.031641960144043  0.8882817029953003
   5487    0.09101144224405289  -0.31746184825897217  0.3494640588760376
   5488    0.6909408569335938  0.9344441294670105  0.7513888478279114
   5489    -1.1839371919631958  0.639485776424408  -0.40825942158699036
   5490    -0.5530034899711609  0.42350494861602783  -0.6854856014251709
   5491    -0.27704134583473206  2.4393038749694824  -0.5032767653465271
   5492    -0.1828603893518448  2.3895251750946045  -0.4941037595272064
   5493    -0.12209933996200562  -0.230974942445755  0.4116671681404114
   5494    -0.7150011658668518  1.1947280168533325  0.7404248714447021
   5495    -0.45795586705207825  1.3894803524017334  0.6408703327178955
   5496    0.49935707449913025  -0.025447998195886612  0.777808666229248
   5497    -1.0430012941360474  0.11486759036779404  0.5082366466522217
   5498    -1.248218059539795  -0.07881636172533035  0.17430587112903595
   5499    1.0402755737304688  0.006545856595039368  0.5067725777626038
   5500    -1.493363618850708  1.9983305931091309  -0.5879878997802734
   5501    -0.9994685649871826  0.18583780527114868  0.671880304813385
   5502    -0.4971586763858795  -0.2414810061454773  0.3049302101135254
   5503    -1.4121636152267456  1.1653251647949219  0.7448384761810303
   5504    -0.6476946473121643  0.3302711546421051  -0.3961675763130188
   5505    -0.5976141095161438  1.319525957107544  0.6596394181251526
   5506    -1.2648277282714844  1.4658507108688354  -0.17640170454978943
   5507    -1.3646918535232544  2.1865787506103516  -1.0954914093017578
   5508    -0.3271785378456116  0.8529370427131653  -0.7067246437072754
   5509    -1.4078019857406616  -0.1852351874113083  0.07762040197849274
   5510    -0.8926122188568115  0.0825042873620987  -0.21838508546352386
   5511    -0.32648909091949463  1.0988929271697998  0.8507217168807983
   5512    -1.727921485900879  0.6513363122940063  0.36043715476989746
   5513    -1.7355964183807373  0.6933059692382812  0.3194827735424042
   5514    0.19353261590003967  -0.3124822676181793  -0.40279555320739746
   5515    -1.029266119003296  0.14495575428009033  0.6044297814369202
   5516    -1.0038106441497803  2.01779842376709  0.23818174004554749
   5517    -0.6327400803565979  0.2608296275138855  -0.38881543278694153
   5518    -1.5078670978546143  2.1795718669891357  -0.5278789401054382
   5519    -1.5391803979873657  2.184640884399414  -0.2610759735107422
   5520    -0.3776015341281891  0.5510320067405701  1.115500807762146
   5521    -1.6718971729278564  1.3682982921600342  -0.05142403393983841
   5522    -1.7390300035476685  1.4924355745315552  -0.030153432860970497
   5523    -1.3485811948776245  -0.19451601803302765  0.22099536657333374
   5524    0.6242182850837708  0.6736297607421875  0.8533362746238708
   5525    -1.0988253355026245  0.2218821495771408  0.5374777913093567
   5526    -0.36860525608062744  0.45255252718925476  -0.7770833969116211
   5527    -1.2639719247817993  -0.28558993339538574  0.37775537371635437
   5528    -1.850645661354065  1.3921695947647095  0.19087724387645721
   5529    -1.835929274559021  1.4270857572555542  0.15522398054599762
   5530    -0.799612820148468  0.8062652349472046  -0.4652743637561798
   5531    -1.0419988632202148  0.12913671135902405  0.43374478816986084
   5532    -0.5251922011375427  0.5461512207984924  0.9625675678253174
   5533    -1.267051100730896  2.2333016395568848  -0.43409162759780884
   5534    0.5110876560211182  1.3012526035308838  -0.18018364906311035
   5535    -1.8395699262619019  1.8551442623138428  0.36253583431243896
   5536    -1.307396650314331  0.30665212869644165  0.5893222689628601
   5537    0.17426757514476776  0.9137426614761353  -0.5511326789855957
   5538    -0.8139693737030029  -0.29775863885879517  0.8341175317764282
   5539    -1.0053675174713135  0.9025574326515198  0.8919748663902283
   5540    -1.4061647653579712  0.24031436443328857  0.1844581961631775
   5541    -1.3685837984085083  2.1503913402557373  -0.09486250579357147
   5542    -0.6562627553939819  1.4418044090270996  -0.14258483052253723
   5543    -0.5506146550178528  0.207443967461586  -0.5737495422363281
   5544    -1.665062665939331  0.6328150629997253  0.572350800037384
   5545    -1.7807222604751587  1.7610828876495361  0.5712298154830933
   5546    -1.004388689994812  1.6280806064605713  0.6095861196517944
   5547    -0.4532111585140228  0.38749170303344727  0.9749170541763306
   5548    -1.3531018495559692  2.100414991378784  0.05698133632540703
   5549    -0.8152021765708923  -0.32862555980682373  0.10523495078086853
   5550    -1.3469241857528687  0.9187859892845154  -0.3351326584815979
   5551    -0.9027850031852722  1.134353518486023  -0.3971852660179138
   5552    -0.8311330080032349  -0.06591188907623291  -0.2939746677875519
   5553    -0.9990529417991638  -0.21935692429542542  -0.23210056126117706
   5554    -1.4451053142547607  1.3279304504394531  -0.15316444635391235
   5555    -0.7232258319854736  -0.23426318168640137  -0.24860022962093353
   5556    -0.7655191421508789  -0.26155102252960205  -0.20975947380065918
   5557    -1.7976775169372559  1.7801669836044312  0.4714442789554596
   5558    -1.191330909729004  0.8506656885147095  -0.39489123225212097
   5559    -0.003994547296315432  0.5789786577224731  -0.715325117111206
   5560    0.27096620202064514  -0.15250657498836517  0.8953207731246948
   5561    0.15480086207389832  -0.14605969190597534  0.9050896763801575
   5562    0.49322715401649475  0.6061556935310364  0.976991593837738
   5563    -1.7737863063812256  1.2402966022491455  0.3950260579586029
   5564    -0.697931170463562  1.3538968563079834  0.6285728812217712
   5565    -0.34930574893951416  1.491542100906372  0.5386980772018433
   5566    -1.191875696182251  2.1305992603302  0.11315346509218216
   5567    0.07796461135149002  1.4315050840377808  -0.2560984790325165
   5568    0.12414940446615219  1.3846555948257446  -0.29941514134407043
   5569    -0.3963618576526642  -0.3164159953594208  -0.4035263955593109
   5570    -0.34008896350860596  1.2132877111434937  0.8183758854866028
   5571    -1.3692407608032227  2.118553876876831  0.21117842197418213
   5572    0.01028057374060154  1.2599130868911743  -0.395728200674057
   5573    0.07578332722187042  1.2234313488006592  -0.4070985019207001
   5574    -0.5918259024620056  0.6017223596572876  0.8687138557434082
   5575    -0.8224200010299683  0.5781416296958923  0.8632534146308899
   5576    -0.20146304368972778  1.3707692623138428  -0.2948932647705078
   5577    -0.5960901975631714  2.1437251567840576  -0.22074006497859955
   5578    0.16247643530368805  1.0476181507110596  -0.417822927236557
   5579    -1.6662273406982422  0.557038426399231  0.042946964502334595
   5580    0.29428696632385254  0.1911000907421112  -0.5742782354354858
   5581    -0.8501928448677063  0.5945619940757751  -0.3960340619087219
   5582    0.24491524696350098  1.5762183666229248  0.48376327753067017
   5583    -0.23602046072483063  -0.27242210507392883  1.0069470405578613
   5584    1.0379738807678223  0.47333022952079773  0.3134196400642395
   5585    0.5971522927284241  -0.07114220410585403  0.6811274886131287
   5586    -0.5309786796569824  0.07138331979513168  0.7639788389205933
   5587    -0.5518242716789246  0.16762033104896545  0.7435711622238159
   5588    -0.7605668902397156  2.0462608337402344  -0.1372327208518982
   5589    -1.4558897018432617  0.3468620777130127  0.4751929044723511
   5590    -1.4749562740325928  1.887983798980713  -0.19506680965423584
   5591    -1.4424272775650024  1.8668609857559204  -0.20392964780330658
   5592    -1.165960431098938  -0.060976386070251465  0.19363704323768616
   5593    0.17225681245326996  0.21712332963943481  -0.6086618900299072
   5594    -0.9994245171546936  2.2981362342834473  -0.06642674654722214
   5595    -1.1149300336837769  0.046334877610206604  -0.058418843895196915
   5596    -1.143048882484436  0.9891924858093262  -0.39622652530670166
   5597    -0.14378400146961212  -0.24155409634113312  -0.3103554844856262
   5598    -1.2475478649139404  2.2846641540527344  -0.7492094039916992
   5599    -1.4151817560195923  1.9124566316604614  0.8651394248008728
   5600    -0.35953250527381897  -0.24648992717266083  -0.34858614206314087
   5601    -0.04651576280593872  1.0655266046524048  -0.45579496026039124
   5602    -1.2641264200210571  2.5122597217559814  -1.2298096418380737
   5603    -0.6600809693336487  -0.05345241352915764  0.8802258968353271
   5604    -1.727978229522705  1.830863356590271  0.1567264199256897
   5605    -1.5757150650024414  2.2767961025238037  -0.5892388820648193
   5606    -1.2472695112228394  1.5715880393981934  -0.1630173921585083
   5607    -1.378050446510315  1.5343948602676392  1.0272414684295654
   5608    -1.6421412229537964  1.9622267484664917  0.04156694933772087
   5609    -0.5359871983528137  -0.24710915982723236  0.3949025273323059
   5610    -1.5875800848007202  2.3873424530029297  -0.7901357412338257
   5611    -0.9528778791427612  -0.3305473029613495  0.07024242728948593
   5612    -0.9541580080986023  1.9913958311080933  0.1959901601076126
   5613    -0.949010968208313  2.0383665561676025  0.19905169308185577
   5614    0.37718304991722107  0.29107776284217834  -0.5665770769119263
   5615    0.2957756519317627  0.31879839301109314  -0.600072979927063
   5616    -1.1874758005142212  1.4578509330749512  -0.1686309278011322
   5617    -1.4298192262649536  1.584175705909729  1.0277427434921265
   5618    0.29109615087509155  -0.2408672422170639  -0.42995017766952515
   5619    0.9638949632644653  0.4455885887145996  0.14921322464942932
   5620    -1.2470470666885376  2.308262825012207  -0.9080228209495544
   5621    -1.274260401725769  1.8890670537948608  -0.23862145841121674
   5622    -0.3045758903026581  -0.23335592448711395  0.4672186076641083
   5623    -1.161466360092163  -0.3119797706604004  0.6470635533332825
   5624    -1.5950090885162354  1.5496543645858765  1.0628215074539185
   5625    -1.2187453508377075  1.2972153425216675  -0.2671982944011688
   5626    -1.4222934246063232  0.46737608313560486  -0.22070495784282684
   5627    -1.5473220348358154  2.1400225162506104  -0.4059979319572449
   5628    0.4078885614871979  1.5213079452514648  0.06907666474580765
   5629    -1.4734182357788086  2.48496413230896  -1.0124541521072388
   5630    -1.3032805919647217  -0.30624449253082275  0.5617033839225769
   5631    -0.7435261607170105  0.25814953446388245  -0.2684566080570221
   5632    -1.2411954402923584  -0.21807023882865906  0.8722234964370728
   5633    -0.5236246585845947  -0.1167001873254776  -0.5714018940925598
   5634    -0.9244711399078369  2.3686347007751465  -0.1092066690325737
   5635    -0.9337848424911499  2.324601888656616  -0.1276548206806183
   5636    -0.6363149285316467  0.35975411534309387  -0.4615301191806793
   5637    1.1569124460220337  0.24980920553207397  0.4838656485080719
   5638    -1.3093129396438599  1.6085364818572998  -0.1758963018655777
   5639    0.8750671148300171  0.6787723302841187  -0.06612830609083176
   5640    -0.9992554783821106  1.8320746421813965  0.07436151802539825
   5641    0.4544965922832489  1.2660828828811646  0.7130796909332275
   5642    -0.8568789958953857  -0.2025519609451294  0.8699313402175903
   5643    -0.8481026887893677  -0.2703855633735657  0.87599778175354
   5644    -1.2430641651153564  2.284041404724121  -1.0747824907302856
   5645    0.03166044130921364  -0.26839473843574524  0.4318433701992035
   5646    -0.07381529361009598  1.5009984970092773  0.6517547965049744
   5647    -0.7973001599311829  0.4951462745666504  0.849101722240448
   5648    -0.6030359864234924  -0.27838200330734253  0.47348201274871826
   5649    0.5077899694442749  0.396613746881485  0.8892813324928284
   5650    0.4258330166339874  -0.19012582302093506  -0.21895362436771393
   5651    -0.2803349792957306  2.659846067428589  -0.5599615573883057
   5652    -0.7316986918449402  -0.19883020222187042  0.914283812046051
   5653    -1.2628360986709595  0.2549605667591095  -0.08027731627225876
   5654    -1.008602261543274  1.5919296741485596  -0.05369529128074646
   5655    -1.0581707954406738  1.6192030906677246  -0.08984912931919098
   5656    0.20979706943035126  -0.064975306391716  0.9403942227363586
   5657    -1.5542199611663818  2.5564775466918945  -1.0074506998062134
   5658    -0.4575682282447815  2.1596672534942627  -0.07506740838289261
   5659    -0.45019057393074036  2.1935582160949707  -0.055276110768318176
   5660    -0.4715240001678467  2.6880600452423096  -0.2472420036792755
   5661    -0.7207568883895874  2.019820213317871  -0.02310432307422161
   5662    0.452259361743927  0.6539095640182495  -0.5193475484848022
   5663    0.44416487216949463  0.5788027048110962  -0.5278584361076355
   5664    -0.17514564096927643  0.5573372840881348  -0.7552312612533569
   5665    -0.15780013799667358  0.6045824885368347  -0.7605517506599426
   5666    -1.3795220851898193  2.0963354110717773  0.5959867238998413
   5667    0.313660204410553  1.0906082391738892  -0.3953304886817932
   5668    -0.7534652948379517  2.32985520362854  -0.2662218511104584
   5669    -0.34761083126068115  1.401015043258667  -0.20829036831855774
   5670    0.743118166923523  0.30229848623275757  -0.25047263503074646
   5671    -0.2761586010456085  1.1039682626724243  0.8674324750900269
   5672    -1.11431086063385  0.18348553776741028  -0.09556097537279129
   5673    -1.237400770187378  2.0710484981536865  -0.36406248807907104
   5674    0.21861764788627625  -0.3122275471687317  -0.24338899552822113
   5675    -1.5643059015274048  1.6198872327804565  1.0593611001968384
   5676    0.0953589528799057  -0.27799850702285767  0.4806554615497589
   5677    -1.7216808795928955  1.1811896562576294  0.2172323316335678
   5678    -0.9222815036773682  0.36745452880859375  0.8039648532867432
   5679    -0.9675722122192383  0.40208497643470764  0.795689046382904
   5680    -1.1850569248199463  0.7957583665847778  0.9019567370414734
   5681    0.07811020314693451  -0.19401511549949646  -0.4825916290283203
   5682    -0.033685941249132156  0.36488449573516846  -0.686549961566925
   5683    -1.0411185026168823  -0.11000839620828629  -0.1749059557914734
   5684    -0.8982914090156555  1.9235858917236328  0.05777483060956001
   5685    -1.2595127820968628  -0.3333396911621094  -0.08502903580665588
   5686    -1.3035902976989746  2.1409106254577637  -1.0726734399795532
   5687    -1.155888319015503  -0.09413628280162811  0.8690666556358337
   5688    -1.1958565711975098  -0.17075878381729126  0.889851450920105
   5689    -0.8106138110160828  1.533405065536499  0.37636563181877136
   5690    0.21858684718608856  1.266510009765625  0.7773816585540771
   5691    -0.9349256157875061  0.5281468629837036  -0.35993388295173645
   5692    -0.4323044717311859  -0.08816314488649368  -0.5577790141105652
   5693    0.11761229485273361  0.9263206720352173  1.0404349565505981
   5694    -0.42967939376831055  2.5904135704040527  -0.43537262082099915
   5695    0.3035725951194763  0.2126471996307373  0.9987808465957642
   5696    -1.482561707496643  2.6095221042633057  -1.0735796689987183
   5697    0.43245765566825867  -0.2815442681312561  0.3567967116832733
   5698    -0.25000840425491333  2.470104694366455  -0.40470975637435913
   5699    0.8257526755332947  -0.18910977244377136  0.4215150773525238
   5700    -0.6314849257469177  0.20459596812725067  -0.34922969341278076
   5701    -1.4763898849487305  1.9715313911437988  -0.4471980631351471
   5702    -1.6619837284088135  1.8336803913116455  0.03492623567581177
   5703    -0.7089175581932068  -0.3272504508495331  -0.6036765575408936
   5704    -1.6913931369781494  0.6523628234863281  0.45639967918395996
   5705    0.3107856214046478  0.41160494089126587  1.0519872903823853
   5706    0.3905549645423889  0.39884233474731445  0.9990084171295166
   5707    0.9292352795600891  0.15411394834518433  -0.11112375557422638
   5708    -1.174617886543274  2.01981258392334  -0.015107231214642525
   5709    -0.05992433801293373  0.9991488456726074  -0.47800952196121216
   5710    0.18550702929496765  -0.2836708724498749  0.5471103191375732
   5711    -0.3626767098903656  2.6028947830200195  -0.35802844166755676
   5712    -0.4730289578437805  1.405731439590454  -0.21053533256053925
   5713    0.27242743968963623  1.5304843187332153  -0.06461179256439209
   5714    0.8504011631011963  0.2202935516834259  0.5960664749145508
   5715    -1.6562495231628418  1.1493388414382935  -0.0021882210858166218
   5716    -1.639025092124939  1.164393424987793  -0.03251805528998375
   5717    -0.19739195704460144  1.3661593198776245  0.7633137106895447
   5718    -0.5896545052528381  0.4565410614013672  0.8040368556976318
   5719    -1.1521271467208862  -0.07084192335605621  -0.08195891231298447
   5720    0.4307269752025604  0.025470348075032234  0.8549385666847229
   5721    -0.3816887140274048  0.7068524956703186  -0.7715251445770264
   5722    -1.3954901695251465  2.523216724395752  -1.1250605583190918
   5723    -1.3447191715240479  2.4948618412017822  -1.1714141368865967
   5724    -0.2590467631816864  2.298928737640381  -0.3801712989807129
   5725    -0.05677401274442673  1.1290167570114136  -0.44577041268348694
   5726    -1.7581712007522583  1.8645635843276978  0.21256490051746368
   5727    -1.0161008834838867  -0.24422559142112732  0.9293463826179504
   5728    -1.484986662864685  0.3188595771789551  0.2731603980064392
   5729    0.639184832572937  0.6959910988807678  -0.3861112892627716
   5730    0.6066495180130005  0.7940178513526917  -0.39511725306510925
   5731    -0.5158304572105408  0.22247961163520813  0.7950372099876404
   5732    -1.3410509824752808  1.3677936792373657  -0.1767968088388443
   5733    1.158915400505066  0.06081106886267662  0.3839259147644043
   5734    0.2525143623352051  1.3705464601516724  0.7222322225570679
   5735    0.41203832626342773  -0.19205789268016815  -0.29280269145965576
   5736    -0.6709441542625427  0.003152286633849144  0.7704876661300659
   5737    0.4087876081466675  -0.3041136860847473  0.008160035125911236
   5738    -0.5214734077453613  -0.28640085458755493  1.0617644786834717
   5739    -1.578152060508728  2.3648576736450195  -0.6889018416404724
   5740    -1.1390713453292847  1.2446701526641846  -0.330936461687088
   5741    -1.4133888483047485  0.3954564332962036  -0.12531772255897522
   5742    0.42413926124572754  1.4650734663009644  0.5600892305374146
   5743    0.7209386825561523  1.19240140914917  -0.0315999910235405
   5744    -0.6764057874679565  0.03773842751979828  -0.20444177091121674
   5745    -1.5657682418823242  2.4332289695739746  -0.891743540763855
   5746    -1.487465262413025  2.4217448234558105  -0.9275991916656494
   5747    -0.6940159797668457  0.3327159881591797  -0.3066540062427521
   5748    1.1452311277389526  0.01706666126847267  0.24118037521839142
   5749    -0.17059814929962158  -0.22552236914634705  0.9841064214706421
   5750    -1.4637987613677979  2.183224678039551  -0.13021989166736603
   5751    -0.20500966906547546  0.6722450256347656  1.1546900272369385
   5752    -1.5537374019622803  2.133553981781006  -0.30985158681869507
   5753    -1.439170002937317  -0.2450139969587326  0.07568380236625671
   5754    -1.2363215684890747  2.2873892784118652  -1.1691057682037354
   5755    -1.3238577842712402  2.2307658195495605  -1.1563533544540405
   5756    -0.6783000826835632  2.484455108642578  -0.033025335520505905
   5757    -0.7581402659416199  2.1222951412200928  0.09336193650960922
   5758    -1.7677146196365356  1.7683868408203125  0.21052958071231842
   5759    -0.8894902467727661  0.7251764535903931  -0.43587082624435425
   5760    -0.5147913694381714  -0.23171718418598175  0.629032552242279
   5761    -1.6774362325668335  1.9434036016464233  0.08652663230895996
   5762    -0.631924033164978  -0.1286771446466446  -0.5815351605415344
   5763    -0.003584648948162794  0.019974203780293465  -0.6150999069213867
   5764    0.033655960112810135  0.0493057519197464  -0.6039575934410095
   5765    0.599374532699585  0.2582384943962097  0.8326128721237183
   5766    0.02826641872525215  1.6329212188720703  0.3114634156227112
   5767    -1.854957938194275  1.6339316368103027  0.4195508062839508
   5768    -0.2015160769224167  -0.32015737891197205  -0.397188276052475
   5769    1.180433750152588  0.3946445882320404  0.3476247489452362
   5770    -0.1373874545097351  0.9317743182182312  1.0723347663879395
   5771    -1.7189239263534546  1.2389699220657349  0.5139835476875305
   5772    -1.376664161682129  0.21988831460475922  0.26897644996643066
   5773    -1.6815903186798096  1.239993929862976  0.8903203010559082
   5774    -1.1183691024780273  2.0475683212280273  0.5852506756782532
   5775    0.8897637724876404  0.4135977029800415  0.47866734862327576
   5776    0.6100992560386658  -0.18140771985054016  0.5701885223388672
   5777    -0.453851580619812  0.9649590849876404  -0.4845719337463379
   5778    -0.6391148567199707  0.14289164543151855  -0.2553846836090088
   5779    0.7426518797874451  0.014231272973120213  -0.13154131174087524
   5780    -1.3961679935455322  -0.1581922173500061  0.04508209973573685
   5781    -0.011569662019610405  -0.21500682830810547  -0.23255689442157745
   5782    -0.6091055274009705  1.19191575050354  -0.37119585275650024
   5783    -1.0603066682815552  1.8511215448379517  0.49659496545791626
   5784    -1.232569932937622  1.607574462890625  0.7972292304039001
   5785    -1.0939728021621704  -0.30729761719703674  0.8823346495628357
   5786    -0.5030574798583984  -0.14511217176914215  1.0737905502319336
   5787    -1.3093196153640747  2.460744857788086  -1.2030962705612183
   5788    0.3367880582809448  -0.29907745122909546  -0.29419153928756714
   5789    -1.73178231716156  1.181610107421875  0.36242079734802246
   5790    -1.0080441236495972  -0.32938364148139954  -0.09827084094285965
   5791    -1.022924542427063  -0.3318368196487427  -0.19338113069534302
   5792    -1.1967127323150635  -0.1178005114197731  0.5239619016647339
   5793    -0.13518290221691132  1.4536858797073364  -0.2222892940044403
   5794    -0.6167508959770203  -0.27317050099372864  1.0343636274337769
   5795    -0.917942225933075  -0.12064118683338165  0.8600239753723145
   5796    -1.0155653953552246  0.7730901837348938  0.9079940915107727
   5797    -1.7611150741577148  0.9382516145706177  0.11320572346448898
   5798    0.33014482259750366  1.0066144466400146  -0.4483984410762787
   5799    -0.535034716129303  1.0937055349349976  0.8316934704780579
   5800    -0.610710620880127  2.2397382259368896  -0.05645977705717087
   5801    -1.016589641571045  0.06310318410396576  -0.16252672672271729
   5802    0.9989267587661743  0.135470449924469  0.6069766879081726
   5803    0.5794961452484131  -0.016819503158330917  -0.2905566394329071
   5804    -1.280954360961914  2.0585007667541504  -0.105694979429245
   5805    0.07350706309080124  0.5057031512260437  1.129083514213562
   5806    -0.6788288354873657  0.41114693880081177  -0.3952231705188751
   5807    -0.17898894846439362  0.6858639717102051  -0.7614028453826904
   5808    0.8753572106361389  0.7418602108955383  0.5111005306243896
   5809    -1.3028254508972168  1.9034785032272339  -0.3319261074066162
   5810    -1.2622483968734741  1.9406228065490723  -0.29804515838623047
   5811    -1.7580219507217407  1.572507381439209  0.02622182108461857
   5812    0.8306214809417725  0.32397395372390747  0.5695394277572632
   5813    0.8076087832450867  0.0814473107457161  -0.13280640542507172
   5814    -0.7698913216590881  -0.325713574886322  -0.5920560956001282
   5815    -1.3931456804275513  2.391467332839966  -0.556932806968689
   5816    -1.122536063194275  0.5454530119895935  0.8674522638320923
   5817    -0.5610221028327942  2.438596487045288  -0.3629126250743866
   5818    -0.8078827857971191  1.0473164319992065  0.8118273615837097
   5819    -0.5486077666282654  2.474080801010132  -0.19072335958480835
   5820    -0.002174465684220195  0.43838462233543396  -0.7056837677955627
   5821    -0.8404148817062378  0.6382694840431213  -0.412945955991745
   5822    -1.2202816009521484  2.363938331604004  -1.1928341388702393
   5823    -0.21020543575286865  1.59982168674469  0.21342718601226807
   5824    -0.35421377420425415  0.667245090007782  1.1544955968856812
   5825    -0.3800429403781891  0.7196030616760254  1.1377670764923096
   5826    -0.16372402012348175  1.2272824048995972  -0.41982030868530273
   5827    0.6595935225486755  0.05078362673521042  0.6946995258331299
   5828    -0.9260781407356262  1.445603609085083  0.5347811579704285
   5829    -0.2912805378437042  0.9820969700813293  0.9226742386817932
   5830    -0.5575418472290039  -0.043815165758132935  -0.5094640851020813
   5831    -1.3113609552383423  1.9214622974395752  -0.4093773365020752
   5832    0.40403732657432556  0.6304858326911926  1.020977258682251
   5833    0.4449910819530487  0.5741820931434631  1.000708818435669
   5834    -0.7401197552680969  0.29118600487709045  0.8309551477432251
   5835    -0.6983174681663513  0.20243269205093384  0.7939691543579102
   5836    0.45985227823257446  -0.2646203637123108  -0.039686888456344604
   5837    0.4285280108451843  -0.30274999141693115  -0.026629000902175903
   5838    -0.941074013710022  -0.005880950018763542  -0.18906959891319275
   5839    -0.3219473958015442  2.701416492462158  -0.407108873128891
   5840    -0.028049390763044357  0.36732861399650574  1.1333556175231934
   5841    -1.1414328813552856  0.5842896699905396  0.8816691637039185
   5842    -1.653520107269287  0.7733829617500305  -0.12302248924970627
   5843    -1.5946989059448242  1.1955819129943848  0.8204725980758667
   5844    -1.3276987075805664  1.0659648180007935  0.811028242111206
   5845    -0.8527992367744446  1.5785443782806396  0.12026237696409225
   5846    -0.128782257437706  -0.21821992099285126  -0.24292780458927155
   5847    -1.1052992343902588  0.3183412551879883  0.7058283090591431
   5848    0.502488374710083  0.08516864478588104  0.8366521000862122
   5849    -1.2024520635604858  1.861244559288025  -0.06947872042655945
   5850    -0.642253041267395  -0.22812655568122864  -0.3097468316555023
   5851    -1.6168022155761719  0.5194213390350342  -0.022123517468571663
   5852    -1.716225028038025  0.7762249112129211  0.5384499430656433
   5853    -0.276000052690506  0.3728563189506531  -0.7563462853431702
   5854    -1.0870481729507446  -0.11475124955177307  0.344194620847702
   5855    -1.651282787322998  2.054236888885498  0.5695606470108032
   5856    -1.2637732028961182  -0.07134079933166504  0.053150810301303864
   5857    0.2532004117965698  -0.3123481273651123  -0.10876941680908203
   5858    -0.6313139796257019  2.091978073120117  -0.010655359365046024
   5859    -0.48236894607543945  2.1989521980285645  -0.25960007309913635
   5860    -1.4619009494781494  2.2028074264526367  -0.7053678035736084
   5861    -0.2424168735742569  0.7729036808013916  -0.751865565776825
   5862    -0.8144364356994629  0.9495019912719727  -0.43964046239852905
   5863    -1.2450512647628784  -0.2886553406715393  -0.17347119748592377
   5864    -1.0862656831741333  2.0811336040496826  0.3003607392311096
   5865    -0.6373092532157898  0.6632076501846313  0.833034873008728
   5866    -0.6721218824386597  0.6778931617736816  0.8416334390640259
   5867    -0.7983477711677551  2.132197380065918  0.11498422175645828
   5868    -0.8848574757575989  2.157804489135742  0.1215461865067482
   5869    -0.8480933904647827  2.1586451530456543  0.09086856991052628
   5870    0.7901830673217773  0.540589451789856  -0.19139918684959412
   5871    -0.6124752163887024  0.8040152192115784  0.8815378546714783
   5872    -0.6382715106010437  0.8706735968589783  0.8885348439216614
   5873    -0.5844597220420837  0.8955175876617432  0.9020659327507019
   5874    -0.7625507712364197  -0.07060551643371582  0.8023346662521362
   5875    0.4582832157611847  0.016179347410798073  -0.46091946959495544
   5876    -1.7857898473739624  1.7277289628982544  0.6058391332626343
   5877    0.5013543367385864  0.6879168152809143  0.9519492387771606
   5878    -0.9720655679702759  -0.3281450867652893  -0.2368033230304718
   5879    -0.26775455474853516  0.09812814742326736  1.0190473794937134
   5880    -0.1377905160188675  1.328836441040039  -0.32005858421325684
   5881    -0.8797717690467834  0.5593593120574951  -0.3870026469230652
   5882    -0.28254660964012146  0.29511475563049316  1.0727431774139404
   5883    -0.6152818202972412  1.443056344985962  0.4881626069545746
   5884    -0.7852078676223755  0.0974278673529625  -0.2217978984117508
   5885    -0.8228260278701782  -0.27125799655914307  -0.5560740232467651
   5886    -0.9136356711387634  -0.31267794966697693  -0.415256530046463
   5887    -1.0144468545913696  1.891815423965454  0.2675768733024597
   5888    -1.0089445114135742  1.1044260263442993  0.796921968460083
   5889    -1.0760951042175293  1.030461072921753  0.8429325819015503
   5890    -1.5505664348602295  2.227288246154785  -0.3815042972564697
   5891    -1.7095458507537842  1.2393066883087158  0.6161801218986511
   5892    -1.6539459228515625  1.209730625152588  0.6617823839187622
   5893    -1.7237802743911743  1.2186187505722046  0.7460014820098877
   5894    -1.51726233959198  2.138305187225342  -0.13099706172943115
   5895    -1.291350245475769  0.19906015694141388  0.16206009685993195
   5896    -0.5776426792144775  0.1789141148328781  -0.47740375995635986
   5897    0.8031125068664551  0.6444786190986633  -0.22654855251312256
   5898    -0.02332431823015213  -0.01989813707768917  1.0179470777511597
   5899    1.00269615650177  0.23343558609485626  0.603330671787262
   5900    1.0420769453048706  0.19730383157730103  0.592278003692627
   5901    0.9438251256942749  0.06577553600072861  0.6304341554641724
   5902    -0.1688862442970276  1.0405653715133667  -0.4788030982017517
   5903    -1.2664722204208374  0.8225708603858948  -0.3785150647163391
   5904    0.4229393005371094  -0.020514870062470436  -0.4487205445766449
   5905    -1.288320541381836  1.3925367593765259  -0.17643705010414124
   5906    0.49108192324638367  0.8085492849349976  0.9461200833320618
   5907    -1.2615654468536377  0.25669193267822266  0.5237672328948975
   5908    -0.16264885663986206  -0.09559692442417145  -0.5744686722755432
   5909    -0.31994011998176575  1.33659029006958  0.7411017417907715
   5910    0.009449729695916176  0.4578963816165924  1.149484395980835
   5911    -1.4628242254257202  0.556194543838501  -0.2573523223400116
   5912    -1.5654408931732178  2.0602476596832275  0.024518268182873726
   5913    0.7494502663612366  0.6407507061958313  0.7287627458572388
   5914    -1.7053545713424683  0.6857247948646545  -0.004570451099425554
   5915    -1.2175167798995972  2.1157588958740234  0.1576491743326187
   5916    -0.4331054985523224  0.9448090195655823  0.8991771936416626
   5917    -1.0355632305145264  -0.007589566987007856  0.442669540643692
   5918    -0.7725796103477478  -0.32174310088157654  -0.3409154713153839
   5919    -1.2621046304702759  1.887877106666565  -0.17488211393356323
   5920    -1.4867247343063354  1.600311517715454  -0.1615225374698639
   5921    -1.4361741542816162  1.5276113748550415  -0.17704135179519653
   5922    0.8833262920379639  0.37983161211013794  0.01625838316977024
   5923    0.45222198963165283  -0.08256600052118301  -0.35697999596595764
   5924    -0.6089785099029541  2.574627161026001  -0.11366043239831924
   5925    -1.725561499595642  1.2331291437149048  0.10081634670495987
   5926    -0.5773341655731201  -0.3309797942638397  -0.5473517775535583
   5927    -0.9707176089286804  0.3179561197757721  -0.2710353136062622
   5928    -1.2002699375152588  -0.22297704219818115  -0.1759941279888153
   5929    1.055083990097046  0.023068321868777275  -0.005781125742942095
   5930    -1.869236707687378  1.3439321517944336  0.4063718914985657
   5931    -0.7429677248001099  0.7651057243347168  0.8646932244300842
   5932    -1.8193901777267456  1.8537274599075317  0.45476406812667847
   5933    -0.09673132002353668  0.6488915085792542  1.1444181203842163
   5934    -0.14898045361042023  0.7542793154716492  -0.7365363836288452
   5935    -1.3103865385055542  0.5860460996627808  -0.3573859632015228
   5936    -0.43061840534210205  2.2212469577789307  -0.08146359771490097
   5937    -1.684897541999817  0.5423666834831238  0.15795256197452545
   5938    -0.6836541891098022  -0.0023180923890322447  -0.25987160205841064
   5939    -0.24364981055259705  1.1634269952774048  -0.43288135528564453
   5940    -1.1749507188796997  -0.33129820227622986  -0.06883540749549866
   5941    -0.07251989096403122  1.1988321542739868  -0.4336948096752167
   5942    -0.698219358921051  -0.29049718379974365  -0.35029691457748413
   5943    0.5878506302833557  0.4005339741706848  -0.42744481563568115
   5944    -0.5030547976493835  0.041233621537685394  -0.5482958555221558
   5945    -0.44370225071907043  2.6149656772613525  -0.4149042069911957
   5946    0.11897560209035873  0.15361186861991882  1.0688238143920898
   5947    0.16581939160823822  0.13788853585720062  1.0580344200134277
   5948    -0.5879127383232117  0.5443282127380371  0.842994213104248
   5949    -1.6494346857070923  0.8311936259269714  0.6329716444015503
   5950    -0.7405955791473389  -0.06089303642511368  -0.42161452770233154
   5951    -1.3117609024047852  1.9722243547439575  -0.5944492816925049
   5952    -0.7952640056610107  2.217151403427124  0.03436630219221115
   5953    -1.5819898843765259  0.4674438536167145  0.4853898584842682
   5954    0.4322837293148041  -0.2541361153125763  -0.07421213388442993
   5955    -0.9587612748146057  -0.2871715724468231  -0.2667972445487976
   5956    -0.9375799894332886  -0.28144022822380066  -0.3378206193447113
   5957    -1.8115479946136475  1.6621180772781372  0.15675519406795502
   5958    0.41449692845344543  0.2240954339504242  -0.5295634865760803
   5959    -1.1659027338027954  0.16792328655719757  0.07736892998218536
   5960    -0.7166475653648376  -0.1411091536283493  0.9049655795097351
   5961    0.45950356125831604  -0.051328953355550766  -0.39536774158477783
   5962    0.6369850635528564  0.5226852893829346  -0.39633908867836
   5963    -0.9274680018424988  1.5994478464126587  0.052199527621269226
   5964    -1.333673119544983  1.8343511819839478  -0.17890258133411407
   5965    -1.3821735382080078  1.8224374055862427  -0.16937044262886047
   5966    -1.2502143383026123  2.056406259536743  -0.24046094715595245
   5967    -0.4273800849914551  1.0250486135482788  0.8864625692367554
   5968    -1.548615574836731  2.0397136211395264  -0.09183914959430695
   5969    -1.1227818727493286  -0.31346169114112854  -0.23009783029556274
   5970    0.0792599692940712  0.6976073980331421  1.1470379829406738
   5971    -1.8280854225158691  1.8673938512802124  0.3155292868614197
   5972    0.5827690362930298  0.2550719082355499  -0.40305718779563904
   5973    -0.26866307854652405  2.2740843296051025  -0.23771944642066956
   5974    -0.014137277379631996  -0.24069315195083618  0.4072393774986267
   5975    -1.4644310474395752  2.1186299324035645  0.4833638370037079
   5976    0.011556717567145824  -0.3013280928134918  -0.47031721472740173
   5977    0.9297524094581604  0.4590134918689728  0.37524017691612244
   5978    -0.1400734931230545  -0.008341709151864052  -0.6166855096817017
   5979    -1.370586633682251  2.054124593734741  -0.9586271643638611
   5980    -1.8647958040237427  1.564731478691101  0.2811223864555359
   5981    -1.0862163305282593  0.26618894934654236  0.6336689591407776
   5982    0.5584070682525635  1.2611751556396484  -0.18692854046821594
   5983    -0.1196179911494255  0.21976369619369507  1.1179015636444092
   5984    0.9668583869934082  0.45800331234931946  0.3259487450122833
   5985    -1.2621173858642578  2.3441379070281982  -0.8533564805984497
   5986    -1.6126686334609985  1.5638021230697632  -0.10875429213047028
   5987    -1.7217127084732056  0.6194957494735718  0.15757781267166138
   5988    -1.7156428098678589  0.5848469734191895  0.2549017071723938
   5989    -1.7777634859085083  1.0199530124664307  0.222941055893898
   5990    -1.2029205560684204  -0.14067964255809784  0.29968446493148804
   5991    -0.4826962649822235  0.631422758102417  1.0921542644500732
   5992    -0.972267210483551  0.4666581153869629  0.8320966362953186
   5993    -0.674202024936676  -0.21848298609256744  0.9978866577148438
   5994    -1.030169129371643  0.4153825044631958  -0.3054962158203125
   5995    -1.2727833986282349  -0.3130932152271271  0.662351131439209
   5996    0.002819930436089635  -0.2878519296646118  -0.31399479508399963
   5997    0.10697714239358902  1.5158390998840332  0.6365194320678711
   5998    -0.649753749370575  1.4904096126556396  -0.04361302778124809
   5999    -0.12381437420845032  0.00698978453874588  1.027589201927185
   6000    -0.6165028214454651  -0.040624115616083145  -0.48362448811531067
   6001    -0.28162845969200134  -0.23100467026233673  0.10334630310535431
   6002    0.11986158788204193  -0.05110262334346771  0.9979546666145325
   6003    -0.30005428194999695  1.1862022876739502  0.8424273133277893
   6004    -1.102215051651001  0.12319578975439072  0.19269762933254242
   6005    -1.1459765434265137  0.1549515277147293  0.1811313033103943
   6006    -1.2442494630813599  2.3790669441223145  -1.0227500200271606
   6007    0.0886930599808693  0.41944295167922974  -0.6830593943595886
   6008    -0.07187166810035706  1.611361026763916  0.4079951047897339
   6009    -0.4898573160171509  -0.25293365120887756  -0.3705730140209198
   6010    -0.5393264889717102  -0.27390050888061523  -0.3815669119358063
   6011    -1.5266165733337402  0.41925185918807983  -0.011734414845705032
   6012    -1.1497902870178223  2.11081862449646  0.2772456109523773
   6013    -0.7010533213615417  2.05647611618042  0.015416069887578487
   6014    -0.3994486331939697  0.4064173698425293  -0.7659026384353638
   6015    -0.45585042238235474  0.34258827567100525  -0.7218747735023499
   6016    0.4261876940727234  0.9502066969871521  -0.44256821274757385
   6017    1.0597529411315918  0.3343174159526825  0.00604869844391942
   6018    -0.29547592997550964  1.3358486890792847  -0.3147661089897156
   6019    0.14938689768314362  0.9929907917976379  -0.4411792457103729
   6020    0.19930629432201385  1.351218581199646  -0.31346142292022705
   6021    -0.9061346650123596  0.8747773766517639  0.8676161766052246
   6022    -0.5742306709289551  0.5083110928535461  -0.6999362707138062
   6023    1.0083436965942383  0.3203026056289673  -0.014948979951441288
   6024    -0.6380072236061096  -0.006915729027241468  -0.3462674617767334
   6025    -0.7581825852394104  -0.2880061864852905  0.8707039952278137
   6026    -0.5683000087738037  2.5750598907470703  -0.11897259950637817
   6027    -1.2714297771453857  1.9809681177139282  -0.49200335144996643
   6028    -0.785285234451294  0.437161922454834  -0.3448885977268219
   6029    -0.6641380190849304  0.2190459966659546  -0.2918739914894104
   6030    -1.0617743730545044  0.014392594806849957  0.2427743673324585
   6031    -0.36718252301216125  1.1821675300598145  0.827965497970581
   6032    -0.9265055656433105  0.21224196255207062  -0.24765443801879883
   6033    -1.764452338218689  1.3861745595932007  0.02592739276587963
   6034    -0.6155238151550293  0.9680271744728088  0.884907603263855
   6035    -0.7074764966964722  1.4003430604934692  -0.21349887549877167
   6036    -1.240747332572937  2.0627734661102295  -0.484136164188385
   6037    -0.37820982933044434  -0.03973022848367691  -0.5856884121894836
   6038    0.2298845648765564  0.5601930618286133  1.0928179025650024
   6039    0.9698941111564636  0.3139132261276245  0.5643091201782227
   6040    -1.0251119136810303  0.9896359443664551  0.8617222309112549
   6041    -1.3737276792526245  0.8198785781860352  -0.33205726742744446
   6042    -1.1082271337509155  0.23252886533737183  -0.12779545783996582
   6043    -0.7425803542137146  -0.3253447413444519  0.18832843005657196
   6044    -0.3793315589427948  0.2506869435310364  1.00554358959198
   6045    -1.7510255575180054  1.5579754114151  0.9329817295074463
   6046    -0.7392780184745789  -0.30629000067710876  -0.6110739707946777
   6047    -1.2824300527572632  -0.3274820148944855  -0.16216939687728882
   6048    0.5922298431396484  0.8177891373634338  0.8703658580780029
   6049    0.17731702327728271  -0.28742340207099915  -0.23832811415195465
   6050    -0.0828608050942421  -0.2841136157512665  -0.32483112812042236
   6051    0.27667996287345886  0.8072843551635742  1.0504037141799927
   6052    -0.20301729440689087  2.3804664611816406  -0.4925691783428192
   6053    0.36749398708343506  0.5375872254371643  1.053480625152588
   6054    -0.4129848778247833  2.5064268112182617  -0.30617135763168335
   6055    -1.518541693687439  2.0786945819854736  -0.3281489312648773
   6056    -0.3901539146900177  1.5555421113967896  0.2967076003551483
   6057    -1.2810173034667969  2.219062566757202  -1.1532211303710938
   6058    1.1177676916122437  -0.0024193855933845043  0.38739001750946045
   6059    1.1298174858093262  0.20654556155204773  0.015753058716654778
   6060    -0.1735440343618393  2.489985942840576  -0.554241418838501
   6061    -0.15542615950107574  1.0346759557724  0.8800738453865051
   6062    -0.12362680584192276  0.9351387023925781  -0.6196630597114563
   6063    -1.5471818447113037  2.504796028137207  -0.9885047078132629
   6064    -1.838850736618042  1.2925670146942139  0.24398036301136017
   6065    -1.849419355392456  1.2946813106536865  0.31633636355400085
   6066    -0.6548745632171631  -0.29314181208610535  -0.6179199814796448
   6067    0.667443573474884  1.0441560745239258  0.7049374580383301
   6068    -0.9725478291511536  2.3413755893707275  -0.04754843935370445
   6069    0.15748953819274902  0.03627844899892807  1.0362226963043213
   6070    -0.5048642158508301  -0.22073063254356384  0.7120911478996277
   6071    0.19288203120231628  0.18039453029632568  -0.6010098457336426
   6072    -1.341476559638977  2.3530783653259277  -0.5398203134536743
   6073    -1.1131691932678223  0.8387100100517273  0.905615508556366
   6074    -0.9963658452033997  0.04575029015541077  0.3311217129230499
   6075    -1.802803874015808  1.586698055267334  0.8400571942329407
   6076    -0.7786470055580139  -0.24254892766475677  0.8590602278709412
   6077    -0.6018080115318298  2.219061851501465  -0.28486132621765137
   6078    0.6423171162605286  -0.23502343893051147  -0.010197925381362438
   6079    0.8303336501121521  0.17757271230220795  -0.09007829427719116
   6080    -1.584728479385376  1.2230931520462036  0.9068015217781067
   6081    -1.427054762840271  2.502654552459717  -0.8579384088516235
   6082    0.9993646740913391  0.09417084604501724  0.5985149145126343
   6083    -0.42086219787597656  -0.24769560992717743  -0.35982072353363037
   6084    -0.6193708777427673  1.267848014831543  -0.3455841839313507
   6085    0.6749492883682251  1.1563225984573364  -0.16883975267410278
   6086    -0.18881291151046753  0.2851744294166565  -0.7168009877204895
   6087    -0.1521516591310501  0.3762359023094177  -0.7229187488555908
   6088    0.13318981230258942  0.1403348445892334  -0.615330696105957
   6089    -0.8132184743881226  -0.14837238192558289  -0.467923104763031
   6090    -0.8123885989189148  2.0426409244537354  0.09627354890108109
   6091    -0.8670297861099243  1.9670767784118652  0.10287223011255264
   6092    -1.038040280342102  1.5876474380493164  0.6697565317153931
   6093    -1.4628626108169556  1.606424331665039  1.0341421365737915
   6094    -1.2559075355529785  0.9864078164100647  0.8467362523078918
   6095    -1.1445878744125366  1.337957501411438  0.7574526071548462
   6096    0.034276630729436874  -0.012041369453072548  1.0322926044464111
   6097    0.7797224521636963  0.38360413908958435  -0.23316527903079987
   6098    0.7855952978134155  0.6995423436164856  -0.2658587396144867
   6099    -1.7230790853500366  2.031954050064087  0.1872127205133438
   6100    -0.2761554419994354  -0.13004767894744873  -0.5343466997146606
   6101    -1.0265648365020752  -0.2822962701320648  0.9245100617408752
   6102    -0.596849799156189  0.27025458216667175  -0.4872263967990875
   6103    -0.466483473777771  -0.08744040131568909  1.0540157556533813
   6104    -0.0033614537678658962  -0.31773072481155396  -0.36072584986686707
   6105    -1.7749260663986206  0.7531594634056091  0.34145602583885193
   6106    -0.7538187503814697  2.4238452911376953  0.01620144210755825
   6107    -0.9857206344604492  0.5091750621795654  0.8610305786132812
   6108    -1.6500200033187866  0.691764235496521  -0.10720282047986984
   6109    0.041280556470155716  1.1873867511749268  -0.4038129150867462
   6110    -0.667722225189209  -0.3275187909603119  -0.4436740279197693
   6111    -0.5865774154663086  2.0943679809570312  -0.13151009380817413
   6112    -0.01724255643785  1.5560624599456787  0.5765511989593506
   6113    -0.6601709723472595  1.1474066972732544  0.779435932636261
   6114    0.11127529293298721  -0.3195146918296814  0.04762251675128937
   6115    -1.4547611474990845  1.7978260517120361  -0.14190459251403809
   6116    0.2311829775571823  0.927868127822876  -0.5011701583862305
   6117    -1.5025438070297241  0.7972676753997803  0.7945759892463684
   6118    -1.0904645919799805  0.18886502087116241  0.4766715466976166
   6119    0.18655651807785034  -0.28695157170295715  0.8954943418502808
   6120    -1.7374112606048584  0.6939224600791931  0.279192715883255
   6121    0.2271890938282013  0.71391361951828  -0.6199495196342468
   6122    0.45592886209487915  1.511245846748352  0.30790555477142334
   6123    -1.2314367294311523  2.1530113220214844  -0.49672800302505493
   6124    0.6378442645072937  0.41631537675857544  0.8151592016220093
   6125    -0.4068619906902313  2.7311599254608154  -0.3320100009441376
   6126    -0.6680030226707458  -0.29196402430534363  0.9665893316268921
   6127    -1.0247706174850464  0.47696536779403687  -0.33351024985313416
   6128    -1.239107608795166  0.18813757598400116  0.35836270451545715
   6129    -1.3240509033203125  0.23823359608650208  0.4293903708457947
   6130    0.26660043001174927  1.0360400676727295  -0.445378839969635
   6131    0.22947479784488678  0.9747859835624695  -0.45711931586265564
   6132    -0.962984561920166  1.415938138961792  0.580622673034668
   6133    0.5161928534507751  -0.17180100083351135  -0.10572589188814163
   6134    -1.1744004487991333  -0.2520805597305298  0.9290231466293335
   6135    -0.16567692160606384  0.11867742240428925  1.0634514093399048
   6136    -0.624259889125824  2.4912362098693848  -0.3128480911254883
   6137    -1.7953553199768066  1.627022385597229  0.09657858312129974
   6138    -1.0339305400848389  1.3611959218978882  0.6650161743164062
   6139    0.7416139245033264  0.8194791078567505  -0.27547988295555115
   6140    0.38860994577407837  -0.2575396001338959  -0.18343763053417206
   6141    -1.2641403675079346  0.4127030372619629  -0.26997625827789307
   6142    0.2404647022485733  0.12273480743169785  1.0414294004440308
   6143    -0.2843572497367859  -0.23199674487113953  0.007299426943063736
   6144    -0.678412139415741  -0.3247065842151642  0.24796022474765778
   6145    -1.4332157373428345  1.8768835067749023  -0.2756091356277466
   6146    -1.405564546585083  1.893791675567627  -0.3608083426952362
   6147    -1.1196564435958862  1.960370421409607  -0.03556326776742935
   6148    -1.7837944030761719  1.0210996866226196  0.3178582191467285
   6149    0.6588222980499268  1.24019193649292  0.5770183205604553
   6150    0.696761429309845  -0.0254764873534441  -0.1301245242357254
   6151    -0.45253196358680725  2.662001132965088  -0.225242480635643
   6152    0.8674160242080688  -0.08117000013589859  -0.06763680279254913
   6153    -1.248761773109436  1.8569897413253784  0.7509846687316895
   6154    0.6385288238525391  0.6213206648826599  0.8543186783790588
   6155    0.5768259763717651  0.577266275882721  0.8965390920639038
   6156    -1.3318487405776978  2.2365221977233887  -0.2951359748840332
   6157    -1.7518190145492554  0.9252525568008423  0.06729826331138611
   6158    -0.3651750385761261  1.390568733215332  0.6917822957038879
   6159    0.04573012888431549  0.9340628385543823  -0.5781292915344238
   6160    -0.442300945520401  -0.23981137573719025  0.3449552357196808
   6161    -1.2341023683547974  2.2154760360717773  -0.7019764184951782
   6162    -0.28245842456817627  -0.0989924892783165  -0.5600776672363281
   6163    0.1698203980922699  -0.27539584040641785  -0.15574908256530762
   6164    -0.8387913107872009  1.5031524896621704  -0.16631974279880524
   6165    -1.3114591836929321  -0.29289260506629944  0.7630968689918518
   6166    0.7652789950370789  0.1095573902130127  -0.11753084510564804
   6167    -0.6170278787612915  1.5139211416244507  0.11282026022672653
   6168    -1.5621469020843506  2.1814074516296387  -0.4323088824748993
   6169    -0.8809811472892761  0.3392791152000427  0.8101201057434082
   6170    0.5750672221183777  1.146274209022522  0.7382327914237976
   6171    0.540774941444397  1.1221673488616943  0.7634242177009583
   6172    -0.6293333172798157  0.50787752866745  -0.62754225730896
   6173    -1.5587977170944214  0.6550127863883972  -0.21139664947986603
   6174    -0.68846595287323  0.4519006907939911  -0.40285933017730713
   6175    -0.5894477963447571  -0.2220250964164734  1.063978910446167
   6176    -0.6503156423568726  2.5404293537139893  -0.08785419166088104
   6177    -1.5181595087051392  2.372814655303955  -0.5587050318717957
   6178    0.3523028790950775  1.0884956121444702  -0.39155155420303345
   6179    -0.08243479579687119  1.3531465530395508  0.7888876795768738
   6180    -1.7400565147399902  0.6943173408508301  0.07746612280607224
   6181    -1.16970694065094  0.7370986342430115  0.8902822732925415
   6182    0.906507134437561  0.3624318540096283  0.03205328434705734
   6183    -0.059804316610097885  -0.24432820081710815  0.23701700568199158
   6184    -0.04810464009642601  -0.07994136959314346  -0.5688635110855103
   6185    -1.4212692975997925  0.6248196959495544  0.8032717704772949
   6186    0.22425106167793274  -0.08272608369588852  0.9015452265739441
   6187    0.21081525087356567  0.392524778842926  -0.63074791431427
   6188    -0.202647402882576  0.05323267728090286  1.0337882041931152
   6189    -0.24200454354286194  0.04225712642073631  1.0233161449432373
   6190    -1.158004641532898  1.4105249643325806  0.7988237142562866
   6191    0.11420471966266632  1.5347691774368286  -0.1307878941297531
   6192    0.5610353946685791  1.1345072984695435  -0.27866628766059875
   6193    -0.6090224385261536  1.5186796188354492  0.2649933397769928
   6194    0.7554928660392761  0.2048216462135315  0.6676181554794312
   6195    -0.9754223227500916  1.5085347890853882  0.616797149181366
   6196    -0.36932307481765747  0.5776611566543579  -0.7758557200431824
   6197    -1.539176106452942  1.191719651222229  0.8572738170623779
   6198    -0.4768029749393463  0.8894599080085754  0.932515025138855
   6199    0.24683091044425964  0.9349542856216431  0.9818859696388245
   6200    -1.5216310024261475  2.237485647201538  -0.29559582471847534
   6201    0.13461357355117798  0.25832435488700867  1.112977147102356
   6202    -1.1744786500930786  0.4344930350780487  -0.3237972557544708
   6203    -1.1046870946884155  0.5064717531204224  -0.3708399832248688
   6204    -1.3719948530197144  1.7254021167755127  -0.16599756479263306
   6205    0.4137718081474304  0.4000372588634491  -0.5624957084655762
   6206    0.9250192046165466  0.11812958866357803  0.6447067260742188
   6207    -0.6017442345619202  1.4084404706954956  0.5466055870056152
   6208    -1.561347246170044  1.4823329448699951  1.043378233909607
   6209    -1.0512586832046509  1.3393831253051758  -0.2934580147266388
   6210    -1.584542989730835  1.525560975074768  -0.12211146950721741
   6211    -0.3054623603820801  0.10732103139162064  1.0194354057312012
   6212    -0.9679479002952576  -0.24803295731544495  0.9127585887908936
   6213    0.44847798347473145  0.07080642879009247  0.8864895701408386
   6214    -1.1122103929519653  1.9656461477279663  0.5762746334075928
   6215    0.7396984100341797  -0.01723790168762207  0.6340036392211914
   6216    -0.9821599125862122  0.06334232538938522  0.7029356360435486
   6217    -0.13351985812187195  1.342644453048706  0.7835018634796143
   6218    0.8402116894721985  0.6234272122383118  -0.1356203407049179
   6219    -0.49356287717819214  2.1321933269500732  -0.07996521890163422
   6220    -1.08045494556427  1.2830957174301147  0.6986178755760193
   6221    -1.0198371410369873  1.2640676498413086  0.70638108253479
   6222    0.5041700005531311  -0.07017800211906433  -0.3323479890823364
   6223    -1.2701284885406494  0.8294363617897034  0.898073673248291
   6224    -0.08390133082866669  -0.10950955748558044  0.9418519735336304
   6225    -1.4972947835922241  2.054943561553955  -0.4203191101551056
   6226    -1.4830904006958008  2.081347703933716  -0.46330809593200684
   6227    -1.310986042022705  -0.26526737213134766  0.5338380336761475
   6228    -1.7387316226959229  1.4319487810134888  -0.03342176973819733
   6229    0.8727855682373047  0.6331267952919006  0.5347846150398254
   6230    -1.2016303539276123  -0.32353371381759644  0.35772740840911865
   6231    -1.130159616470337  -0.3291168808937073  0.368652880191803
   6232    -0.3472886085510254  -0.02710866369307041  0.9556846618652344
   6233    -1.3925591707229614  1.3593944311141968  -0.16786473989486694
   6234    0.5899515748023987  -0.28873351216316223  0.3457830846309662
   6235    -1.2463141679763794  -0.0860731303691864  0.7254548668861389
   6236    -0.7180659770965576  0.7021057605743408  0.8704785704612732
   6237    -0.4926013648509979  2.3351950645446777  -0.35577523708343506
   6238    0.5666529536247253  -0.3004390299320221  0.1277768313884735
   6239    -1.5398893356323242  2.0856118202209473  -0.2865028977394104
   6240    -1.5475062131881714  2.1054155826568604  -0.27501311898231506
   6241    0.34439748525619507  1.35976243019104  -0.2532244622707367
   6242    -1.347303032875061  2.6201725006103516  -1.1291966438293457
   6243    0.04549272730946541  0.8664063215255737  -0.649829089641571
   6244    -1.1394944190979004  0.11047349125146866  0.07128677517175674
   6245    -0.445782333612442  1.2739894390106201  -0.3478087782859802
   6246    -0.5211708545684814  1.4133572578430176  0.5683014988899231
   6247    0.06018168479204178  0.3662964403629303  -0.6625370979309082
   6248    -1.087414026260376  1.4936898946762085  -0.13635580241680145
   6249    -1.070822834968567  1.5550438165664673  -0.10277765989303589
   6250    -0.6471717953681946  -0.14075423777103424  0.99480140209198
   6251    -0.9846946597099304  1.932435154914856  0.20234881341457367
   6252    -0.8056407570838928  0.7873535752296448  -0.4594886600971222
   6253    -1.6001310348510742  0.6413862705230713  -0.1431787759065628
   6254    0.38414785265922546  1.3133305311203003  0.7254893779754639
   6255    0.09599582850933075  0.38865983486175537  1.1137349605560303
   6256    -0.7670602202415466  0.58821702003479  0.8586064577102661
   6257    -1.2307319641113281  2.2076079845428467  -0.6601831316947937
   6258    -0.07518316805362701  0.5539956092834473  -0.740066409111023
   6259    -0.9317543506622314  1.5549691915512085  -0.0778210237622261
   6260    -1.5466394424438477  2.5449459552764893  -0.9408055543899536
   6261    -0.4167015254497528  2.713613748550415  -0.2827886641025543
   6262    -0.823739767074585  2.1096770763397217  -0.18295367062091827
   6263    -0.49560481309890747  0.9809826016426086  0.8931346535682678
   6264    0.0779440701007843  0.009746050462126732  1.05099356174469
   6265    -0.8629791736602783  -0.31573745608329773  -0.5313113927841187
   6266    -1.3823535442352295  2.1875274181365967  -0.14308540523052216
   6267    -1.3010814189910889  1.8645602464675903  0.8047686219215393
   6268    -0.03190266713500023  -0.2407812923192978  0.37501272559165955
   6269    0.47621119022369385  -0.3024178445339203  0.2069963812828064
   6270    -1.5335277318954468  1.9422062635421753  -0.13248677551746368
   6271    -1.1624990701675415  0.19959615170955658  -0.010179747827351093
   6272    -0.05974990874528885  0.2607637643814087  1.1259946823120117
   6273    0.9776947498321533  0.25696396827697754  -0.06008095294237137
   6274    -1.506006121635437  1.7225571870803833  -0.13019980490207672
   6275    -0.7903631925582886  2.167290449142456  -0.22454078495502472
   6276    0.33087682723999023  0.021430324763059616  -0.5211411118507385
   6277    -0.17665253579616547  -0.0837593600153923  0.9554667472839355
   6278    0.7937598824501038  1.1038466691970825  0.012035847641527653
   6279    -0.31388795375823975  0.24868576228618622  1.0644505023956299
   6280    -1.1603975296020508  0.2160719633102417  -0.05788964033126831
   6281    -0.21169589459896088  0.5636374354362488  1.1573996543884277
   6282    -1.208674669265747  -0.060555752366781235  0.7039352059364319
   6283    -0.5095804333686829  0.7604394555091858  1.0209362506866455
   6284    -0.8831562995910645  -0.11114422976970673  -0.26616179943084717
   6285    0.4432417154312134  1.0947431325912476  0.8355096578598022
   6286    -0.1448598951101303  1.2521491050720215  0.8322780728340149
   6287    -0.7009778022766113  0.7126586437225342  -0.48687273263931274
   6288    -1.843796968460083  1.321757197380066  0.7620207667350769
   6289    -1.8271808624267578  1.3499829769134521  0.5697884559631348
   6290    -0.38456058502197266  0.07043322175741196  0.9544026255607605
   6291    0.6609011888504028  0.4924643635749817  -0.3504285216331482
   6292    -0.5637000203132629  0.12066508084535599  -0.48276636004447937
   6293    -1.038669228553772  0.6640137434005737  0.8960691690444946
   6294    -1.4898005723953247  2.1121203899383545  -0.4472429156303406
   6295    -0.7579759955406189  -0.13443170487880707  0.8374963998794556
   6296    -0.7410371899604797  -0.1028415858745575  0.8252941966056824
   6297    -0.28370219469070435  2.3213350772857666  -0.26607340574264526
   6298    -0.44814199209213257  0.020268000662326813  0.8819900155067444
   6299    -0.4724663496017456  -0.0024167431984096766  0.9376551508903503
   6300    -0.6874142289161682  -0.2325410693883896  -0.27330973744392395
   6301    -0.9604560136795044  1.8920799493789673  0.10902159661054611
   6302    -1.7970571517944336  1.7938265800476074  0.5025148391723633
   6303    -1.5704652070999146  2.485853910446167  -0.8799859285354614
   6304    -1.5082460641860962  2.299959659576416  -0.39150866866111755
   6305    0.04500176012516022  1.6253812313079834  0.36779356002807617
   6306    0.3471689522266388  0.2767408490180969  0.9970006346702576
   6307    -0.08654669672250748  -0.3081000745296478  0.8891913294792175
   6308    -0.6896746754646301  1.0747761726379395  -0.42565664649009705
   6309    -1.027003526687622  2.2045414447784424  0.1527264416217804
   6310    0.2648002803325653  1.0088895559310913  0.9554007649421692
   6311    -0.7382921576499939  2.393594264984131  0.026845159009099007
   6312    -0.9941601753234863  -0.3076549172401428  0.8564288020133972
   6313    -0.269070029258728  2.2447738647460938  -0.2878544330596924
   6314    -1.8529391288757324  1.49832022190094  0.7327325344085693
   6315    0.9491004943847656  0.46837636828422546  0.20082899928092957
   6316    -0.7752959132194519  0.7264617085456848  -0.43804290890693665
   6317    -1.5326124429702759  2.029069185256958  -0.14518894255161285
   6318    -1.6074914932250977  1.152052402496338  0.6082406640052795
   6319    -1.6346126794815063  1.1423131227493286  0.5724934339523315
   6320    -0.21722599864006042  2.322200059890747  -0.4194119870662689
   6321    -1.5631134510040283  2.278157949447632  -0.647105872631073
   6322    -1.8435406684875488  1.5172679424285889  0.6489425301551819
   6323    -0.8449021577835083  0.18860679864883423  0.805557370185852
   6324    -1.5391108989715576  2.359814167022705  -0.8101105690002441
   6325    -1.2415814399719238  2.2166333198547363  -0.5189335346221924
   6326    -0.7090784311294556  2.1613032817840576  0.07810334116220474
   6327    -1.3201508522033691  2.108602523803711  0.15804323554039001
   6328    0.8540239334106445  0.4875524044036865  -0.09870761632919312
   6329    -0.37263181805610657  2.24808406829834  -0.14166845381259918
   6330    -0.3665922284126282  2.2225754261016846  -0.12145351618528366
   6331    -0.37316200137138367  0.9701619744300842  0.8930500149726868
   6332    0.08025482296943665  -0.2615683078765869  -0.04038863256573677
   6333    0.24035772681236267  0.5704705119132996  -0.6303860545158386
   6334    -0.2015344798564911  -0.2835919260978699  0.9897295832633972
   6335    -1.6624720096588135  1.4571731090545654  0.9893263578414917
   6336    -1.0924299955368042  1.2294255495071411  0.7292370200157166
   6337    -0.6801602840423584  2.535499095916748  -0.09977871179580688
   6338    0.10934082418680191  0.5436969995498657  -0.6868371367454529
   6339    -1.4207960367202759  -0.22521235048770905  0.023688161745667458
   6340    -0.22679999470710754  2.6274800300598145  -0.5853760242462158
   6341    0.1782921403646469  1.0309362411499023  0.9408122897148132
   6342    -0.09495260566473007  0.06899921596050262  1.075347900390625
   6343    -1.0519535541534424  -0.20554302632808685  0.9357019662857056
   6344    -0.8866006731987  -0.27334555983543396  0.8908200860023499
   6345    -0.5869345664978027  0.8893786668777466  -0.4905826449394226
   6346    -1.0356820821762085  0.08478769659996033  0.26393193006515503
   6347    -1.2795552015304565  -0.13244491815567017  0.6214291453361511
   6348    -0.9539051055908203  1.3644944429397583  -0.2909609377384186
   6349    0.4438602328300476  -0.11563970148563385  -0.3291243612766266
   6350    -0.6327750086784363  1.2476054430007935  0.7114330530166626
   6351    -1.5831308364868164  0.4491941034793854  0.044828593730926514
   6352    -0.9404914975166321  1.8955750465393066  0.07828787714242935
   6353    -0.9523802995681763  -0.22632840275764465  -0.24507829546928406
   6354    -1.6881635189056396  1.3522717952728271  0.9750277400016785
   6355    1.0764195919036865  0.4714367687702179  0.2532868981361389
   6356    -0.13576668500900269  -0.23366133868694305  0.3208434581756592
   6357    -0.9524912238121033  2.355051040649414  -0.0787108987569809
   6358    -1.6410608291625977  0.49917909502983093  0.28085675835609436
   6359    -0.10669872164726257  0.3106842637062073  -0.7020874619483948
   6360    -0.7435036301612854  0.04642566666007042  -0.21050499379634857
   6361    -0.7104671001434326  0.11818669736385345  -0.2123546451330185
   6362    0.4107324481010437  -0.2870822846889496  0.6359683871269226
   6363    -1.4111404418945312  0.7348691821098328  0.8369230031967163
   6364    -1.0818977355957031  -0.016469473019242287  0.741178035736084
   6365    -1.3473018407821655  1.913773536682129  -0.4356936812400818
   6366    0.7315979599952698  -0.12432456761598587  0.5900313258171082
   6367    -1.579054594039917  2.441784620285034  -0.8743288516998291
   6368    0.5165860056877136  1.245111346244812  0.7046641707420349
   6369    -1.1008808612823486  2.198726177215576  -0.0071595716290175915
   6370    0.3239021301269531  1.4696623086929321  0.6039621829986572
   6371    -1.1576569080352783  0.0033678358886390924  0.05209504812955856
   6372    -0.4400322735309601  1.3059234619140625  0.7306768298149109
   6373    -0.6013216376304626  1.0120933055877686  0.863752007484436
   6374    -0.6929574012756348  0.5761229395866394  -0.4647810757160187
   6375    -0.7384477257728577  0.5607666969299316  -0.388334721326828
   6376    -1.460906744003296  2.4248294830322266  -0.9647798538208008
   6377    -0.43050456047058105  2.1580450534820557  -0.17012277245521545
   6378    -0.1612369418144226  0.9073294401168823  -0.6569917798042297
   6379    -1.3732614517211914  0.24930685758590698  0.07705359160900116
   6380    -0.23972094058990479  -0.08180394023656845  0.9744696617126465
   6381    -1.2171318531036377  0.9789659380912781  -0.3706960380077362
   6382    -0.5043640732765198  0.9355311393737793  -0.494047611951828
   6383    -0.3619188964366913  0.7526154518127441  1.1293483972549438
   6384    -1.3368699550628662  1.2167574167251587  0.7618432641029358
   6385    -0.3831634223461151  2.194345474243164  -0.11789742112159729
   6386    0.5595603585243225  0.04978368803858757  -0.39427459239959717
   6387    0.4040922224521637  -0.3125677704811096  0.05446972697973251
   6388    0.19167949259281158  0.07797928899526596  1.0476648807525635
   6389    -0.6524559855461121  0.01333600003272295  -0.2304379940032959
   6390    -0.6527900099754333  0.09832199662923813  -0.22541800141334534
   6391    0.27593985199928284  -0.22624972462654114  -0.4421001672744751
   6392    -0.07838590443134308  0.9979290962219238  0.9808458685874939
   6393    -0.2295432686805725  2.338463068008423  -0.44237032532691956
   6394    -0.7175559997558594  2.190119981765747  0.04817260056734085
   6395    1.1447149515151978  0.36569294333457947  0.07289518415927887
   6396    -1.3620504140853882  2.3394789695739746  -1.090111255645752
   6397    -0.47068101167678833  0.7644999623298645  1.0657624006271362
   6398    -0.7733989953994751  1.4638339281082153  0.5307632088661194
   6399    -1.1634221076965332  1.7448220252990723  -0.11473947763442993
   6400    0.198302760720253  -0.3051450252532959  0.5134137272834778
   6401    -0.6726899147033691  -0.30358004570007324  0.8793020844459534
   6402    -0.5288276672363281  1.3199659585952759  0.6611887216567993
   6403    -0.21512344479560852  0.4745789170265198  1.130954384803772
   6404    -0.273675799369812  -0.2973279654979706  0.9885897040367126
   6405    -0.3245578706264496  -0.29580965638160706  1.0098823308944702
   6406    -0.9552507996559143  2.155618667602539  0.17757795751094818
   6407    -1.5807808637619019  2.3324263095855713  -0.714338481426239
   6408    -0.43465307354927063  1.0020685195922852  -0.4842298924922943
   6409    -0.016544144600629807  -0.21768568456172943  0.9379398822784424
   6410    0.003341960720717907  -0.2815419137477875  0.9346460103988647
   6411    -0.4999190866947174  -0.0149045679718256  -0.5347028374671936
   6412    -0.7024258971214294  0.0912025198340416  0.7660378813743591
   6413    0.3124677240848541  0.5643046498298645  1.0778601169586182
   6414    -1.397236943244934  -0.2970840036869049  0.22535787522792816
   6415    -1.3943524360656738  0.48229870200157166  -0.25694578886032104
   6416    -1.019516944885254  1.954234004020691  -0.05116644129157066
   6417    0.037617530673742294  0.7813460230827332  1.1237872838974
   6418    -0.6351560354232788  -0.2677774727344513  -0.36474764347076416
   6419    -1.5984643697738647  1.1837924718856812  0.6648575067520142
   6420    -1.1352572441101074  0.5771976113319397  -0.3995492160320282
   6421    -0.8015314936637878  1.3121212720870972  -0.3067474961280823
   6422    0.9150575399398804  0.5592162609100342  0.4225100576877594
   6423    0.41252726316452026  1.4069604873657227  -0.154023677110672
   6424    -1.4743372201919556  0.9643136858940125  0.786098837852478
   6425    0.6372597813606262  -0.11750476062297821  -0.10938581824302673
   6426    0.16858242452144623  0.7629615068435669  -0.6479181051254272
   6427    0.3389120399951935  1.3994320631027222  0.6823920607566833
   6428    0.449325829744339  -0.24983061850070953  0.6909112334251404
   6429    -0.7877737879753113  2.188755750656128  0.04588707536458969
   6430    0.33740153908729553  -0.0894792228937149  -0.47243812680244446
   6431    -1.0076838731765747  1.6447598934173584  -0.03444478288292885
   6432    1.1805047988891602  0.4152243733406067  0.29184508323669434
   6433    -1.7962400913238525  1.7103992700576782  0.6866179704666138
   6434    -0.5021963715553284  2.607863664627075  -0.18156196177005768
   6435    -1.4712915420532227  1.8581321239471436  -0.15323980152606964
   6436    -1.1291829347610474  1.6587352752685547  0.7139496803283691
   6437    -1.3141859769821167  2.593864679336548  -1.2048455476760864
   6438    -0.7003212571144104  -0.32510489225387573  0.24210231006145477
   6439    -0.803398072719574  0.29368171095848083  -0.280490905046463
   6440    -0.4327892065048218  -0.23334261775016785  0.5399717092514038
   6441    -0.23664043843746185  1.0371145009994507  0.8775596022605896
   6442    -0.3188364505767822  -0.2241596132516861  -0.2857355773448944
   6443    -1.2858328819274902  2.0540082454681396  -0.04087289050221443
   6444    -0.8277683258056641  2.3187034130096436  0.07987525314092636
   6445    -0.9019041657447815  2.402068853378296  -0.07094547897577286
   6446    -1.4849497079849243  2.5991714000701904  -1.025968313217163
   6447    0.27274298667907715  -0.3119017779827118  -0.2957804799079895
   6448    -1.2659242153167725  0.20881235599517822  0.06299113482236862
   6449    -1.2678455114364624  0.23077090084552765  -0.02491706609725952
   6450    -1.7599809169769287  1.2487359046936035  0.14611122012138367
   6451    -1.638796329498291  1.6531357765197754  -0.06683637201786041
   6452    -1.3853932619094849  -0.3219899535179138  -0.06800241768360138
   6453    -1.39210045337677  -0.3112058639526367  -0.08830162137746811
   6454    0.2123243808746338  -0.2767176330089569  -0.4517141580581665
   6455    0.678222119808197  0.8714105486869812  -0.3106342852115631
   6456    0.4739271104335785  0.68732750415802  -0.5034840703010559
   6457    -1.2614012956619263  2.565477132797241  -1.1653059720993042
   6458    -1.2231924533843994  2.476961374282837  -1.2231206893920898
   6459    -1.2618608474731445  2.4554283618927  -1.2348659038543701
   6460    -0.5861088633537292  1.3830426931381226  -0.22098085284233093
   6461    -0.16266006231307983  0.1425110250711441  -0.6711314916610718
   6462    -1.284621238708496  -0.32515543699264526  -0.12802395224571228
   6463    -0.5181108713150024  2.635700225830078  -0.1738300919532776
   6464    0.04520745202898979  0.3366946280002594  1.1222562789916992
   6465    0.06068970263004303  0.0789044201374054  1.0722386837005615
   6466    -1.506118893623352  1.3541145324707031  1.052001714706421
   6467    0.6961053609848022  0.32603612542152405  -0.31155064702033997
   6468    -0.6103595495223999  0.7519999742507935  0.8756017684936523
   6469    -0.05314617231488228  1.2649766206741333  -0.3764788508415222
   6470    0.5091680288314819  -0.23223400115966797  -0.0607622005045414
   6471    -1.0995231866836548  2.192067861557007  0.1370115727186203
   6472    -0.7055469751358032  2.30472469329834  -0.056001465767621994
   6473    -0.6511698365211487  2.3050074577331543  -0.0945906862616539
   6474    0.5985720753669739  0.7262635231018066  0.8629041910171509
   6475    -0.40203750133514404  -0.15508073568344116  -0.5713179111480713
   6476    -0.10907211154699326  -0.2792118787765503  0.9706800580024719
   6477    -1.5524643659591675  1.982362151145935  -0.09887783974409103
   6478    -1.2274667024612427  1.0238709449768066  0.8463993072509766
   6479    -0.6329012513160706  -0.31859293580055237  0.38452407717704773
   6480    -0.660175621509552  0.5638542771339417  0.8263459801673889
   6481    0.7725802659988403  -0.2392059564590454  0.2741965651512146
   6482    0.2113676518201828  0.24849878251552582  -0.6135292649269104
   6483    -1.6348153352737427  0.46631714701652527  0.15892578661441803
   6484    0.8829005360603333  0.33058086037635803  0.0044983625411987305
   6485    0.7357914447784424  0.18163222074508667  -0.2033233791589737
   6486    -1.6338858604431152  0.46942174434661865  0.24076777696609497
   6487    -1.057928442955017  1.3833680152893066  -0.25919386744499207
   6488    -0.5896537899971008  2.599182367324829  -0.14547137916088104
   6489    -1.130685806274414  -0.32931986451148987  0.006565396208316088
   6490    -1.245249629020691  2.0312016010284424  -0.30330368876457214
   6491    -0.17879152297973633  -0.21894222497940063  -0.2609252631664276
   6492    0.6879874467849731  0.5498522520065308  0.8020073175430298
   6493    0.19887879490852356  -0.2741680145263672  0.6700059771537781
   6494    -0.8342497944831848  2.453026533126831  -0.1109616756439209
   6495    0.5552610158920288  0.18644313514232635  -0.42565983533859253
   6496    0.11139713227748871  -0.3096614480018616  0.1050778180360794
   6497    -0.7047677040100098  -0.23198597133159637  -0.21994242072105408
   6498    -0.6244338750839233  0.02195693552494049  -0.2971300184726715
   6499    -0.8668380975723267  1.5439403057098389  0.3699774742126465
   6500    -0.36694371700286865  1.103302001953125  0.8583629727363586
   6501    -0.34560367465019226  -0.29202160239219666  -0.37354421615600586
   6502    -1.010270595550537  0.5648779273033142  -0.38304316997528076
   6503    -0.7395544648170471  0.6513567566871643  0.8747680187225342
   6504    -1.3423478603363037  2.1614818572998047  -1.101547360420227
   6505    -0.7734700441360474  0.16932526230812073  -0.22578735649585724
   6506    -0.7553004622459412  0.1983826905488968  -0.2376575767993927
   6507    -0.7098970413208008  -0.16969521343708038  -0.5852357149124146
   6508    -0.9057985544204712  2.260423183441162  0.11701910197734833
   6509    -0.8577819466590881  1.5750409364700317  0.27424365282058716
   6510    0.32627055048942566  -0.30003803968429565  0.7747522592544556
   6511    0.07523952424526215  1.075423240661621  0.8632163405418396
   6512    -0.5728524923324585  -0.32805269956588745  -0.4637315273284912
   6513    -1.247066617012024  1.5404529571533203  0.8565495610237122
   6514    -1.1348780393600464  0.1849558800458908  -0.03969233110547066
   6515    -1.0267102718353271  1.9762089252471924  0.29510006308555603
   6516    -0.2399412989616394  0.2714918255805969  1.1006004810333252
   6517    -0.8733524680137634  2.351168155670166  -0.17653709650039673
   6518    -1.275646686553955  2.1098251342773438  -0.7987369298934937
   6519    -0.3416700065135956  2.7442800998687744  -0.43243199586868286
   6520    -1.0791971683502197  -0.303381085395813  -0.24191711843013763
   6521    -1.1489996910095215  -0.2958216369152069  -0.2132910043001175
   6522    -1.4290953874588013  -0.3166327476501465  0.042929429560899734
   6523    -1.5000615119934082  0.37555012106895447  0.02044662833213806
   6524    -1.5071262121200562  0.3567354083061218  0.06859833747148514
   6525    0.11110149323940277  0.5039230585098267  1.1331325769424438
   6526    0.6213520169258118  0.01618095301091671  -0.20996832847595215
   6527    -1.4515999555587769  0.2839656174182892  0.35961419343948364
   6528    -1.7913897037506104  2.0301451683044434  0.37890127301216125
   6529    -0.9253893494606018  0.012215666472911835  0.7651479840278625
   6530    -0.8512051701545715  2.4287052154541016  -0.14469844102859497
   6531    0.7577074766159058  -0.03587128594517708  -0.1245192140340805
   6532    -0.04703395441174507  -0.2976873219013214  0.9287948608398438
   6533    -0.9349988102912903  0.8309825658798218  0.8703467845916748
   6534    -1.5000576972961426  2.114835262298584  -0.02408633939921856
   6535    -1.6750380992889404  1.1715627908706665  0.04170842468738556
   6536    -0.9325448274612427  -0.1845078468322754  -0.24607396125793457
   6537    -1.2319060564041138  2.014127731323242  -0.016733648255467415
   6538    -0.8639230728149414  -0.2702423930168152  -0.5281557440757751
   6539    -1.4402780532836914  2.6199800968170166  -1.0567539930343628
   6540    -1.8821096420288086  1.4490344524383545  0.3030378520488739
   6541    0.1956319361925125  1.1403700113296509  0.8274835348129272
   6542    0.1931164711713791  1.1674950122833252  0.8074579238891602
   6543    0.21825703978538513  1.2118282318115234  0.7892596125602722
   6544    -1.8533738851547241  1.470746636390686  0.8189266920089722
   6545    -0.5897426605224609  1.0235214233398438  -0.4604648947715759
   6546    -0.8677938580513  -0.30559876561164856  0.827536940574646
   6547    -1.7285603284835815  0.7122036218643188  0.46597298979759216
   6548    -1.7781052589416504  0.9120084047317505  0.1585226207971573
   6549    0.3990902304649353  -0.2580249011516571  0.8030442595481873
   6550    0.3435876667499542  -0.2738668620586395  0.8429484963417053
   6551    -1.2368755340576172  1.897330641746521  -0.1071522980928421
   6552    -1.2014565467834473  1.9324790239334106  -0.053207866847515106
   6553    0.677483081817627  0.7926927208900452  0.823641300201416
   6554    -1.1231297254562378  1.3040498495101929  0.7189382910728455
   6555    -0.6566528081893921  -0.26108232140541077  1.0081452131271362
   6556    -1.1287600994110107  1.7909526824951172  0.6320409178733826
   6557    -0.1078983023762703  0.04519399628043175  -0.6399975419044495
   6558    -0.28732332587242126  2.711001396179199  -0.5053650140762329
   6559    0.8498966097831726  0.2844396233558655  0.5578035116195679
   6560    -0.7181891798973083  0.7792808413505554  0.8637418746948242
   6561    -0.1749841868877411  2.394517421722412  -0.46298444271087646
   6562    -1.2769933938980103  2.1845641136169434  -1.1005750894546509
   6563    -1.2975884675979614  1.8869794607162476  -0.2730485200881958
   6564    -1.759268045425415  1.0874348878860474  0.3248918652534485
   6565    1.051249384880066  -0.032758213579654694  0.0496329665184021
   6566    -0.1885846108198166  2.4465200901031494  -0.5514220595359802
   6567    -0.5958934426307678  2.083503484725952  -0.09609121829271317
   6568    -1.4778536558151245  2.209364175796509  -0.6595418453216553
   6569    -0.4304061830043793  0.9159828424453735  0.9370619654655457
   6570    0.22601903975009918  1.0607131719589233  -0.41899991035461426
   6571    -1.0385140180587769  0.12633800506591797  0.4027180075645447
   6572    0.8335010409355164  0.08553269505500793  0.6457992792129517
   6573    0.709290623664856  -0.16827607154846191  0.5531052947044373
   6574    0.7949970364570618  0.33499571681022644  -0.18577982485294342
   6575    -0.16175149381160736  -0.24632635712623596  -0.510715663433075
   6576    0.04022856056690216  -0.08282279968261719  0.9577142596244812
   6577    -1.023510456085205  0.03373202681541443  0.6544108986854553
   6578    -0.4197852909564972  2.230813503265381  -0.2899646461009979
   6579    -0.9673560261726379  1.8939085006713867  0.13963405787944794
   6580    0.7381219267845154  1.2245051860809326  0.07882033288478851
   6581    0.8136986494064331  0.3120691776275635  -0.13568125665187836
   6582    -0.23202987015247345  0.9700255393981934  1.0005911588668823
   6583    -1.3763211965560913  0.23130114376544952  0.33562561869621277
   6584    -0.9814868569374084  0.8539641499519348  -0.4312768578529358
   6585    -1.4140490293502808  1.6816915273666382  0.9843829274177551
   6586    -0.7315318584442139  1.5504754781723022  0.05580513924360275
   6587    -0.19455879926681519  2.333019971847534  -0.37352800369262695
   6588    -1.0806289911270142  0.6744187474250793  -0.4315257966518402
   6589    -1.0709004402160645  2.027557849884033  0.4676401913166046
   6590    0.3916453421115875  0.0596795380115509  0.9313066005706787
   6591    -1.0992635488510132  1.829625129699707  0.5841808915138245
   6592    -0.5758103728294373  -0.009678534232079983  -0.4662635624408722
   6593    -0.6205871105194092  0.021680433303117752  0.7886998057365417
   6594    -1.2935134172439575  1.9155205488204956  0.782922625541687
   6595    0.6446030139923096  0.8010746836662292  0.8504173159599304
   6596    -1.6703977584838867  1.973854660987854  0.07307466119527817
   6597    -0.6462109684944153  -0.07597097754478455  -0.5297756195068359
   6598    -0.2188258171081543  1.518910527229309  0.5885846018791199
   6599    -1.0462428331375122  1.1373231410980225  0.7962687611579895
   6600    0.5943571925163269  0.5874075293540955  -0.4210076928138733
   6601    0.05394571274518967  0.5317744016647339  1.127307415008545
   6602    -1.6254377365112305  1.2599337100982666  0.9227324724197388
   6603    0.08821981400251389  -0.2890996038913727  0.9121136665344238
   6604    -0.7226151823997498  -0.3182376027107239  0.49911224842071533
   6605    -1.8065639734268188  2.0034115314483643  0.2761096954345703
   6606    -0.5832058787345886  -0.28361889719963074  1.0479226112365723
   6607    -1.104394793510437  -0.11333984136581421  0.4437154531478882
   6608    0.7227917909622192  1.0979375839233398  -0.16152754426002502
   6609    -1.1579395532608032  -0.16283653676509857  0.4253324866294861
   6610    -1.0385303497314453  1.419495940208435  0.6960541009902954
   6611    0.2195371389389038  0.33713242411613464  -0.6151909232139587
   6612    -1.2645164728164673  1.9637094736099243  -0.36770686507225037
   6613    -1.1992100477218628  1.3842025995254517  -0.20433898270130157
   6614    -0.6948707699775696  0.041733887046575546  0.7621078491210938
   6615    -0.841294527053833  1.1866644620895386  0.766472578048706
   6616    -0.937025785446167  1.1083840131759644  0.8146767020225525
   6617    -1.829609751701355  1.674829363822937  0.3793286681175232
   6618    0.2693970501422882  0.147890105843544  -0.5841720700263977
   6619    -1.4487031698226929  -0.2733272314071655  0.03143836185336113
   6620    -0.07146812975406647  -0.23064254224300385  0.3949984908103943
   6621    -0.7718323469161987  1.5643779039382935  0.23871885240077972
   6622    -1.10847806930542  2.126723527908325  0.21775804460048676
   6623    0.2805129885673523  1.090711236000061  -0.395978182554245
   6624    0.3559502065181732  -0.19022627174854279  -0.4143333435058594
   6625    0.11391767114400864  -0.2264164835214615  0.548353374004364
   6626    -1.2759963274002075  -0.3310454189777374  0.045898664742708206
   6627    0.1819150596857071  -0.234666109085083  0.6210770010948181
   6628    0.37699630856513977  -0.01918068714439869  -0.46548572182655334
   6629    -1.6513313055038452  0.5233466625213623  0.04479871690273285
   6630    0.14097091555595398  -0.23951321840286255  -0.21495378017425537
   6631    -1.8340787887573242  1.948715329170227  0.3726515471935272
   6632    -0.9339538216590881  -0.29623353481292725  0.8761965036392212
   6633    -1.112952709197998  1.6670829057693481  -0.09935084730386734
   6634    -1.7887449264526367  0.7887459397315979  0.21983855962753296
   6635    0.11091964691877365  1.0973929166793823  -0.42488670349121094
   6636    0.5200678110122681  1.3510345220565796  -0.12332426011562347
   6637    -0.693030059337616  -0.19019070267677307  0.9677015542984009
   6638    0.08726225793361664  -0.31909507513046265  0.2756074368953705
   6639    -0.06106305122375488  0.5106182098388672  1.1771084070205688
   6640    -0.15000535547733307  -0.28974080085754395  0.9696860909461975
   6641    -0.24559257924556732  0.34833329916000366  1.0823900699615479
   6642    -0.8222308158874512  -0.12242404371500015  0.8399528861045837
   6643    -1.1862469911575317  0.9018990397453308  -0.39918234944343567
   6644    -1.1013187170028687  1.7206089496612549  -0.06456667929887772
   6645    -1.4342659711837769  0.43048998713493347  -0.15044580399990082
   6646    0.0042315516620874405  0.7211315631866455  -0.7075796723365784
   6647    0.7060163021087646  0.22854189574718475  -0.26556843519210815
   6648    -1.6743056774139404  1.2572457790374756  0.020234545692801476
   6649    -1.2678680419921875  2.5643599033355713  -1.2142360210418701
   6650    -1.057561993598938  -0.018324000760912895  0.6932439804077148
   6651    -1.1809158325195312  1.7338759899139404  0.6876353621482849
   6652    -1.521053671836853  2.001920700073242  -0.1995706558227539
   6653    -0.9898862242698669  1.0313931703567505  0.8434935808181763
   6654    0.7364522218704224  0.5623759031295776  0.7490008473396301
   6655    -1.7659454345703125  0.7459542155265808  0.10357869416475296
   6656    0.6847689747810364  1.0442492961883545  -0.2454305738210678
   6657    -0.7355462908744812  2.280217409133911  -0.2792181968688965
   6658    -0.029636388644576073  0.10186007618904114  1.097078561782837
   6659    -1.3987632989883423  2.6286370754241943  -1.1284511089324951
   6660    -1.4381840229034424  2.6154398918151855  -1.1187399625778198
   6661    -0.8140254020690918  2.4022257328033447  0.02846386469900608
   6662    0.23864834010601044  0.7599704265594482  1.0853792428970337
   6663    -0.8299977779388428  1.1802970170974731  -0.38447967171669006
   6664    -1.335604190826416  0.4791277348995209  -0.297381192445755
   6665    -1.430178165435791  -0.3134669065475464  0.11663508415222168
   6666    -1.0459353923797607  0.7825102210044861  -0.44102948904037476
   6667    -1.420307993888855  -0.2173359990119934  0.08428079634904861
   6668    0.08079735189676285  0.3371399939060211  -0.6608035564422607
   6669    -0.5270475745201111  0.8097140789031982  0.9564285278320312
   6670    -1.2195348739624023  0.9350811243057251  -0.3710819482803345
   6671    -0.42671817541122437  0.4924444258213043  1.063090443611145
   6672    0.18562348186969757  0.42324987053871155  -0.6529514789581299
   6673    -0.6401035189628601  0.7310100197792053  -0.5330052375793457
   6674    0.6429476141929626  0.32357779145240784  0.8095883131027222
   6675    -1.4070439338684082  0.9390737414360046  -0.3151726722717285
   6676    -0.260176420211792  -0.2906084656715393  -0.35908377170562744
   6677    0.6809980273246765  0.8163650035858154  -0.34264713525772095
   6678    0.10671180486679077  0.9003304839134216  -0.6115794777870178
   6679    -1.040693759918213  0.03574433922767639  0.5981560349464417
   6680    0.6553618907928467  -0.2788935601711273  0.30463626980781555
   6681    0.28537988662719727  0.14825032651424408  1.0033085346221924
   6682    0.06497310847043991  0.21039460599422455  1.1194220781326294
   6683    -0.5472333431243896  0.7412948608398438  0.9643076062202454
   6684    -1.2221137285232544  1.2508697509765625  0.7283398509025574
   6685    0.20532219111919403  0.2573542892932892  1.0813615322113037
   6686    0.41531556844711304  -0.11274881660938263  -0.4044736325740814
   6687    0.3006730079650879  0.5502005219459534  -0.6016586422920227
   6688    0.23427161574363708  -0.291686475276947  0.5963335037231445
   6689    0.6865118145942688  -0.05018438398838043  0.6174944639205933
   6690    -1.2683621644973755  1.1356993913650513  -0.31728222966194153
   6691    -0.9110786318778992  -0.22325344383716583  -0.39969128370285034
   6692    -1.0005789995193481  -0.3319036066532135  0.07923910766839981
   6693    -1.1978634595870972  1.223127007484436  0.7361162304878235
   6694    -1.1325788497924805  2.0467147827148438  -0.02768426015973091
   6695    -1.4492424726486206  1.9935863018035889  -0.7802730798721313
   6696    -0.42993998527526855  0.9769499897956848  0.8898820281028748
   6697    0.154482901096344  1.2780828475952148  -0.3761972486972809
   6698    -1.1992156505584717  -0.22959332168102264  0.4232088029384613
   6699    -1.3807449340820312  2.082090139389038  -1.0041462182998657
   6700    -0.8802295923233032  0.5098373889923096  0.8517590761184692
   6701    0.2293148636817932  0.7074155807495117  1.0890891551971436
   6702    -0.9136490821838379  2.3119194507598877  0.09084136039018631
   6703    0.038665130734443665  -0.24520890414714813  -0.28342682123184204
   6704    -0.591526448726654  0.16926154494285583  0.7374269366264343
   6705    -1.5194514989852905  1.2973816394805908  -0.1088998019695282
   6706    -0.8485426902770996  0.7036077976226807  0.8540788888931274
   6707    -0.9171428680419922  -0.041210249066352844  0.791079580783844
   6708    0.027377795428037643  0.8297728300094604  -0.6734105944633484
   6709    -0.2587817311286926  2.41161847114563  -0.36043864488601685
   6710    0.8262454867362976  0.562610924243927  -0.14521700143814087
   6711    -0.8249923586845398  0.627193808555603  0.849009096622467
   6712    0.09095556288957596  1.030515193939209  -0.4354904592037201
   6713    0.002855961676687002  1.264272928237915  0.8399791121482849
   6714    -0.1538507044315338  0.5342031717300415  1.15389883518219
   6715    0.12908919155597687  1.0305359363555908  0.9243719577789307
   6716    -1.2960283756256104  -0.277749240398407  0.8176030516624451
   6717    -1.2661559581756592  -0.3048497438430786  0.812290370464325
   6718    -1.4446961879730225  -0.22357726097106934  0.12950029969215393
   6719    -0.821513295173645  2.3663129806518555  0.057980574667453766
   6720    -1.334282636642456  -0.25232070684432983  -0.13453468680381775
   6721    -0.5021213889122009  0.9154465794563293  0.8794865012168884
   6722    0.9321404695510864  0.39519649744033813  0.4649513065814972
   6723    -0.2992539405822754  -0.30603379011154175  0.9345541596412659
   6724    0.6824444532394409  0.024029487743973732  0.6495487689971924
   6725    -0.889630138874054  0.9677483439445496  0.853979766368866
   6726    -1.1898036003112793  0.5666888952255249  0.8607202768325806
   6727    -1.596364974975586  0.551562488079071  0.5947688817977905
   6728    -0.3024117946624756  2.713165283203125  -0.45557212829589844
   6729    -0.3231358230113983  0.9945070743560791  0.884196400642395
   6730    -0.5886435508728027  0.05353660508990288  -0.4279382824897766
   6731    -0.5319308042526245  0.654252827167511  -0.7404605150222778
   6732    -1.0258793830871582  -0.32352036237716675  -0.25752463936805725
   6733    -0.30812200903892517  2.7095000743865967  -0.512179970741272
   6734    -0.12150745093822479  -0.05529237166047096  0.9681504964828491
   6735    -0.6261571049690247  2.5831706523895264  -0.21748511493206024
   6736    0.8865287899971008  -0.1775369793176651  0.3405657410621643
   6737    -0.754650354385376  -0.2759353816509247  -0.5947700142860413
   6738    -0.6718195676803589  2.5141217708587646  -0.06427328288555145
   6739    -1.3476027250289917  0.2538037598133087  0.02649633400142193
   6740    -0.7446967363357544  0.9050821661949158  0.8710812330245972
   6741    -1.2303870916366577  -0.19780775904655457  0.46418192982673645
   6742    -1.0886133909225464  -0.12747545540332794  0.9077413082122803
   6743    -0.9098331332206726  2.1009979248046875  0.15645821392536163
   6744    -0.8721609115600586  2.0735950469970703  0.1498401165008545
   6745    -0.6192728877067566  0.3861006498336792  -0.534169614315033
   6746    -1.4750388860702515  1.9741073846817017  -0.5522822141647339
   6747    0.3852335512638092  -0.2854475975036621  -0.13401241600513458
   6748    -1.788993000984192  0.9103772640228271  0.283169150352478
   6749    -1.202991008758545  1.8356211185455322  0.7088785767555237
   6750    -0.6160757541656494  1.4902784824371338  0.0016408241353929043
   6751    -0.6895354390144348  1.3969700336456299  0.593407928943634
   6752    -0.34794026613235474  -0.21862103044986725  0.706260621547699
   6753    -0.6255910396575928  2.4882652759552  -0.0741218850016594
   6754    -1.5092233419418335  0.33386296033859253  0.1720726042985916
   6755    0.20653022825717926  -0.2969832122325897  0.8728736042976379
   6756    -1.2046265602111816  1.7623395919799805  0.6821963787078857
   6757    -0.6544656753540039  1.1858841180801392  -0.3737829625606537
   6758    -1.2738810777664185  2.14082932472229  -0.2622358500957489
   6759    -1.339036226272583  -0.3155859410762787  0.246049702167511
   6760    -0.4480375051498413  0.8653645515441895  1.011155366897583
   6761    -1.0193097591400146  2.092603921890259  0.22100435197353363
   6762    -0.9836618900299072  1.5692721605300903  -0.053444817662239075
   6763    -1.5667979717254639  2.4999399185180664  -0.9602500200271606
   6764    -1.3908679485321045  -0.29553601145744324  -0.08379019796848297
   6765    -1.258473515510559  1.928398847579956  -0.25488659739494324
   6766    -0.8581863641738892  -0.044972483068704605  -0.224967822432518
   6767    0.9970886707305908  -0.07139567285776138  0.47185248136520386
   6768    -0.7253699898719788  -0.283406525850296  0.9114019870758057
   6769    1.0690710544586182  -0.05860316380858421  0.1941429078578949
   6770    -0.5460454225540161  2.634164571762085  -0.2586585581302643
   6771    0.45292550325393677  1.3471888303756714  0.6716554164886475
   6772    -0.15704810619354248  0.2652603089809418  1.1246305704116821
   6773    -1.365386724472046  2.4827473163604736  -0.8969907760620117
   6774    -0.8721036911010742  2.2027223110198975  0.11700833588838577
   6775    -0.3185440003871918  1.1808769702911377  -0.40769171714782715
   6776    -1.3299239873886108  -0.2599560022354126  0.5878880023956299
   6777    -1.470274806022644  2.115044116973877  0.029675716534256935
   6778    -0.21825961768627167  0.4700552821159363  -0.7577993273735046
   6779    -1.3949812650680542  1.7983986139297485  -0.15571065247058868
   6780    -0.5600549578666687  1.4697861671447754  0.41781383752822876
   6781    0.2915836274623871  0.2611413300037384  -0.5942150354385376
   6782    -0.9401942491531372  0.09564462304115295  -0.20895659923553467
   6783    0.6180171966552734  0.17019692063331604  0.8031559586524963
   6784    -1.5666898488998413  2.220700979232788  -0.5071662068367004
   6785    -0.9839091897010803  0.2283564805984497  0.6978453993797302
   6786    -0.8799852728843689  0.7245374917984009  0.8698133230209351
   6787    -1.0344703197479248  0.6080804467201233  0.8810118436813354
   6788    0.18575899302959442  0.5094510912895203  -0.6658832430839539
   6789    -1.2336406707763672  2.090139150619507  -0.4192122220993042
   6790    0.5314403176307678  -0.1026037335395813  0.7427672147750854
   6791    -0.9752947092056274  -0.276213139295578  -0.2486123889684677
   6792    -0.492389440536499  2.676389455795288  -0.2642653286457062
   6793    -0.9085012078285217  -0.30611860752105713  0.7528482675552368
   6794    -0.2856276333332062  0.2080126851797104  1.0602705478668213
   6795    -0.5061163902282715  1.517199993133545  0.11604587733745575
   6796    -1.2229171991348267  -0.29471099376678467  0.8800544142723083
   6797    0.22625818848609924  0.49359139800071716  1.0940834283828735
   6798    -0.6864674687385559  2.3527493476867676  -0.30516186356544495
   6799    -1.6697351932525635  0.6119030117988586  0.03273392096161842
   6800    -0.8008679747581482  1.9896199703216553  0.04839960113167763
   6801    -0.04978020116686821  -0.08699200302362442  0.9392439723014832
   6802    -1.0764938592910767  -0.01700405962765217  0.6035891175270081
   6803    -0.29542800784111023  2.2798800468444824  -0.21947400271892548
   6804    -1.4116344451904297  -0.20397864282131195  0.009542327374219894
   6805    -1.0943254232406616  -0.32711589336395264  0.289666086435318
   6806    -0.7084488272666931  0.5932953357696533  -0.44827955961227417
   6807    -0.22984573245048523  -0.2420661300420761  1.0041307210922241
   6808    0.5083200335502625  0.96246737241745  0.8787187933921814
   6809    -1.1292530298233032  -0.0010872968705371022  -0.047182921320199966
   6810    -0.7638919353485107  0.6061574220657349  -0.40265128016471863
   6811    -1.2668867111206055  -0.22195559740066528  0.5142589807510376
   6812    -1.094008445739746  2.05458402633667  0.51362544298172
   6813    -1.4268879890441895  1.8906199932098389  -0.31223198771476746
   6814    -0.8198720216751099  2.2109570503234863  0.05888695269823074
   6815    -1.2358689308166504  -0.32589566707611084  -0.18420512974262238
   6816    -1.3623178005218506  1.3596934080123901  1.0431653261184692
   6817    -1.2594072818756104  2.0237066745758057  -0.5636456608772278
   6818    0.40320199728012085  -0.28556400537490845  -0.09356579929590225
   6819    0.5038440823554993  1.0477172136306763  -0.35994836688041687
   6820    -0.9967496991157532  -0.32730382680892944  0.14553594589233398
   6821    -1.7624084949493408  1.7704524993896484  0.8074791431427002
   6822    -1.2991652488708496  2.29311466217041  -1.1915870904922485
   6823    -1.3765467405319214  2.0240819454193115  -0.8875753879547119
   6824    -0.19707831740379333  2.5322608947753906  -0.5884534120559692
   6825    -1.4938970804214478  1.5490065813064575  -0.1662876456975937
   6826    -1.4687258005142212  1.9151933193206787  -0.275624543428421
   6827    -1.7250792980194092  1.1464170217514038  0.19827018678188324
   6828    0.05897293612360954  0.5983909368515015  1.1312549114227295
   6829    -1.0251593589782715  0.5458585619926453  0.8689924478530884
   6830    -1.2045401334762573  2.07277250289917  0.022276034578680992
   6831    -1.1145027875900269  0.07798366248607635  0.1638859510421753
   6832    -0.6555769443511963  0.3898949921131134  -0.4240056276321411
   6833    0.29717642068862915  1.590620517730713  0.18485823273658752
   6834    0.0883660688996315  -0.3080188035964966  0.40651124715805054
   6835    0.2688058316707611  1.4520848989486694  0.6685594320297241
   6836    -1.4655064344406128  1.966590166091919  -0.49702736735343933
   6837    -1.7055507898330688  0.6636537909507751  0.05983696132898331
   6838    -0.34186896681785583  0.5898897051811218  1.142754316329956
   6839    0.5692446827888489  0.13122797012329102  -0.3771364390850067
   6840    -0.7638526558876038  -0.3268647789955139  -0.5769419074058533
   6841    1.0681084394454956  0.2601061165332794  -0.03204916790127754
   6842    -1.3901971578598022  -0.14449571073055267  0.12930287420749664
   6843    -0.7386122941970825  -0.32072630524635315  -0.37299901247024536
   6844    0.4995401203632355  -0.23836632072925568  0.5879981517791748
   6845    -1.5436941385269165  1.7171252965927124  -0.11035074293613434
   6846    -1.1524018049240112  1.9576572179794312  -0.03486275672912598
   6847    -1.398808240890503  1.9400242567062378  -0.5341796875
   6848    -1.3062180280685425  2.608419895172119  -1.1862839460372925
   6849    -0.879796028137207  -0.29814600944519043  -0.5126140117645264
   6850    -1.6468576192855835  1.310716986656189  0.9639604687690735
   6851    -0.06254924833774567  0.25358688831329346  -0.6994360089302063
   6852    -1.7241889238357544  1.2696409225463867  0.9061134457588196
   6853    -0.6477497816085815  0.5865641832351685  -0.6032789349555969
   6854    -1.409743309020996  2.1774160861968994  -0.9183968305587769
   6855    -0.47174692153930664  -0.30514073371887207  0.940192461013794
   6856    0.831439733505249  0.25491589307785034  0.5782087445259094
   6857    0.8273847103118896  0.20707696676254272  0.5979755520820618
   6858    -1.5996317863464355  1.7562532424926758  -0.07849527150392532
   6859    -1.08608078956604  0.7384028434753418  -0.43385064601898193
   6860    -0.11982358247041702  0.8101983070373535  1.1377133131027222
   6861    -1.337795615196228  1.9553080797195435  -0.5838361978530884
   6862    0.35671454668045044  1.4779709577560425  0.5759890079498291
   6863    -0.383598655462265  -0.28164395689964294  1.0525410175323486
   6864    -1.2887840270996094  1.247439980506897  0.7652639746665955
   6865    -1.3993008136749268  1.7543994188308716  -0.15645058453083038
   6866    -1.4286450147628784  2.622615098953247  -1.0995961427688599
   6867    0.1438319981098175  0.1839691549539566  1.0755382776260376
   6868    -1.5722620487213135  2.3331799507141113  -0.7389460206031799
   6869    -1.1091034412384033  0.0875050276517868  -0.06291849166154861
   6870    0.39466753602027893  0.7711167335510254  0.9776992201805115
   6871    -0.8950319290161133  1.318507194519043  0.6567065119743347
   6872    -1.4208043813705444  2.1863787174224854  -0.11872325092554092
   6873    -0.011942111887037754  -0.2944316267967224  0.281952828168869
   6874    -0.22048990428447723  -0.05629586800932884  0.9564040899276733
   6875    -0.3693298399448395  2.7344374656677246  -0.4262217879295349
   6876    -0.6610955595970154  0.6143634915351868  -0.5476120710372925
   6877    -0.6084398031234741  -0.284049391746521  -0.38342180848121643
   6878    -0.8845438957214355  1.5584676265716553  0.38636401295661926
   6879    0.3381853997707367  1.2029523849487305  -0.33350393176078796
   6880    -0.05691859871149063  -0.30322200059890747  -0.47693902254104614
   6881    -0.31630200147628784  2.2512199878692627  -0.1793023943901062
   6882    -1.26276695728302  1.7075260877609253  0.757496178150177
   6883    -1.1100770235061646  1.8858904838562012  -0.029552150517702103
   6884    -1.6495563983917236  1.6117106676101685  1.0319855213165283
   6885    -0.23665964603424072  0.29239967465400696  -0.7322260141372681
   6886    -1.4990159273147583  2.055361270904541  -0.3178061544895172
   6887    -0.5196142792701721  0.8546097278594971  0.9216756820678711
   6888    -1.2390601634979248  1.3957328796386719  0.857354998588562
   6889    -0.8355720043182373  2.1304399967193604  0.12282320111989975
   6890    -1.55404794216156  2.5258400440216064  -1.002094030380249
   6891    -1.152045488357544  0.1815047264099121  0.0031498419120907784
   6892    -0.627234935760498  0.09072872251272202  -0.2850753366947174
   6893    0.7994241714477539  0.22157657146453857  -0.09444590657949448
   6894    -1.159576177597046  1.2774908542633057  0.7212660908699036
   6895    -1.679524540901184  1.2264472246170044  0.5813586115837097
   6896    -0.9188480377197266  -0.3097296357154846  0.6128673553466797
   6897    -0.9539651274681091  0.6859135031700134  -0.43283894658088684
   6898    -1.3864059448242188  2.1049599647521973  -1.0193660259246826
   6899    -0.25479981303215027  1.3170263767242432  0.7792518138885498
   6900    -0.18251940608024597  2.3625600337982178  -0.4552519917488098
   6901    -0.691813051700592  -0.3187870681285858  0.28528928756713867
   6902    -1.7619659900665283  1.8252917528152466  0.7641377449035645
   6903    -1.5314077138900757  1.1576038599014282  0.7224957346916199
   6904    -1.3787347078323364  1.1925227642059326  0.7626813650131226
   6905    -1.4206889867782593  1.1361430883407593  0.7460867762565613
   6906    -1.2399992942810059  1.8177608251571655  -0.12601499259471893
   6907    -0.36376652121543884  -0.09745414555072784  -0.5554823279380798
   6908    0.5385333895683289  0.5319371223449707  0.9156105518341064
   6909    -0.22461393475532532  2.651935577392578  -0.5635995268821716
   6910    0.3484880030155182  0.7359187006950378  1.0051870346069336
   6911    -0.2386891394853592  0.16943491995334625  -0.6948050856590271
   6912    -0.6894853115081787  0.19596926867961884  -0.24145710468292236
   6913    -1.3541028499603271  2.040213108062744  -0.9212449193000793
   6914    -1.7873865365982056  0.7913953065872192  0.29400819540023804
   6915    -0.16652700304985046  0.644680380821228  1.1580346822738647
   6916    -1.5490942001342773  1.9245948791503906  -0.08003830909729004
   6917    -0.8173819780349731  2.1608400344848633  0.08033119887113571
   6918    -1.3007131814956665  2.062603712081909  -0.7934099435806274
   6919    -1.0033137798309326  0.05951613187789917  0.3017134666442871
   6920    -0.747287392616272  0.6535877585411072  -0.44288286566734314
   6921    -0.043883517384529114  1.4879770278930664  -0.17838437855243683
   6922    -1.4380797147750854  1.9371846914291382  -0.4809747040271759
   6923    0.5582919120788574  0.766220211982727  -0.4361269474029541
   6924    -0.9318329095840454  1.6192065477371216  0.46154019236564636
   6925    -1.759277582168579  1.522071361541748  0.002491600112989545
   6926    -1.1536320447921753  -0.32790398597717285  -0.20903199911117554
   6927    -1.8312404155731201  1.9141227006912231  0.4646678864955902
   6928    -1.7301217317581177  1.149344563484192  0.3343426585197449
   6929    0.9531580209732056  0.4309439957141876  0.39937999844551086
   6930    -1.2313144207000732  2.056149959564209  0.013296564109623432
   6931    0.9099239706993103  -0.11224400252103806  0.008487319573760033
   6932    -1.433692455291748  2.4680233001708984  -0.7747471332550049
   6933    -0.8740293979644775  0.8120885491371155  -0.4475095570087433
   6934    -1.5593675374984741  1.4657402038574219  1.0387234687805176
   6935    -1.7659406661987305  1.4792571067810059  0.020191574469208717
   6936    -0.20973800122737885  2.3388400077819824  -0.3417139947414398
   6937    -0.21101799607276917  2.3018200397491455  -0.35498398542404175
   6938    -0.22999000549316406  2.28275990486145  -0.3001739978790283
   6939    -1.026758074760437  1.7650866508483887  0.01935897395014763
   6940    -1.8137937784194946  1.8971202373504639  0.2966216504573822
   6941    -0.8713584542274475  1.593087077140808  0.17117725312709808
   6942    -0.5566343069076538  0.5961631536483765  -0.7266314029693604
   6943    -0.07817421108484268  -0.2281477004289627  0.11868774890899658
   6944    -0.2215404361486435  0.7331811785697937  -0.7653515338897705
   6945    -0.2843317985534668  -0.268365740776062  1.023301362991333
   6946    -0.8765003681182861  1.5121779441833496  0.40878787636756897
   6947    -1.3170419931411743  -0.2760140001773834  0.7770119905471802
   6948    -1.1554166078567505  -0.2065347582101822  0.9341408014297485
   6949    -0.6966414451599121  0.5105131268501282  -0.4224278926849365
   6950    -0.5907929539680481  0.27794432640075684  0.7581643462181091
   6951    -1.1323795318603516  1.890259027481079  0.6366938352584839
   6952    -1.0310094356536865  1.9102154970169067  -0.02050337940454483
   6953    -0.5898879766464233  0.7789919972419739  0.8850399851799011
   6954    -1.3673564195632935  2.162264108657837  -1.085356593132019
   6955    0.41300246119499207  -0.08719203621149063  0.8390486240386963
   6956    -0.053008127957582474  0.09487122297286987  -0.6439131498336792
   6957    0.12008829414844513  0.4659951627254486  -0.6865020990371704
   6958    -0.3095654249191284  0.710485577583313  1.1379673480987549
   6959    -1.0652265548706055  -0.08430476486682892  0.4410548210144043
   6960    -0.9071873426437378  0.5930570960044861  0.8484039902687073
   6961    0.4252161979675293  -0.2799323499202728  -0.03662664815783501
   6962    -0.8887754678726196  -0.29832324385643005  -0.4822176992893219
   6963    -1.7010717391967773  0.5694636702537537  0.28023168444633484
   6964    -1.0178403854370117  -0.022129176184535027  0.7503134608268738
   6965    0.23517613112926483  -0.3048180639743805  0.5411661863327026
   6966    -1.3976482152938843  2.113762855529785  0.04770379513502121
   6967    -0.9562576413154602  -0.12049229443073273  -0.21179212629795074
   6968    -0.2091708779335022  2.4239542484283447  -0.5347227454185486
   6969    0.4572559893131256  -0.29605400562286377  0.34358400106430054
   6970    -0.2411755919456482  2.5547220706939697  -0.5827849507331848
   6971    -1.3158620595932007  -0.30171000957489014  0.592136025428772
   6972    -0.6839984059333801  1.5395973920822144  0.08311545848846436
   6973    -1.7140713930130005  0.9617578983306885  -0.002065227599814534
   6974    0.40503400564193726  0.22434306144714355  0.9663395881652832
   6975    -1.8172926902770996  1.7723571062088013  0.3583761751651764
   6976    0.35481637716293335  -0.29988807439804077  -0.10833784937858582
   6977    -0.0027910785283893347  -0.23001766204833984  0.44781848788261414
   6978    -1.5617245435714722  1.2926914691925049  0.9868718981742859
   6979    -1.7786537408828735  0.9465528726577759  0.4081380069255829
   6980    -1.5705668926239014  2.5117111206054688  -0.9522450566291809
   6981    -0.6294842958450317  0.7191702127456665  0.8521285653114319
   6982    -0.06881572306156158  0.22354844212532043  1.1059808731079102
   6983    -0.8489634394645691  0.8254649639129639  0.8534486889839172
   6984    -0.5323759913444519  -0.018192000687122345  -0.5087820291519165
   6985    0.5435544848442078  -0.10486454516649246  -0.1389388144016266
   6986    -0.2638300061225891  2.693079948425293  -0.537663996219635
   6987    0.11990752816200256  -0.0875745341181755  -0.519515872001648
   6988    -1.5193259716033936  2.585020065307617  -1.0408979654312134
   6989    -0.6293759942054749  2.51528000831604  -0.06819319725036621
   6990    -0.5503070950508118  -0.24544662237167358  0.47243401408195496
   6991    -0.2902604639530182  -0.025287767872214317  0.9578301310539246
   6992    -0.213809996843338  2.625200033187866  -0.5733879804611206
   6993    -0.6689243316650391  -0.27700263261795044  0.9844356775283813
   6994    -0.20045816898345947  0.16520453989505768  1.0792993307113647
   6995    -0.561901867389679  -0.09209255129098892  1.009158730506897
   6996    -0.5913547277450562  0.7958831787109375  -0.5825389623641968
   6997    -0.4554919898509979  0.9373520016670227  -0.49386000633239746
   6998    -0.30854594707489014  1.130463719367981  -0.4368842542171478
   6999    -0.16366620361804962  0.41168996691703796  -0.7316170930862427
   7000    -1.2642446756362915  0.3573401868343353  -0.011459128931164742
   7001    -1.2032378911972046  -0.2334788590669632  0.7916252613067627
   7002    -1.4832807779312134  2.3165552616119385  -0.6178091168403625
   7003    -0.09715107083320618  -0.10284094512462616  0.8105528354644775
   7004    1.0562679767608643  0.3108489513397217  0.21607181429862976
   7005    -0.8039426803588867  -0.09607148170471191  0.3516189455986023
   7006    0.26418110728263855  -0.15393175184726715  -0.26256895065307617
   7007    -1.167403221130371  1.9204028844833374  0.5917023420333862
   7008    -0.512444257736206  0.8612093329429626  0.841398298740387
   7009    -1.1424285173416138  0.9250292181968689  0.15239711105823517
   7010    0.06156906485557556  -0.19385746121406555  0.25808995962142944
   7011    -1.4250179529190063  2.1483707427978516  -0.294333815574646
   7012    -1.5188970565795898  1.536514401435852  0.8606761693954468
   7013    -0.21154414117336273  0.1095028966665268  -0.538794755935669
   7014    -0.9198184013366699  0.46898025274276733  0.13330323994159698
   7015    -0.8511496782302856  0.4734684228897095  0.6577792167663574
   7016    -1.317307472229004  -0.23402972519397736  0.04939531162381172
   7017    -1.241355061531067  0.702583909034729  0.47260257601737976
   7018    0.2865561246871948  0.9337580800056458  0.6490151286125183
   7019    -1.3904385566711426  1.8638792037963867  0.0030124105978757143
   7020    0.4036213755607605  0.22819654643535614  -0.280658483505249
   7021    -1.491673231124878  0.9538624882698059  0.03251855820417404
   7022    0.5971289873123169  0.6663398742675781  0.3957556188106537
   7023    -0.8131518959999084  -0.2263108491897583  -0.33019497990608215
   7024    0.14771924912929535  1.020641565322876  0.13603074848651886
   7025    -1.241919994354248  0.7736570835113525  0.6805763244628906
   7026    -1.0726059675216675  2.0051445960998535  0.10450328141450882
   7027    -0.38392794132232666  0.6345089673995972  -0.5666027665138245
   7028    -0.8603452444076538  -0.0950397476553917  0.5648066997528076
   7029    -1.3755519390106201  2.0135176181793213  -0.3003093898296356
   7030    -0.939175546169281  -0.017712503671646118  0.596022367477417
   7031    -1.0435123443603516  0.9144311547279358  -0.2411707043647766
   7032    0.23795919120311737  0.5166352391242981  0.9872918725013733
   7033    -0.5912374258041382  -0.036183226853609085  -0.36375337839126587
   7034    -0.05554313212633133  0.6937697529792786  0.9717468023300171
   7035    -0.802210807800293  -0.1842140108346939  -0.24741142988204956
   7036    0.11510547250509262  1.3230119943618774  0.19906897842884064
   7037    -1.1782044172286987  -0.1965036392211914  0.12705732882022858
   7038    0.2282729297876358  1.415419101715088  0.09379734098911285
   7039    -1.2901710271835327  1.8916479349136353  0.35660243034362793
   7040    -1.1802855730056763  -0.20982332527637482  0.5753357410430908
   7041    -1.5613065958023071  0.8333786725997925  -0.020265143364667892
   7042    -1.381838083267212  0.8484023213386536  -0.12155629694461823
   7043    -0.12190765887498856  0.6535258293151855  -0.4649544358253479
   7044    -1.5396744012832642  1.0874431133270264  0.16880254447460175
   7045    -0.775052011013031  -0.10806304961442947  -0.15892206132411957
   7046    -0.7701185941696167  2.255765199661255  -0.13531817495822906
   7047    -0.12172762304544449  -0.012645216658711433  0.8657236695289612
   7048    0.025652367621660233  0.2701340615749359  0.7718077898025513
   7049    0.031580548733472824  0.2791414260864258  0.9518569707870483
   7050    -1.063988447189331  0.23264570534229279  0.26553115248680115
   7051    0.7560769319534302  0.6700304746627808  0.4064107835292816
   7052    -0.7211376428604126  -0.23235101997852325  -0.41986894607543945
   7053    0.12709255516529083  0.5175479650497437  1.0195826292037964
   7054    -0.5461782813072205  0.7936398983001709  -0.4966822564601898
   7055    -0.044145602732896805  0.030556131154298782  -0.4787786304950714
   7056    -0.7392081618309021  0.9564414620399475  -0.21253378689289093
   7057    -0.4748042821884155  1.1959422826766968  0.2658253014087677
   7058    -0.7503513097763062  2.151607036590576  -0.08531454205513
   7059    0.17168952524662018  1.0994082689285278  -0.12749025225639343
   7060    -1.4449039697647095  2.00299334526062  -0.33049148321151733
   7061    0.36461111903190613  1.323577642440796  0.027402406558394432
   7062    -1.382210373878479  2.313113212585449  -0.7310711145401001
   7063    0.3733932673931122  1.152829885482788  0.3941636085510254
   7064    -1.51650869846344  1.372118353843689  0.7429630160331726
   7065    0.9302827715873718  0.12526147067546844  0.03858067840337753
   7066    -0.8157675266265869  1.2162833213806152  0.2483755499124527
   7067    -1.5668764114379883  1.9716026782989502  0.11312045156955719
   7068    -1.5258508920669556  2.2220301628112793  -0.49023115634918213
   7069    -1.6796987056732178  1.8547581434249878  0.3787013292312622
   7070    -1.0680979490280151  0.6003563404083252  0.6159284114837646
   7071    -0.5039101243019104  1.3065998554229736  0.3967243432998657
   7072    -1.4686542749404907  1.823042392730713  0.54648357629776
   7073    -1.297837734222412  1.5743615627288818  0.42597702145576477
   7074    -0.8946806192398071  2.2927041053771973  -0.04382745176553726
   7075    -1.3682637214660645  2.092564344406128  -0.920432448387146
   7076    -0.8317813277244568  2.3571763038635254  -0.08032505214214325
   7077    -0.6305322051048279  2.3535516262054443  -0.2359205186367035
   7078    -0.9362940788269043  -0.154878631234169  -0.03854129835963249
   7079    -0.6126174926757812  -0.19680730998516083  -0.47588083148002625
   7080    -0.21309992671012878  1.0861620903015137  -0.006871755700558424
   7081    -0.17785537242889404  1.255288004875183  0.3903709650039673
   7082    1.0151346921920776  0.1960633099079132  0.0408211424946785
   7083    -1.3567423820495605  2.11993408203125  -0.4653165638446808
   7084    -0.5439757108688354  0.6346231698989868  -0.543173611164093
   7085    -0.9996535778045654  2.0907981395721436  0.08730064332485199
   7086    -1.430057168006897  2.0728888511657715  -0.1191292479634285
   7087    -1.1941461563110352  0.4790283143520355  -0.11053270101547241
   7088    -0.8398224711418152  0.11734301596879959  0.682023823261261
   7089    0.014470567926764488  0.9825164675712585  0.6969708204269409
   7090    -1.3992573022842407  0.5172910094261169  0.07302870601415634
   7091    -1.4386956691741943  1.847920298576355  0.7277956008911133
   7092    -1.1071178913116455  -0.20046624541282654  -0.03498635068535805
   7093    -0.8865185379981995  -0.2096247375011444  -0.13574127852916718
   7094    -1.4596351385116577  1.6692320108413696  0.7519347071647644
   7095    -1.6154530048370361  1.6539899110794067  0.8143635988235474
   7096    -1.3462982177734375  2.126865863800049  -0.6674532890319824
   7097    -1.1902997493743896  1.71943199634552  0.3406745195388794
   7098    -1.435848355293274  2.4656059741973877  -0.9152936339378357
   7099    0.05685970187187195  1.377713680267334  0.42132431268692017
   7100    -1.3491348028182983  1.8307818174362183  0.7346817255020142
   7101    0.23307496309280396  -0.21187849342823029  -0.19179248809814453
   7102    -1.311918020248413  0.39191359281539917  0.16128265857696533
   7103    0.3552618622779846  0.12066064029932022  -0.38651832938194275
   7104    -0.39332664012908936  1.2534842491149902  -0.007379441522061825
   7105    -0.753196656703949  -0.11278896778821945  -0.24274176359176636
   7106    -1.0162791013717651  1.1697345972061157  -0.018873196095228195
   7107    -0.10912539064884186  0.8447824716567993  0.9061188101768494
   7108    1.1227387189865112  0.32389935851097107  0.3153201639652252
   7109    -1.4609369039535522  2.1059226989746094  -0.32554978132247925
   7110    0.8297674059867859  0.017345519736409187  0.18837977945804596
   7111    0.885231077671051  0.006640596780925989  0.046085111796855927
   7112    -0.6100574731826782  1.3289029598236084  0.23880936205387115
   7113    -0.48032519221305847  0.9932903051376343  -0.22132909297943115
   7114    -1.0586930513381958  2.085256814956665  0.14700482785701752
   7115    0.7305364608764648  0.5564043521881104  0.23094074428081512
   7116    0.1051536500453949  0.21239988505840302  -0.3480357825756073
   7117    -0.1994757503271103  0.9049045443534851  0.9125513434410095
   7118    1.044739842414856  0.3603297173976898  0.1440730094909668
   7119    0.7753419876098633  0.7157458662986755  0.4980334937572479
   7120    0.009820649400353432  0.013325517997145653  -0.5359896421432495
   7121    -1.4543768167495728  1.4214929342269897  0.06051386520266533
   7122    -1.6076887845993042  0.9103645086288452  0.07502639293670654
   7123    -1.7698286771774292  1.3729848861694336  0.6214377284049988
   7124    -0.658193051815033  2.178971529006958  -0.12235124409198761
   7125    -1.1762568950653076  1.9571709632873535  0.24188487231731415
   7126    -1.1116816997528076  -0.2434508502483368  -0.11706996709108353
   7127    -0.32405126094818115  0.01612258516252041  -0.3403748869895935
   7128    -1.3270576000213623  1.2618871927261353  0.6964055895805359
   7129    0.8188444375991821  0.4709020256996155  0.20917154848575592
   7130    -1.465323567390442  0.7145817875862122  0.3203037679195404
   7131    -0.5064675807952881  1.24124276638031  -0.13840340077877045
   7132    0.6679280400276184  0.5743036270141602  0.5351858139038086
   7133    -0.8997459411621094  0.17691271007061005  -0.004699626937508583
   7134    -1.2955219745635986  1.4726269245147705  0.6316066980361938
   7135    -0.8039640784263611  -0.20819427073001862  0.5553069114685059
   7136    -0.08626282215118408  0.1054859384894371  0.9498659372329712
   7137    -0.7027227282524109  -0.06707547605037689  -0.18726611137390137
   7138    -1.2882999181747437  -0.26200321316719055  0.23925958573818207
   7139    -0.4657307267189026  0.34930962324142456  -0.490919291973114
   7140    0.2740310728549957  -0.002130204113200307  0.6178197264671326
   7141    -0.4276357889175415  -0.13921894133090973  0.8959882855415344
   7142    -0.36191999912261963  0.4236730933189392  0.9821503758430481
   7143    0.36837464570999146  0.18023152649402618  -0.4591967463493347
   7144    0.7444496154785156  -0.018427612259984016  0.4760635793209076
   7145    -0.8086116909980774  2.2568249702453613  -0.061575330793857574
   7146    0.5691598057746887  0.704544723033905  0.7196164727210999
   7147    -0.15689127147197723  -0.05174039304256439  -0.3623831570148468
   7148    0.6301651000976562  -0.0329674631357193  0.09856286644935608
   7149    -1.2406878471374512  1.5999163389205933  0.07599396258592606
   7150    -0.12574216723442078  0.5876261591911316  -0.6012923121452332
   7151    0.2092762589454651  0.3166921138763428  -0.44194483757019043
   7152    0.7112986445426941  0.44082096219062805  0.39287281036376953
   7153    -0.8431857824325562  1.2864221334457397  0.42346829175949097
   7154    -1.3676449060440063  0.8731204271316528  0.6902387142181396
   7155    -0.8124387860298157  0.022564150393009186  0.698069155216217
   7156    -0.8482918739318848  0.7163605690002441  0.6037965416908264
   7157    -1.2494040727615356  0.5222225785255432  0.5665286183357239
   7158    -0.3168180584907532  0.6892179250717163  0.8834291696548462
   7159    -1.5610344409942627  1.5596163272857666  0.959137499332428
   7160    -0.8488835692405701  1.3879765272140503  0.1447557657957077
   7161    -0.8693963885307312  0.7326142191886902  -0.1627071648836136
   7162    -0.4738987386226654  -0.21908535063266754  0.9015517234802246
   7163    -1.222815752029419  1.8166272640228271  0.48196840286254883
   7164    0.34573060274124146  1.2193306684494019  0.567462682723999
   7165    -0.8283964991569519  2.1026878356933594  -0.01752716675400734
   7166    0.8059008717536926  -0.0019353757379576564  0.5509085655212402
   7167    0.08836256712675095  1.2399929761886597  -0.3044312298297882
   7168    -1.3748115301132202  0.5201848149299622  0.40653955936431885
   7169    0.14933831989765167  -0.27934473752975464  0.07512731850147247
   7170    -0.555903434753418  -0.15429572761058807  -0.5101973414421082
   7171    0.3139202296733856  -0.21637846529483795  -0.14473074674606323
   7172    -0.8293174505233765  2.1184980869293213  -0.09981155395507812
   7173    0.284915953874588  0.1399485468864441  -0.4885411858558655
   7174    0.1452764868736267  1.1098201274871826  0.7960094809532166
   7175    0.35437649488449097  -0.21363933384418488  0.6769464612007141
   7176    0.21289655566215515  -0.034698836505413055  0.00062423205235973
   7177    0.7641674876213074  0.12262861430644989  -0.06424805521965027
   7178    0.47852256894111633  1.0989370346069336  -0.004649631679058075
   7179    -1.1224015951156616  2.0356428623199463  0.33581164479255676
   7180    1.0076860189437866  0.3469183146953583  0.3319135308265686
   7181    0.3784951865673065  -0.18829403817653656  -0.1164703294634819
   7182    -0.004211026709526777  1.0729209184646606  -0.22963868081569672
   7183    0.6023343205451965  0.5471363067626953  0.6729126572608948
   7184    -0.8483585119247437  -0.056969668716192245  0.7192585468292236
   7185    0.770954430103302  0.3544708788394928  0.45711642503738403
   7186    -0.8985067009925842  1.264041543006897  -0.13463963568210602
   7187    -1.0469383001327515  0.67988520860672  -0.2824733555316925
   7188    -1.0527987480163574  0.9261595606803894  -0.34232452511787415
   7189    -1.497402310371399  0.5357105731964111  0.42406168580055237
   7190    0.1302112191915512  1.497240662574768  0.1395971029996872
   7191    0.8495102524757385  0.32387441396713257  0.3208608627319336
   7192    0.4774472415447235  0.04666895046830177  0.4734579920768738
   7193    -1.3896796703338623  2.1997430324554443  -0.40143752098083496
   7194    0.2963661551475525  0.18535584211349487  0.7531773447990417
   7195    -0.16367866098880768  1.228801965713501  -0.34724026918411255
   7196    0.5511676073074341  0.7202228903770447  -0.1600150167942047
   7197    -0.40285012125968933  0.6092409491539001  0.9555367231369019
   7198    -0.7067821621894836  -0.16111540794372559  -0.16260530054569244
   7199    0.34740060567855835  -0.25084537267684937  -0.12445590645074844
   7200    -1.1421358585357666  1.1777610778808594  -0.15156085789203644
   7201    0.9807080626487732  0.21127218008041382  0.4298761487007141
   7202    -1.3695652484893799  0.8514077663421631  -0.22882995009422302
   7203    -1.5769516229629517  0.5743311643600464  0.38906240463256836
   7204    0.5477887392044067  -0.16658277809619904  0.24719595909118652
   7205    -1.186597228050232  1.023368239402771  -0.20885469019412994
   7206    -0.5594240427017212  -0.09163839370012283  -0.203670471906662
   7207    -0.9998670220375061  0.5597813725471497  0.7312566637992859
   7208    -1.4312692880630493  2.255857229232788  -0.38990581035614014
   7209    -0.7967441082000732  -0.2570165991783142  -0.47519993782043457
   7210    -0.31774890422821045  0.7591102719306946  -0.370194673538208
   7211    -1.47999107837677  2.2022604942321777  -0.3642307221889496
   7212    -1.2333465814590454  0.6485351920127869  -0.21661339700222015
   7213    -0.5592512488365173  1.1466114521026611  0.5333398580551147
   7214    -1.502422571182251  1.9199987649917603  0.300255686044693
   7215    -0.878822386264801  -0.18217194080352783  0.7306938767433167
   7216    0.6069371104240417  0.9376552700996399  0.16601985692977905
   7217    -1.4952906370162964  0.49370062351226807  0.14234940707683563
   7218    -0.6100627779960632  2.2358193397521973  -0.1546379029750824
   7219    -0.9453405737876892  0.8960829973220825  -0.33412468433380127
   7220    -1.6064729690551758  0.7812966704368591  0.29482224583625793
   7221    -0.964778482913971  -0.2554512917995453  -0.18173502385616302
   7222    -0.689182460308075  1.4177018404006958  0.17455103993415833
   7223    -0.26576271653175354  1.3575999736785889  -0.01741398312151432
   7224    -0.06257497519254684  0.5142880082130432  1.0129828453063965
   7225    0.19012096524238586  -0.14879301190376282  -0.35905879735946655
   7226    0.2143215388059616  -0.22518235445022583  -0.3817773759365082
   7227    -0.40429195761680603  0.5197073817253113  -0.5714052319526672
   7228    -1.3049540519714355  0.33099156618118286  0.07898858934640884
   7229    0.3121780753135681  0.97360759973526  0.7973067164421082
   7230    0.16507799923419952  0.6464850902557373  0.9398745894432068
   7231    -1.4586689472198486  1.0149462223052979  0.41292881965637207
   7232    -0.5409983992576599  -0.26518601179122925  -0.5283868908882141
   7233    0.07242060452699661  0.7183966636657715  1.0063960552215576
   7234    -0.16937626898288727  -0.18027138710021973  -0.4111582040786743
   7235    -1.1673424243927002  -0.21134549379348755  0.5018194913864136
   7236    0.13174115121364594  1.2087595462799072  0.5889948606491089
   7237    -0.6525275111198425  1.1306296586990356  0.6346023678779602
   7238    0.5950955152511597  0.9365928173065186  -0.06318100541830063
   7239    0.696505606174469  0.5179356932640076  0.6248399615287781
   7240    0.6676316857337952  0.617257297039032  -0.03188787400722504
   7241    -0.9104284048080444  0.16092905402183533  0.5949459075927734
   7242    -1.396578311920166  0.40362608432769775  0.07278495281934738
   7243    -0.4914027452468872  0.9264022707939148  -0.3497215509414673
   7244    -1.5647974014282227  1.5501255989074707  0.05345015972852707
   7245    0.5911203622817993  -0.08248723298311234  0.41280868649482727
   7246    -0.09899517148733139  1.047894835472107  -0.3282459080219269
   7247    -1.5344936847686768  0.8704245090484619  -0.11415126174688339
   7248    -0.7298404574394226  1.1121371984481812  -0.2500254809856415
   7249    -1.607641339302063  0.7404119372367859  0.04329691082239151
   7250    -0.4180850088596344  -0.24947448074817657  -0.4634585976600647
   7251    0.7523056864738464  0.6032458543777466  -0.08745953440666199
   7252    -0.5142999887466431  0.40150177478790283  -0.5557394027709961
   7253    -1.2640995979309082  -0.19583472609519958  -0.01264207623898983
   7254    -1.489013671875  0.8705829381942749  0.5355042815208435
   7255    -1.633696436882019  1.9335426092147827  0.24878303706645966
   7256    0.9087241888046265  0.07027716934680939  0.44430622458457947
   7257    -1.6492050886154175  1.6253889799118042  0.1744074821472168
   7258    0.20533153414726257  0.8005608916282654  0.894518256187439
   7259    0.5053064227104187  -0.175832599401474  0.36856335401535034
   7260    -0.724335253238678  -0.06808413565158844  -0.23630502820014954
   7261    0.36994096636772156  0.073967844247818  0.7462088465690613
   7262    -0.9637818336486816  0.675106942653656  -0.33529502153396606
   7263    -0.5391413569450378  0.5264408588409424  -0.3935229480266571
   7264    -0.5019212365150452  0.7356878519058228  -0.5763270258903503
   7265    -1.48135507106781  0.6809857487678528  0.5346493721008301
   7266    0.33904746174812317  1.4291085004806519  0.06563146412372589
   7267    0.1766255497932434  0.4161805212497711  0.9860315918922424
   7268    -1.561021327972412  0.6262623071670532  0.5438162684440613
   7269    0.34337347745895386  0.48712196946144104  0.8494059443473816
   7270    -1.6940398216247559  0.8384513258934021  0.29853805899620056
   7271    0.24099060893058777  0.7600535750389099  0.9743600487709045
   7272    -1.370748519897461  1.4655870199203491  0.7778500914573669
   7273    -0.18981535732746124  0.9950184226036072  -0.3751908838748932
   7274    0.5007758736610413  1.0881437063217163  0.5409358143806458
   7275    0.32597440481185913  -0.0946083515882492  0.2942239046096802
   7276    -1.7052476406097412  1.5855904817581177  0.11266238242387772
   7277    -0.032179296016693115  1.3816641569137573  0.046621885150671005
   7278    -1.3730477094650269  0.5149917602539062  0.6018508076667786
   7279    0.596563994884491  -0.1690356284379959  0.12933827936649323
   7280    0.014695759862661362  0.2875514328479767  -0.4615807831287384
   7281    -0.2859744727611542  -0.24679571390151978  -0.45421692728996277
   7282    0.8640843033790588  -0.0678602084517479  0.12580658495426178
   7283    0.9893569946289062  0.08578016608953476  0.18756265938282013
   7284    -0.9315295219421387  1.0443246364593506  -0.24867066740989685
   7285    -0.4566696286201477  1.1799410581588745  -0.2476397603750229
   7286    -1.4121991395950317  2.0030245780944824  0.2548254430294037
   7287    -0.5220269560813904  0.5247449278831482  -0.5808787941932678
   7288    -1.1648712158203125  -0.24422110617160797  0.3130146563053131
   7289    -0.7815245389938354  -0.1495424211025238  -0.3481735587120056
   7290    -0.9364416599273682  2.0396013259887695  0.010764899663627148
   7291    -0.6068206429481506  0.9519462585449219  0.6829127073287964
   7292    -0.4917283356189728  1.0719785690307617  -0.3754047155380249
   7293    -1.3514653444290161  2.023730754852295  -0.4590131342411041
   7294    0.2002040594816208  1.082163691520691  -0.2654966711997986
   7295    -0.21500815451145172  0.8055099248886108  0.9997100830078125
   7296    0.36899614334106445  0.09755542874336243  0.8394300937652588
   7297    0.7498704791069031  0.7628728747367859  0.26161178946495056
   7298    -1.6036674976348877  1.4930405616760254  0.4221457540988922
   7299    -1.0379148721694946  1.9773554801940918  0.031681422144174576
   7300    -0.06700581312179565  0.6843878030776978  1.0636543035507202
   7301    -0.17406198382377625  0.26456841826438904  0.926400899887085
   7302    -1.3617663383483887  2.0499203205108643  -0.1867033839225769
   7303    -1.2055655717849731  2.0148074626922607  0.4059097468852997
   7304    -1.4443285465240479  0.7602704167366028  -0.18542517721652985
   7305    -1.4444830417633057  2.358464479446411  -0.7538787126541138
   7306    -1.3941484689712524  1.9722739458084106  -0.38083431124687195
   7307    0.9986875057220459  0.21433638036251068  0.5167423486709595
   7308    -0.11812997609376907  0.38455119729042053  0.9835153818130493
   7309    -1.3159563541412354  2.3470232486724854  -1.0022517442703247
   7310    -1.7634581327438354  1.3983678817749023  0.7260457873344421
   7311    0.639732837677002  -0.19646646082401276  0.06359308212995529
   7312    -1.6168712377548218  1.1555910110473633  0.20372222363948822
   7313    0.43563973903656006  0.23064562678337097  -0.42997172474861145
   7314    -0.09972148388624191  1.3285354375839233  -0.10556360334157944
   7315    -0.49359115958213806  1.3143142461776733  -0.19472210109233856
   7316    -0.16003121435642242  1.4090758562088013  -0.13172903656959534
   7317    0.326096773147583  0.38946303725242615  -0.4559994637966156
   7318    -1.2784472703933716  0.40585875511169434  0.4966742694377899
   7319    0.2550366222858429  -0.15948250889778137  0.16893471777439117
   7320    -1.3481093645095825  1.2083646059036255  0.04743708670139313
   7321    0.11934271454811096  1.376389503479004  -0.048068560659885406
   7322    -1.0266826152801514  -0.22870469093322754  0.03991656005382538
   7323    -1.3985114097595215  1.9893163442611694  -0.4901581406593323
   7324    0.40543752908706665  -0.14024554193019867  -0.1542057991027832
   7325    0.05334765836596489  1.4208060503005981  -0.11653799563646317
   7326    0.10856851190328598  0.1524614691734314  -0.47635015845298767
   7327    -1.1502013206481934  0.6285851001739502  -0.2949715256690979
   7328    -0.719403088092804  0.6085949540138245  -0.1974530667066574
   7329    0.6630038022994995  -0.1723267287015915  0.23951731622219086
   7330    -1.4690134525299072  0.7198482155799866  0.6576348543167114
   7331    0.5136487483978271  0.9751651883125305  -0.1946161687374115
   7332    -1.008000373840332  0.4435155391693115  0.6044595837593079
   7333    -1.000846028327942  0.7316664457321167  0.7393842339515686
   7334    -0.5440381765365601  1.2199361324310303  0.6153691411018372
   7335    -1.1522026062011719  1.468039870262146  0.6228390336036682
   7336    -0.16797783970832825  1.4763180017471313  -0.10173092037439346
   7337    -0.07478426396846771  0.8166195154190063  -0.4807119369506836
   7338    -1.2750564813613892  1.5888214111328125  0.6789059042930603
   7339    -0.12646110355854034  0.42435914278030396  -0.5552964210510254
   7340    -1.169029712677002  0.5204455852508545  -0.22905467450618744
   7341    -0.9568595290184021  0.6441795825958252  0.7732192873954773
   7342    -1.5895981788635254  0.6404657363891602  0.17063646018505096
   7343    -1.1568818092346191  1.0177825689315796  0.5014415383338928
   7344    -1.1682789325714111  1.8202747106552124  0.1304762363433838
   7345    0.20288066565990448  1.3811427354812622  0.5144876837730408
   7346    -0.5605370402336121  0.7181015610694885  -0.5228998064994812
   7347    -0.5045947432518005  -0.20985768735408783  0.9920359253883362
   7348    -0.6338101625442505  1.0599690675735474  -0.39234399795532227
   7349    -0.05124203488230705  1.1515426635742188  -0.3191334307193756
   7350    -1.3371970653533936  1.1055570840835571  0.5546414256095886
   7351    -1.639083743095398  0.8119020462036133  -0.004812886007130146
   7352    -1.6187996864318848  1.892127513885498  0.5408550500869751
   7353    -0.689325749874115  1.1287661790847778  -0.32224592566490173
   7354    -0.3552608788013458  0.2671457827091217  -0.5633044838905334
   7355    -0.9538050889968872  -0.17515964806079865  -0.15587876737117767
   7356    0.46754705905914307  1.2872501611709595  0.3094005286693573
   7357    0.44400331377983093  1.3803240060806274  0.2310965210199356
   7358    -0.19068539142608643  0.5270400643348694  -0.656406044960022
   7359    -1.1457804441452026  0.932856559753418  -0.33444327116012573
   7360    -1.0162301063537598  1.1667568683624268  0.524634599685669
   7361    -1.1223399639129639  1.8524264097213745  0.05631697550415993
   7362    -1.6066839694976807  1.5462654829025269  -0.023256272077560425
   7363    -1.5949645042419434  1.361976981163025  0.2011362910270691
   7364    -1.5787569284439087  1.063490390777588  0.4589943587779999
   7365    0.24841129779815674  1.3552910089492798  -0.09918031841516495
   7366    -1.412498116493225  0.989923357963562  -0.1067611500620842
   7367    0.027158640325069427  0.5206722617149353  -0.5237919688224792
   7368    0.6130868792533875  0.4107499420642853  -0.08677154779434204
   7369    -0.745076060295105  0.8258063793182373  -0.3112815022468567
   7370    -0.43532830476760864  0.7803930044174194  -0.6296231746673584
   7371    -0.8349664807319641  -0.2577705979347229  -0.40191584825515747
   7372    -1.592187762260437  1.9237401485443115  0.642778754234314
   7373    -1.1388428211212158  0.3450300395488739  0.1466446816921234
   7374    -1.043033480644226  0.5475149154663086  0.7939838767051697
   7375    -1.3371849060058594  1.9540234804153442  -0.1718282550573349
   7376    -0.7815876603126526  2.1364798545837402  -0.1407434195280075
   7377    -1.6149687767028809  1.6843674182891846  0.4408281743526459
   7378    -0.8549457788467407  0.4062918424606323  0.7360549569129944
   7379    -1.2551300525665283  1.030103087425232  0.6713755130767822
   7380    -1.2735928297042847  0.5479453206062317  -0.24047110974788666
   7381    1.0516201257705688  0.3926951289176941  0.23595388233661652
   7382    -0.39426189661026  1.3309063911437988  -0.11056366562843323
   7383    0.93007892370224  0.3785839080810547  0.2757352590560913
   7384    -0.26284095644950867  -0.07453152537345886  -0.2327968180179596
   7385    -0.8502846360206604  1.3312275409698486  -0.1967606246471405
   7386    -0.9968851208686829  1.977529525756836  0.12577134370803833
   7387    0.5813459157943726  0.5251318216323853  0.7680855989456177
   7388    -1.2009526491165161  0.95557701587677  -0.3146224915981293
   7389    -0.616027295589447  0.44686734676361084  -0.4024927616119385
   7390    -0.8182475566864014  0.9341638088226318  0.6228434443473816
   7391    -1.3702484369277954  1.9306386709213257  0.6506298184394836
   7392    0.03375738114118576  0.10888728499412537  -0.524694561958313
   7393    -1.64305579662323  1.4432450532913208  0.05370818451046944
   7394    -0.126173734664917  0.8256822228431702  -0.5835236310958862
   7395    -1.7174243927001953  1.9549301862716675  0.2568027675151825
   7396    -1.3182857036590576  0.34682756662368774  0.41284123063087463
   7397    -1.6190241575241089  1.352746605873108  0.028393903747200966
   7398    -1.397794246673584  2.0455563068389893  -0.682100772857666
   7399    -1.4051969051361084  0.6658908128738403  -0.2201540321111679
   7400    1.084668755531311  0.26650625467300415  0.40183162689208984
   7401    -1.4015614986419678  1.864036202430725  0.7995643019676208
   7402    -1.3710815906524658  1.7086368799209595  0.6183210611343384
   7403    -1.4437824487686157  0.6493209004402161  -0.05094614997506142
   7404    -1.0792286396026611  0.7910833358764648  -0.3231980502605438
   7405    -1.6715848445892334  1.4011595249176025  0.8385102152824402
   7406    0.27260005474090576  0.9697213768959045  -0.31803008913993835
   7407    -0.951059877872467  0.7959334254264832  -0.3455284535884857
   7408    -1.3134934902191162  1.5532217025756836  -0.10366688668727875
   7409    -0.9640999436378479  -0.17645785212516785  0.6139630675315857
   7410    0.42141181230545044  -0.17346973717212677  0.7019330263137817
   7411    0.2159576267004013  1.0261764526367188  0.8081350922584534
   7412    -0.7433562278747559  -0.2620764672756195  -0.5242956876754761
   7413    -1.461098313331604  0.5208213925361633  -0.032896045595407486
   7414    -0.6872096061706543  -0.068275086581707  0.6060813069343567
   7415    -1.1082919836044312  1.6550582647323608  0.09984834492206573
   7416    0.6641127467155457  0.6595248579978943  -0.2115577757358551
   7417    -0.037031952291727066  1.0674724578857422  0.7682080268859863
   7418    0.45887336134910583  0.4787210524082184  0.7857338190078735
   7419    -0.959839403629303  0.004480532370507717  0.6593853831291199
   7420    -1.4807803630828857  1.3873558044433594  0.8936260938644409
   7421    -0.2441633641719818  1.2718385457992554  -0.15369820594787598
   7422    -0.8526684045791626  0.438087522983551  -0.09461183100938797
   7423    0.6821216344833374  1.0106474161148071  -0.06701897829771042
   7424    0.7099973559379578  0.7158434391021729  -0.2451869249343872
   7425    0.08506374061107635  0.33657166361808777  -0.542780339717865
   7426    0.41931459307670593  1.3194153308868408  0.5261613726615906
   7427    -1.4139267206192017  2.248445510864258  -0.5136181116104126
   7428    0.2522306442260742  1.368715524673462  0.6065663695335388
   7429    -1.2904422283172607  -0.2717120349407196  -0.1002291664481163
   7430    -1.4718153476715088  1.270956039428711  0.630892813205719
   7431    -1.2394169569015503  1.6943483352661133  0.5586227774620056
   7432    -1.3163782358169556  0.4137426018714905  -0.06864303350448608
   7433    -1.1103485822677612  1.4043794870376587  0.07982774823904037
   7434    -1.3090919256210327  0.3337877690792084  0.28083667159080505
   7435    -1.3675686120986938  2.2409956455230713  -0.7905677556991577
   7436    -0.5921860933303833  0.5711905360221863  -0.4667821526527405
   7437    0.7292466759681702  0.47356167435646057  -0.02264486625790596
   7438    -1.178622841835022  0.3307228982448578  0.4084704518318176
   7439    0.10396994650363922  0.8512658476829529  0.9434018135070801
   7440    -0.5595110058784485  0.6990872025489807  -0.3428155183792114
   7441    -1.6353827714920044  0.695883572101593  0.34604543447494507
   7442    -0.2592675983905792  1.1539667844772339  -0.2520597279071808
   7443    -0.6572614908218384  1.2689327001571655  0.46368905901908875
   7444    -1.5883057117462158  1.7438280582427979  0.747973620891571
   7445    0.30996784567832947  1.1364916563034058  -0.22754938900470734
   7446    -0.6339718699455261  0.5244744420051575  -0.3567177653312683
   7447    -1.3352044820785522  2.2385785579681396  -0.9206326007843018
   7448    -0.8453598022460938  0.4892706573009491  -0.22704441845417023
   7449    -0.39357390999794006  0.6687056422233582  1.037505865097046
   7450    -1.1077561378479004  1.4002264738082886  0.6486632823944092
   7451    -0.09273398667573929  0.7934926152229309  -0.19491545855998993
   7452    -0.20794641971588135  0.4604109227657318  -0.6847244501113892
   7453    -1.1139971017837524  1.8070330619812012  0.30154138803482056
   7454    0.5179746747016907  -0.22917376458644867  0.25455227494239807
   7455    -0.21672412753105164  1.3338842391967773  0.5462521314620972
   7456    0.8263082504272461  0.2885308861732483  0.4734984040260315
   7457    -1.784533143043518  1.4721702337265015  0.6899275779724121
   7458    -1.4500826597213745  1.3634533882141113  0.9750605225563049
   7459    -0.47869420051574707  0.9000547528266907  -0.46221256256103516
   7460    -1.5541281700134277  1.7235684394836426  0.879784107208252
   7461    0.01728205755352974  0.030253753066062927  -0.20332570374011993
   7462    -0.6310998201370239  0.9273359775543213  0.785650908946991
   7463    -0.2810899615287781  0.7602298855781555  -0.5807744860649109
   7464    -0.7547088861465454  0.45306867361068726  -0.2505798041820526
   7465    -0.8055745959281921  0.24968890845775604  0.6895111203193665
   7466    -1.6956952810287476  1.374731421470642  0.276857852935791
   7467    0.5698894262313843  1.1496357917785645  0.380134642124176
   7468    0.6910812854766846  0.30364271998405457  0.12339504808187485
   7469    -1.3342344760894775  2.4490697383880615  -1.0573327541351318
   7470    -0.12928390502929688  0.5752621293067932  -0.6872459053993225
   7471    0.49565547704696655  0.23890109360218048  -0.3388570249080658
   7472    -1.4492908716201782  2.3134236335754395  -0.545041561126709
   7473    -1.3430237770080566  2.0029408931732178  -0.5189110040664673
   7474    -1.4715584516525269  0.5239031910896301  0.533232569694519
   7475    -0.15585187077522278  0.8940454125404358  -0.4337211549282074
   7476    -0.5202276110649109  2.4222919940948486  -0.2993808686733246
   7477    -0.5785948634147644  2.174091339111328  -0.10652551800012589
   7478    0.5603281855583191  0.23841094970703125  -0.18528033792972565
   7479    -1.110357403755188  1.5269010066986084  0.4426611065864563
   7480    -1.1819466352462769  1.0205862522125244  0.749278724193573
   7481    -1.4465464353561401  2.0236876010894775  -0.50311678647995
   7482    -0.2250795066356659  0.7863321900367737  -0.6500184535980225
   7483    -1.31764817237854  1.900811791419983  0.7059760093688965
   7484    -0.09490621089935303  -0.10235821455717087  0.6918084025382996
   7485    -0.943665623664856  -0.22590547800064087  0.7768299579620361
   7486    0.002117192605510354  0.5735340118408203  1.0558651685714722
   7487    -1.5706185102462769  1.6580817699432373  0.02246951311826706
   7488    0.3269945979118347  1.2562342882156372  -0.15807001292705536
   7489    -1.381608486175537  2.0681264400482178  -0.8049824833869934
   7490    -0.8268739581108093  1.1795159578323364  0.558217465877533
   7491    0.7046756148338318  -0.10047482699155807  0.033567026257514954
   7492    -1.1076604127883911  1.9341877698898315  0.0475003607571125
   7493    -0.9549343585968018  2.184913158416748  0.02832862176001072
   7494    -0.7473664879798889  2.3986752033233643  -0.1128624975681305
   7495    -1.6969717741012573  1.5123060941696167  0.06421086937189102
   7496    -1.268508791923523  1.8980532884597778  0.06698279082775116
   7497    0.8130190968513489  0.04157206043601036  -0.045015595853328705
   7498    -0.8264819383621216  -0.13759218156337738  0.7648274302482605
   7499    -0.7332602739334106  0.9347423911094666  0.7585023641586304
   7500    -1.05801522731781  0.8610254526138306  0.7426915764808655
   7501    -0.9853700995445251  -0.026898933574557304  -0.019021762534976006
   7502    0.23962101340293884  1.4382903575897217  0.3686477541923523
   7503    -1.377310037612915  2.4188308715820312  -0.944037139415741
   7504    0.024018391966819763  1.4631435871124268  0.27325037121772766
   7505    -1.480111837387085  1.9879064559936523  0.03639941290020943
   7506    -1.1856942176818848  2.001955270767212  0.6150181889533997
   7507    -1.5871822834014893  1.4239137172698975  -0.01749301142990589
   7508    -0.7955318689346313  -0.15172049403190613  0.0745856910943985
   7509    -0.39534345269203186  0.24832187592983246  -0.27002161741256714
   7510    -0.810627281665802  2.340236186981201  -0.008540668524801731
   7511    -0.23298674821853638  2.3479738235473633  -0.38788706064224243
   7512    -0.6278918385505676  2.1392245292663574  -0.07817139476537704
   7513    -1.6344513893127441  1.0241725444793701  0.33024102449417114
   7514    -1.4753774404525757  2.4115896224975586  -0.7989502549171448
   7515    0.6326184868812561  1.053370714187622  0.5233571529388428
   7516    -1.3733863830566406  1.5868498086929321  0.774268627166748
   7517    -0.4747292101383209  0.47231239080429077  -0.6500204205513
   7518    0.09666597098112106  0.952275812625885  -0.28744134306907654
   7519    -1.131900429725647  1.9688745737075806  0.3998391628265381
   7520    -1.1250091791152954  0.4208854138851166  0.6388697028160095
   7521    0.676253616809845  -0.11173631995916367  0.4693607985973358
   7522    0.3637649118900299  0.4252251088619232  -0.5113007426261902
   7523    0.038794148713350296  -0.24351656436920166  0.3025011718273163
   7524    0.48230692744255066  1.3049530982971191  0.11194104701280594
   7525    -0.9648376703262329  1.506298303604126  -0.04806053638458252
   7526    -1.5203109979629517  2.1855506896972656  -0.399484783411026
   7527    -1.084136724472046  -0.23384609818458557  0.25471317768096924
   7528    0.140740767121315  1.089097499847412  -0.26405465602874756
   7529    -0.7095291614532471  1.329914927482605  -0.02249760739505291
   7530    -1.317545771598816  2.299771785736084  -0.7613227963447571
   7531    -0.3743005096912384  -0.17546145617961884  -0.48859938979148865
   7532    0.754400372505188  0.7262260913848877  0.021116124466061592
   7533    0.35081952810287476  -0.18087874352931976  0.7685275077819824
   7534    -1.1993772983551025  1.4677895307540894  0.7545745968818665
   7535    0.5456951260566711  0.8797023892402649  0.6231752038002014
   7536    -1.1810529232025146  2.001276731491089  0.5183841586112976
   7537    -0.6044954657554626  0.8238434791564941  0.3079032003879547
   7538    0.21111632883548737  0.9204305410385132  -0.37708398699760437
   7539    0.40255206823349  0.7430071830749512  0.7936244606971741
   7540    -0.8278845548629761  0.3546169102191925  0.3903290331363678
   7541    -0.14903199672698975  0.1773701012134552  1.0347386598587036
   7542    0.20967590808868408  0.4356110692024231  -0.5038147568702698
   7543    0.14066378772258759  0.3291258215904236  1.0112688541412354
   7544    0.7532082796096802  0.2719586193561554  0.024606166407465935
   7545    0.4702465832233429  0.7941371202468872  0.7871261835098267
   7546    0.2596662640571594  1.429764986038208  -0.014866899698972702
   7547    -0.13348273932933807  1.2615052461624146  -0.28636136651039124
   7548    -0.9426533579826355  0.38527143001556396  0.6720501780509949
   7549    0.5866764783859253  1.252197265625  0.4235491454601288
   7550    -0.8797885179519653  1.1595144271850586  -0.25227758288383484
   7551    0.11880145221948624  0.5522140264511108  -0.5770056843757629
   7552    0.27792853116989136  0.6249868273735046  -0.2641909718513489
   7553    -1.6810510158538818  1.3661407232284546  0.525343656539917
   7554    0.04796807840466499  -0.09668849408626556  -0.22628863155841827
   7555    -1.6373540163040161  1.837173342704773  0.7029110789299011
   7556    -1.0737215280532837  1.629130482673645  0.3458537757396698
   7557    -0.6026513576507568  1.074816346168518  0.717289924621582
   7558    0.20522186160087585  0.2828224301338196  -0.5278894305229187
   7559    0.03530631959438324  0.41851428151130676  0.9768140912055969
   7560    -0.8221056461334229  -0.021403750404715538  -0.1277173012495041
   7561    -1.4696508646011353  1.9588912725448608  -0.14236070215702057
   7562    -1.1594159603118896  1.560048222541809  -0.012494665570557117
   7563    0.09463296085596085  -0.2605226933956146  0.3243643343448639
   7564    0.11302800476551056  1.476971983909607  0.47189491987228394
   7565    -1.401946783065796  1.9414998292922974  -0.22542349994182587
   7566    -0.8325828909873962  1.07492995262146  -0.06413433700799942
   7567    -1.3396517038345337  1.7456670999526978  0.6978803873062134
   7568    0.29214754700660706  1.1379632949829102  0.6743066906929016
   7569    -1.7326176166534424  1.9482313394546509  0.36532992124557495
   7570    -1.3895928859710693  2.2601425647735596  -0.6196090579032898
   7571    -0.9866795539855957  0.7235147953033447  0.8255836963653564
   7572    0.22566662728786469  1.503393292427063  0.20169471204280853
   7573    -0.8584378361701965  0.19139021635055542  0.31601542234420776
   7574    -0.3771299421787262  1.3488432168960571  0.172346830368042
   7575    0.7048990726470947  0.32690659165382385  -0.07645134627819061
   7576    0.6313869953155518  0.19555462896823883  -0.05840656906366348
   7577    -0.4564054608345032  -0.0028172798920422792  -0.38236111402511597
   7578    -1.1583638191223145  0.9201657176017761  0.7707558870315552
   7579    -0.6991649270057678  -0.20886638760566711  0.557219386100769
   7580    -1.4644166231155396  1.5195159912109375  -0.03531530126929283
   7581    -0.22744522988796234  0.6576505899429321  1.008479118347168
   7582    0.4267288148403168  0.050963833928108215  -0.3715723156929016
   7583    0.22660106420516968  0.1887681782245636  -0.524428129196167
   7584    -0.3039180338382721  -0.1832602620124817  -0.38846856355667114
   7585    -0.668156623840332  -0.1411936730146408  -0.3814392387866974
   7586    -0.9950447082519531  2.004082679748535  -0.012950712814927101
   7587    -1.656116008758545  1.2998758554458618  0.8803285360336304
   7588    -1.1265296936035156  0.249784916639328  0.11901992559432983
   7589    -1.7036185264587402  1.8985668420791626  0.48838841915130615
   7590    -1.6857059001922607  0.7637853026390076  0.24807655811309814
   7591    -1.2385565042495728  1.6601444482803345  -0.030495185405015945
   7592    -1.4018208980560303  1.5336092710494995  0.8757554888725281
   7593    -1.6659616231918335  1.1202553510665894  0.15322920680046082
   7594    -0.06836174428462982  -0.080350361764431  -0.24855196475982666
   7595    -0.4705784320831299  -0.020595571026206017  -0.016642242670059204
   7596    -1.207858920097351  1.72301185131073  0.6193559765815735
   7597    -0.3294391930103302  0.6581329107284546  -0.6708733439445496
   7598    -0.5754058957099915  -0.23573459684848785  0.9754870533943176
   7599    0.39645451307296753  1.39689302444458  0.43731433153152466
   7600    0.33795639872550964  1.295418620109558  0.6357331275939941
   7601    0.5592341423034668  1.1657476425170898  -0.07921871542930603
   7602    -0.10715488344430923  0.49754151701927185  1.087900161743164
   7603    0.5646035075187683  0.3177184462547302  -0.28193265199661255
   7604    -0.025212706997990608  1.500898838043213  0.1035502627491951
   7605    -1.3715869188308716  0.3054082989692688  0.3155617117881775
   7606    -0.9868048429489136  0.44779422879219055  -0.1557512730360031
   7607    0.10520191490650177  0.29136502742767334  -0.5901594758033752
   7608    -1.7006081342697144  0.7444356679916382  0.09441407769918442
   7609    -0.849814236164093  0.8410561084747314  -0.34351035952568054
   7610    -0.0775374099612236  1.2784615755081177  0.6328619122505188
   7611    -0.5025858283042908  -0.2818696200847626  -0.47606730461120605
   7612    -0.763392984867096  1.2307358980178833  -0.21568340063095093
   7613    -1.6805040836334229  1.6823810338974  0.8559110760688782
   7614    -1.2380139827728271  -0.24342842400074005  0.6244012117385864
   7615    -0.6507799029350281  2.4276368618011475  -0.22591209411621094
   7616    -1.2615503072738647  1.316815733909607  -0.035903993993997574
   7617    -0.22548994421958923  1.295396327972412  0.6622557640075684
   7618    -1.4995309114456177  1.5689359903335571  -0.08840791136026382
   7619    -0.7174125909805298  1.0271151065826416  0.46364495158195496
   7620    -0.2791244089603424  -0.21203596889972687  0.9265477657318115
   7621    -0.16678118705749512  -0.1205676943063736  -0.21975310146808624
   7622    -1.6579890251159668  1.5323635339736938  0.8429415822029114
   7623    -0.1219504177570343  0.10060925036668777  1.0108013153076172
   7624    -1.5205810070037842  2.285994052886963  -0.5895395874977112
   7625    -0.00875154323875904  1.0534932613372803  -0.36613112688064575
   7626    -0.2493400126695633  0.5307701826095581  -0.492270290851593
   7627    -0.8472526669502258  0.5886635184288025  -0.28212234377861023
   7628    1.0723108053207397  0.190040722489357  0.022820862010121346
   7629    -0.5663102865219116  0.4763633608818054  -0.5260806083679199
   7630    -0.1737135648727417  0.7581532597541809  1.0621187686920166
   7631    -0.20405681431293488  0.6566644906997681  -0.6519352197647095
   7632    0.457421213388443  0.4432786703109741  -0.3257754445075989
   7633    0.7567810416221619  0.5174102783203125  -0.11184217035770416
   7634    -0.9291917085647583  0.2934330105781555  0.573229968547821
   7635    -0.029337184503674507  -0.11435417085886002  -0.15636764466762543
   7636    -0.20159272849559784  0.07855194807052612  -0.6025192737579346
   7637    -0.2559203505516052  0.40671756863594055  -0.6917451620101929
   7638    0.776549220085144  -0.05908685177564621  0.3218100368976593
   7639    -0.2688080668449402  1.2997031211853027  -0.23619990050792694
   7640    0.21475957334041595  1.3559046983718872  -0.19111278653144836
   7641    0.21606826782226562  -0.11366720497608185  0.6205211877822876
   7642    -0.968582034111023  0.9073057174682617  0.7772154808044434
   7643    -1.0847944021224976  1.5308884382247925  0.6134073734283447
   7644    0.23414842784404755  0.3320551812648773  0.9661983251571655
   7645    -0.21195349097251892  -0.0874679759144783  0.8410676121711731
   7646    0.12003038823604584  0.6137835383415222  1.018698811531067
   7647    -1.4701021909713745  2.0264923572540283  -0.0581611730158329
   7648    0.5665850043296814  1.1808077096939087  0.20589472353458405
   7649    -0.024404950439929962  1.2531776428222656  -0.2576967775821686
   7650    0.5719744563102722  0.21641404926776886  -0.2806611955165863
   7651    -0.8875254392623901  2.2662100791931152  0.03416156768798828
   7652    0.4827696681022644  0.828384280204773  -0.2657661437988281
   7653    -0.08085815608501434  0.8822261095046997  -0.5365413427352905
   7654    -1.371925950050354  0.3288190960884094  0.1389213651418686
   7655    -0.16735132038593292  1.1236135959625244  -0.3554378151893616
   7656    -0.11636693775653839  -0.04122055321931839  0.9139063954353333
   7657    0.6404221653938293  0.830324649810791  -0.14640682935714722
   7658    -1.6332569122314453  1.0926185846328735  0.4978730380535126
   7659    -0.6609325408935547  -0.18159927427768707  -0.5304375886917114
   7660    -1.5161287784576416  0.5132434964179993  0.2962614893913269
   7661    0.37086182832717896  1.392525553703308  0.5491514205932617
   7662    -1.3915979862213135  1.9011216163635254  -0.09690801799297333
   7663    0.9235401153564453  0.350196897983551  0.3679148554801941
   7664    -1.7229441404342651  1.507429599761963  0.23108570277690887
   7665    -1.3992480039596558  1.843299388885498  -0.1146802008152008
   7666    -1.314499855041504  1.0463253259658813  -0.1778937429189682
   7667    -0.863898515701294  -0.21493366360664368  -0.2764553129673004
   7668    -1.730337142944336  1.6095157861709595  0.30143192410469055
   7669    -0.13322404026985168  0.392229825258255  -0.6377236247062683
   7670    -0.6375036835670471  0.7169508934020996  -0.4250546395778656
   7671    -1.0813525915145874  0.6831535696983337  0.8012126088142395
   7672    0.7059664726257324  -0.10419896245002747  0.5302030444145203
   7673    0.10261538624763489  0.06934525072574615  0.8772782683372498
   7674    0.6684231162071228  0.8912889361381531  0.5104207396507263
   7675    -1.1450225114822388  0.5779138207435608  0.8216023445129395
   7676    -0.4331034719944  0.70841383934021  -0.44804149866104126
   7677    -1.5451534986495972  1.8530831336975098  0.7677133083343506
   7678    -1.6265220642089844  0.9705227017402649  0.012042020447552204
   7679    -1.3203399181365967  2.1987416744232178  -0.5964004993438721
   7680    0.28770846128463745  0.819304883480072  0.9261431694030762
   7681    -1.193715214729309  0.48355329036712646  0.7129156589508057
   7682    -0.01711314357817173  0.5764057636260986  -0.6067996621131897
   7683    -0.4152233898639679  0.18120954930782318  -0.43158555030822754
   7684    0.8987043499946594  0.2454165667295456  0.16408059000968933
   7685    -0.886782705783844  0.2145545333623886  -0.12617352604866028
   7686    -0.2752443253993988  0.5504281520843506  1.0205755233764648
   7687    -0.8424567580223083  0.9079657196998596  0.7325736880302429
   7688    -1.606838583946228  0.8306072354316711  0.4422718584537506
   7689    -0.08679553866386414  0.26835212111473083  1.001436710357666
   7690    -0.7621625065803528  0.6978172659873962  -0.33931708335876465
   7691    0.9688887000083923  0.04519079998135567  0.016204746440052986
   7692    0.04902532696723938  0.022456156089901924  0.9429708123207092
   7693    -1.2874553203582764  1.15756356716156  0.6479512453079224
   7694    -1.3378626108169556  1.174939751625061  0.6906769871711731
   7695    -1.3193647861480713  1.9181791543960571  -0.21480324864387512
   7696    0.7413039207458496  0.6629418134689331  -0.15871712565422058
   7697    -1.5624936819076538  1.890186071395874  0.05809878557920456
   7698    0.42340606451034546  -0.0028295819647610188  0.7228279709815979
   7699    0.8094316720962524  0.5053131580352783  0.024117276072502136
   7700    -0.9367235898971558  1.5246163606643677  0.33579549193382263
   7701    -1.2077529430389404  0.2906903326511383  0.07478702813386917
   7702    0.2161453813314438  1.5062330961227417  0.4286305904388428
   7703    -0.7534534931182861  -0.19816723465919495  0.6621631979942322
   7704    0.11240410804748535  1.25430428981781  0.6959937810897827
   7705    0.601553201675415  1.0443527698516846  -0.14996685087680817
   7706    -1.5540755987167358  0.5738404989242554  0.08265549689531326
   7707    -0.17980952560901642  0.5610389709472656  1.0549079179763794
   7708    0.23373264074325562  0.4120597243309021  -0.5663888454437256
   7709    -1.2225524187088013  0.45129016041755676  -0.1954042762517929
   7710    -0.13646163046360016  0.9184795022010803  0.7520517706871033
   7711    0.6500688791275024  0.16897901892662048  0.3348664343357086
   7712    -0.3541675806045532  -0.10810864716768265  -0.48663514852523804
   7713    0.46806079149246216  0.08532186597585678  -0.11962903290987015
   7714    0.08999498933553696  -0.11763708293437958  0.10878849774599075
   7715    0.18926332890987396  0.9535614848136902  0.8749323487281799
   7716    -1.0637961626052856  1.0110517740249634  -0.3391684293746948
   7717    -1.528111219406128  1.355843424797058  0.9503555297851562
   7718    -1.4606913328170776  1.8108854293823242  -0.04343783110380173
   7719    0.6632229089736938  1.0851709842681885  0.2776201069355011
   7720    -1.4907152652740479  1.9635484218597412  0.5222572088241577
   7721    0.5902631282806396  0.21448177099227905  0.5313032269477844
   7722    0.5324414372444153  -0.22596275806427002  0.16553834080696106
   7723    0.06210027635097504  1.5429728031158447  0.20491015911102295
   7724    -1.4779318571090698  1.3813903331756592  -0.04372582957148552
   7725    0.16104289889335632  1.0967124700546265  -0.34181636571884155
   7726    -0.4618755578994751  0.6654216647148132  0.829748272895813
   7727    -1.5299758911132812  1.6886913776397705  0.6090925335884094
   7728    0.27913883328437805  1.2992799282073975  -0.2267230898141861
   7729    -1.5739073753356934  2.0177581310272217  0.2605777084827423
   7730    -1.2812949419021606  -0.20157897472381592  0.14168532192707062
   7731    0.3271530866622925  0.09768714010715485  0.9000415205955505
   7732    -0.9789392352104187  0.8968435525894165  -0.3863840699195862
   7733    0.34749531745910645  1.3060121536254883  -0.20565025508403778
   7734    -0.9232337474822998  2.2115602493286133  0.07920117676258087
   7735    -1.0177595615386963  1.9035210609436035  0.0724029392004013
   7736    0.807310163974762  0.7572461366653442  0.12158791720867157
   7737    -0.3724901080131531  1.4109481573104858  0.05569090321660042
   7738    0.3631327748298645  -0.12197186797857285  0.5073406100273132
   7739    -0.34953227639198303  0.8717730641365051  -0.4147695004940033
   7740    0.4200550317764282  0.4273766875267029  0.859239935874939
   7741    -1.7647000551223755  1.857256293296814  0.3180198669433594
   7742    -0.02584131807088852  0.8974733352661133  -0.37228769063949585
   7743    -1.0919852256774902  1.952197790145874  0.246984601020813
   7744    1.0609325170516968  0.1408880054950714  0.41282957792282104
   7745    -1.265325665473938  0.4276730716228485  0.6122292280197144
   7746    -1.0697555541992188  1.9189608097076416  0.15341152250766754
   7747    -1.410651683807373  1.7217745780944824  0.8259896039962769
   7748    0.6304334402084351  0.3523904085159302  -0.2878217101097107
   7749    -0.45110881328582764  -0.20779600739479065  -0.41318750381469727
   7750    0.18813878297805786  -0.18544018268585205  -0.2558411657810211
   7751    -1.1763474941253662  0.7459527850151062  0.773639440536499
   7752    0.47678741812705994  0.1313721388578415  -0.3363436758518219
   7753    0.05266638100147247  0.8082378506660461  -0.5271936655044556
   7754    -1.1886444091796875  -0.2382066547870636  0.353669136762619
   7755    -0.6423594951629639  -0.08275679498910904  -0.04516042768955231
   7756    -0.6385203003883362  -0.1828845739364624  0.27396270632743835
   7757    0.1671081781387329  0.7180771231651306  1.0176161527633667
   7758    0.8508808016777039  -0.057071346789598465  0.008503606542944908
   7759    0.2922734320163727  0.368394136428833  -0.5407524108886719
   7760    -1.5066494941711426  2.002882957458496  0.39556846022605896
   7761    0.3572135269641876  -0.09839263558387756  0.7782142758369446
   7762    -0.19102172553539276  1.4079922437667847  0.2632579505443573
   7763    0.9400728940963745  0.2771058976650238  0.07651226967573166
   7764    -1.334839105606079  1.4767227172851562  0.8828821778297424
   7765    -1.7136456966400146  1.6773638725280762  0.2289668470621109
   7766    0.4082632064819336  -0.019859643653035164  -0.3468862473964691
   7767    -0.021390069276094437  0.26583486795425415  1.0525280237197876
   7768    -1.7173137664794922  1.7026453018188477  0.32171007990837097
   7769    -0.4368343949317932  0.9245432019233704  0.7897788882255554
   7770    0.22552359104156494  0.5824658274650574  -0.4754248559474945
   7771    -1.1333447694778442  1.6273164749145508  0.5656633973121643
   7772    0.7042987942695618  1.1143908500671387  0.3683567941188812
   7773    -1.7341543436050415  1.6464020013809204  0.11744441837072372
   7774    -1.4806358814239502  0.9354019165039062  0.6377871036529541
   7775    -0.4675142765045166  0.11380323022603989  -0.4769180715084076
   7776    -0.15296053886413574  1.1530070304870605  0.715485692024231
   7777    0.7599613070487976  0.26411932706832886  -0.04861197620630264
   7778    -0.6672484278678894  -0.15435175597667694  -0.25350672006607056
   7779    0.27289339900016785  -0.23659788072109222  -0.2605232000350952
   7780    -1.0112190246582031  -0.1628497838973999  0.7978641390800476
   7781    -1.1305782794952393  -0.09775816649198532  0.13865666091442108
   7782    -0.054338499903678894  0.025327719748020172  0.9513185620307922
   7783    -0.20518818497657776  0.4056488573551178  1.017242670059204
   7784    0.7110953330993652  0.03942444920539856  -0.0376429446041584
   7785    0.7146698236465454  0.19665127992630005  -0.07055831700563431
   7786    -0.9963593482971191  0.11948779225349426  -0.04327643662691116
   7787    -0.6057215929031372  0.7286502122879028  -0.48019447922706604
   7788    -0.9025391936302185  -0.28150516748428345  -0.2727276682853699
   7789    0.5955725908279419  -0.128614142537117  0.5009499788284302
   7790    -1.0307680368423462  1.595149278640747  0.4355381727218628
   7791    -0.760820209980011  1.4423425197601318  0.07622259855270386
   7792    -1.7257719039916992  1.5897042751312256  0.43766680359840393
   7793    -1.1284035444259644  1.0686498880386353  -0.281895250082016
   7794    -0.6632238626480103  1.3459506034851074  -0.11100000143051147
   7795    1.0810327529907227  0.23557278513908386  0.13253605365753174
   7796    0.31029364466667175  1.4046883583068848  0.5819423794746399
   7797    -0.37065643072128296  1.2027844190597534  -0.2976714074611664
   7798    -0.21469441056251526  0.5524516105651855  -0.7076693773269653
   7799    0.14186614751815796  1.5071035623550415  0.31293362379074097
   7800    -0.17076732218265533  0.6743382811546326  1.0683226585388184
   7801    -0.07093033939599991  1.4593425989151  -0.06205778196454048
   7802    -1.592777967453003  1.7508784532546997  0.13078509271144867
   7803    0.16459667682647705  0.9955428838729858  0.9008092880249023
   7804    -0.42642298340797424  0.8632689118385315  0.8498873710632324
   7805    0.539832353591919  0.02764798142015934  -0.1553870141506195
   7806    -1.0428727865219116  0.20956629514694214  0.4475683867931366
   7807    -1.4131932258605957  0.3918526768684387  0.22394202649593353
   7808    -1.3984439373016357  -0.27524101734161377  0.08288442343473434
   7809    -0.6817493438720703  -0.27388882637023926  0.40976089239120483
   7810    -0.598345160484314  -0.008798589929938316  -0.12747585773468018
   7811    -0.5060622692108154  0.27082300186157227  -0.4273437261581421
   7812    -1.753196358680725  1.4251301288604736  0.4182901680469513
   7813    -1.4951021671295166  1.2958184480667114  0.9228132367134094
   7814    -1.3521380424499512  0.5458319187164307  -0.2379259318113327
   7815    -1.6601893901824951  1.401347041130066  0.9148997664451599
   7816    -1.1169134378433228  0.7392840385437012  0.8319757580757141
   7817    -0.8805145621299744  -0.05194677412509918  0.19619709253311157
   7818    -1.7288998365402222  1.3329811096191406  0.7922154664993286
   7819    -0.7359751462936401  0.3620716631412506  0.6981244683265686
   7820    -0.9764711260795593  0.3196897804737091  -0.09735026210546494
   7821    -1.681601881980896  0.9043847322463989  0.07717287540435791
   7822    -0.9185808897018433  1.0047738552093506  0.7194284200668335
   7823    0.3011569082736969  0.01647947169840336  -0.38321349024772644
   7824    -1.2939494848251343  1.3044430017471313  0.7335132956504822
   7825    -1.0748679637908936  -0.06554461270570755  0.00934771727770567
   7826    -1.3782068490982056  0.7591626644134521  0.7246430516242981
   7827    -1.4441229104995728  1.2722781896591187  -0.02457496151328087
   7828    -1.7763018608093262  1.3411517143249512  0.4009395241737366
   7829    -1.6376776695251465  1.5211390256881714  0.9303699135780334
   7830    -0.7871972918510437  0.588794469833374  0.7155155539512634
   7831    -1.121777057647705  -0.2363220900297165  0.4194977879524231
   7832    0.9419888854026794  0.12631946802139282  -0.03893356770277023
   7833    -0.7052053213119507  0.0898968055844307  0.6014735102653503
   7834    0.7088382244110107  0.31631937623023987  -0.1660769134759903
   7835    -0.6952167749404907  -0.011782667599618435  0.6808538436889648
   7836    -1.5875834226608276  0.7458186745643616  -0.055830929428339005
   7837    0.7532241344451904  -0.0752270519733429  0.5584924817085266
   7838    -1.414747714996338  1.0468922853469849  0.6402074694633484
   7839    0.159748837351799  0.4198586046695709  -0.5816359519958496
   7840    -0.3221043050289154  0.48538392782211304  1.0346237421035767
   7841    -1.2919468879699707  2.0390560626983643  -0.512008786201477
   7842    -0.32820984721183777  -0.06626971065998077  0.737926721572876
   7843    0.8266019821166992  0.16013263165950775  0.019362039864063263
   7844    0.8825163245201111  0.0801246240735054  0.5459149479866028
   7845    -0.245108500123024  -0.16157448291778564  -0.44732654094696045
   7846    -0.7701123952865601  1.3164846897125244  -0.22612036764621735
   7847    0.24140508472919464  1.0982680320739746  0.7667195796966553
   7848    0.49855950474739075  0.3822879493236542  0.7770574688911438
   7849    0.14668695628643036  1.4536468982696533  0.5633351802825928
   7850    0.49577996134757996  0.9248484373092651  -0.3014061152935028
   7851    -1.4337754249572754  1.2146025896072388  -0.09741315245628357
   7852    -1.4591470956802368  1.154931902885437  0.6507376432418823
   7853    -1.4862858057022095  2.063800573348999  -0.024390267208218575
   7854    0.18935556709766388  -0.23988159000873566  -0.3103685677051544
   7855    -1.1669914722442627  0.26187700033187866  0.024021737277507782
   7856    -0.7664881348609924  0.5045313835144043  0.7580109238624573
   7857    -0.11061038076877594  1.1157515048980713  -0.39945822954177856
   7858    0.38303375244140625  -0.2502841353416443  0.6569791436195374
   7859    0.5979175567626953  0.7925244569778442  0.7608779072761536
   7860    -1.0537556409835815  1.5204843282699585  0.03469723090529442
   7861    -1.6752912998199463  0.951468825340271  0.16850675642490387
   7862    1.1279226541519165  0.21315017342567444  0.3491954505443573
   7863    -1.345503568649292  2.1035537719726562  -0.3540773093700409
   7864    -0.905769944190979  -0.2413371205329895  0.8294482231140137
   7865    -1.33216392993927  1.9566313028335571  -0.29346197843551636
   7866    -1.356384038925171  2.2459959983825684  -0.4578363299369812
   7867    0.5538524389266968  0.4106065630912781  0.5357288122177124
   7868    -1.2706516981124878  1.226776361465454  0.6849545836448669
   7869    0.8067606091499329  0.14800593256950378  -0.05725819617509842
   7870    -0.4245002567768097  0.8157109022140503  -0.521955132484436
   7871    0.0961695984005928  -0.2080630660057068  -0.37299859523773193
   7872    0.10890240967273712  1.5024372339248657  0.0332813523709774
   7873    -0.1859549880027771  1.341056227684021  -0.19964350759983063
   7874    -0.4745958745479584  0.10715164989233017  -0.18980996310710907
   7875    -1.650307536125183  1.2975139617919922  0.7428444623947144
   7876    -1.5119916200637817  1.3114498853683472  -0.03183061629533768
   7877    0.7946816086769104  0.5502810478210449  0.35195255279541016
   7878    -0.9168069958686829  0.8455938696861267  0.7918661236763
   7879    0.34330812096595764  0.32037821412086487  -0.4974386394023895
   7880    -1.1542115211486816  0.6355773210525513  0.17496764659881592
   7881    -0.0599958598613739  0.7064521908760071  -0.5880990624427795
   7882    -1.3161312341690063  0.9372870326042175  -0.23993180692195892
   7883    0.21367181837558746  0.07654059678316116  0.8898472189903259
   7884    -1.4220057725906372  0.35811516642570496  0.2921499013900757
   7885    0.6974768042564392  0.8950988054275513  0.602077305316925
   7886    -1.2025823593139648  1.3090177774429321  0.5853296518325806
   7887    -0.9133251905441284  0.26481616497039795  -0.1857081651687622
   7888    0.8750969767570496  0.15172462165355682  -0.032922085374593735
   7889    -1.7682991027832031  1.4598324298858643  0.18443088233470917
   7890    -1.1223331689834595  1.2815359830856323  -0.18395578861236572
   7891    0.059849340468645096  0.26065880060195923  1.0555247068405151
   7892    -0.5464944839477539  0.3318451941013336  -0.3334028124809265
   7893    0.03918156027793884  0.8155819773674011  1.015211820602417
   7894    0.292664110660553  0.3363546133041382  0.8142186999320984
   7895    -0.7212958335876465  0.9952908754348755  0.7829525470733643
   7896    -1.0770102739334106  0.2563053071498871  -0.010281909257173538
   7897    -0.45025360584259033  0.7958080768585205  0.9077187776565552
   7898    -0.6821265816688538  0.5205214619636536  0.7840410470962524
   7899    -1.7688510417938232  1.8928149938583374  0.4753037095069885
   7900    -0.7126464247703552  -0.23813548684120178  0.1639029085636139
   7901    -0.6436775922775269  1.3993747234344482  -0.013239978812634945
   7902    -1.75139319896698  1.7418487071990967  0.292725145816803
   7903    -0.13025635480880737  0.2807987928390503  1.0586320161819458
   7904    -1.0457146167755127  1.4894182682037354  -0.041701070964336395
   7905    -1.4836503267288208  1.2747904062271118  -0.06806174665689468
   7906    -1.077233910560608  1.3468927145004272  0.5114391446113586
   7907    -0.893718421459198  0.09889915585517883  -0.09959416836500168
   7908    0.43788787722587585  0.24274224042892456  0.7616092562675476
   7909    -1.5391136407852173  1.7838002443313599  -0.020520318299531937
   7910    -1.4079718589782715  0.9697679281234741  0.7078068256378174
   7911    -0.9132795333862305  0.6243313550949097  0.8023127317428589
   7912    -1.0867769718170166  0.24988268315792084  0.3640662431716919
   7913    -1.2638782262802124  -0.2615252435207367  0.7041372060775757
   7914    -1.3099256753921509  2.199084520339966  -0.6771743893623352
   7915    -0.24251680076122284  0.04125785082578659  0.8532153964042664
   7916    -0.2972221374511719  1.4502395391464233  0.15455429255962372
   7917    0.2249964475631714  -0.15950602293014526  0.48304444551467896
   7918    0.992091178894043  0.04958396032452583  0.3380677103996277
   7919    -1.0534496307373047  1.436493992805481  0.582736074924469
   7920    -1.260643720626831  0.7570593357086182  0.788998544216156
   7921    -0.6412667036056519  0.23796144127845764  0.6743164658546448
   7922    0.43875959515571594  -0.02596360258758068  0.7663111090660095
   7923    -1.6877808570861816  1.7000222206115723  0.747549295425415
   7924    -0.22982749342918396  -0.17813055217266083  -0.36196812987327576
   7925    -1.473625898361206  1.0600656270980835  0.6799286603927612
   7926    -1.0563745498657227  2.1548197269439697  0.07125140726566315
   7927    -0.9119019508361816  0.08344195038080215  0.4352066218852997
   7928    -0.3450303077697754  0.7123854756355286  1.0963963270187378
   7929    -0.17050239443778992  -0.000898186641279608  -0.48874881863594055
   7930    -0.10429391264915466  -0.12320805341005325  -0.43436935544013977
   7931    0.03201909363269806  1.1528738737106323  0.7487654089927673
   7932    -1.6987148523330688  1.3846688270568848  0.13422545790672302
   7933    -0.03581564873456955  -0.13479378819465637  0.7481546401977539
   7934    0.020996348932385445  0.9363135099411011  0.8122270703315735
   7935    0.24663220345973969  -0.011246281675994396  0.7572113871574402
   7936    -1.4115287065505981  0.7763459086418152  0.12215788662433624
   7937    -1.6572014093399048  1.5682848691940308  0.6171435117721558
   7938    -1.1354566812515259  1.3703978061676025  -0.059822309762239456
   7939    -0.6132288575172424  -0.12251961976289749  0.4702920615673065
   7940    -1.2767947912216187  1.4292110204696655  -0.06565602868795395
   7941    -0.3824605345726013  0.017141137272119522  -0.47759726643562317
   7942    -0.5079468488693237  0.19297300279140472  -0.30743977427482605
   7943    -1.291682481765747  0.6594879031181335  0.7720680832862854
   7944    -1.1105228662490845  -0.1339356154203415  -0.07203176617622375
   7945    -0.6406655311584473  -0.1825387179851532  -0.34827396273612976
   7946    -1.6867886781692505  0.7705778479576111  0.35974958539009094
   7947    -1.4981318712234497  1.9639557600021362  -0.09240121394395828
   7948    0.3707289695739746  0.18397077918052673  0.8845100998878479
   7949    -1.1602903604507446  2.0391299724578857  0.13392961025238037
   7950    -1.1891026496887207  1.192539095878601  -0.23222972452640533
   7951    -0.5979359149932861  -0.15523511171340942  -0.015899555757641792
   7952    0.3120458722114563  -0.10215682536363602  -0.35397568345069885
   7953    0.4947974979877472  1.2071248292922974  0.6012045741081238
   7954    -0.7913640737533569  0.318267822265625  -0.13805575668811798
   7955    0.2833308279514313  -0.1386425495147705  0.8115719556808472
   7956    0.6312041878700256  0.25733327865600586  -0.2319280207157135
   7957    -1.2630118131637573  -0.21469812095165253  -0.0772491991519928
   7958    -1.2871423959732056  -0.26004651188850403  0.6534062623977661
   7959    -0.2785075902938843  0.2536231577396393  0.9601030945777893
   7960    0.6046518683433533  0.0745849683880806  -0.08947406709194183
   7961    -1.1272575855255127  1.3094483613967896  0.6296641826629639
   7962    -1.128909945487976  0.37310320138931274  -0.056120920926332474
   7963    -1.4390869140625  2.058269500732422  -0.36252522468566895
   7964    -1.0349518060684204  0.169231578707695  0.0548546202480793
   7965    -1.0775736570358276  0.18905410170555115  0.14811964333057404
   7966    0.09087135642766953  -0.24807868897914886  0.42548510432243347
   7967    0.3665936291217804  0.6290676593780518  0.8789942264556885
   7968    -1.2613439559936523  2.021472454071045  0.2605915069580078
   7969    -1.5144339799880981  1.1095197200775146  0.5477303862571716
   7970    0.13743960857391357  0.35917797684669495  0.842414915561676
   7971    -1.0080630779266357  -0.26039618253707886  0.10812866687774658
   7972    -1.2903432846069336  1.8049427270889282  0.64878910779953
   7973    0.15280668437480927  0.26346126198768616  1.0344444513320923
   7974    -1.4052293300628662  2.051989793777466  -0.013870078139007092
   7975    0.808393657207489  0.5823438167572021  -0.026861850172281265
   7976    -1.43581223487854  1.7441672086715698  0.8942858576774597
   7977    -0.41205570101737976  0.5066042542457581  -0.706278920173645
   7978    0.35551461577415466  0.39458709955215454  0.6170662641525269
   7979    0.3205154836177826  0.8380569815635681  -0.018561432138085365
   7980    -0.6091073751449585  0.03787965327501297  0.6281917691230774
   7981    -1.54817533493042  0.6508510708808899  -0.019776390865445137
   7982    0.2902248799800873  0.9974339604377747  -0.3855126202106476
   7983    -1.0146770477294922  -0.029238669201731682  0.12183419615030289
   7984    0.025779712945222855  -0.2237401157617569  0.8397634029388428
   7985    0.8072113394737244  0.2995946705341339  0.5249304175376892
   7986    -1.0476629734039307  0.9919528961181641  0.7188376784324646
   7987    -0.27270495891571045  0.5831689238548279  -0.6277211904525757
   7988    -0.39833319187164307  -0.09205949306488037  -0.29129016399383545
   7989    -0.11406087875366211  -0.23473292589187622  0.8889881372451782
   7990    -0.5203844904899597  -0.0823022872209549  0.652786374092102
   7991    -1.8226855993270874  1.4016541242599487  0.40734046697616577
   7992    -0.6694640517234802  1.293684959411621  0.5572729706764221
   7993    -0.38080957531929016  0.411834180355072  -0.655745804309845
   7994    -0.5927069187164307  1.0072987079620361  0.7749527096748352
   7995    -0.6918243765830994  0.9632298350334167  -0.3314495086669922
   7996    -0.12470706552267075  0.994901716709137  0.8094676733016968
   7997    0.06457645446062088  0.9966564774513245  0.8906723260879517
   7998    -0.10843902081251144  1.4318431615829468  0.49607330560684204
   7999    0.5923197269439697  0.28535449504852295  0.6792788505554199
   8000    -1.6224817037582397  0.8930070400238037  -0.02691558003425598
   8001    0.5529121160507202  0.310914546251297  0.7768014669418335
   8002    -0.17448069155216217  0.6282822489738464  -0.7023749351501465
   8003    -1.4607053995132446  1.8895037174224854  -0.07887768745422363
   8004    -0.005815473385155201  0.9688955545425415  -0.40081411600112915
   8005    -1.0108115673065186  1.1463654041290283  -0.25649145245552063
   8006    -0.32816988229751587  0.4467339515686035  -0.7042936086654663
   8007    -1.150809645652771  0.832394540309906  0.8148126602172852
   8008    -0.30326396226882935  1.051007866859436  -0.3277125954627991
   8009    -0.9928402304649353  1.3368817567825317  -0.16211873292922974
   8010    -1.5488911867141724  1.188920259475708  0.5556876063346863
   8011    -0.9291141629219055  0.48149240016937256  0.7284894585609436
   8012    -0.2222103625535965  0.05614464357495308  0.9381208419799805
   8013    0.7293636202812195  -0.013071263208985329  -0.02679905667901039
   8014    -0.3376389145851135  0.19750277698040009  -0.6205529570579529
   8015    -1.5689562559127808  0.5460615158081055  0.17717312276363373
   8016    -0.4587525427341461  0.2511182427406311  -0.5387850403785706
   8017    -0.6223170161247253  1.1947760581970215  -0.25821453332901
   8018    0.27035027742385864  0.4615597724914551  1.0131123065948486
   8019    -0.6063053011894226  0.0675252377986908  0.6799319982528687
   8020    -1.612208366394043  0.6717216968536377  0.4889068603515625
   8021    -1.6943706274032593  1.3249502182006836  0.6602851748466492
   8022    -1.0998682975769043  1.7227990627288818  0.04423787072300911
   8023    -0.4369589686393738  0.604028582572937  -0.6851036548614502
   8024    -0.41417500376701355  0.4397580027580261  -0.7097216844558716
   8025    0.741829514503479  0.46458899974823  0.5143202543258667
   8026    -0.41751712560653687  -0.12548241019248962  0.6507583856582642
   8027    -0.001969085307791829  0.9325209856033325  0.9024398922920227
   8028    -0.3365767002105713  0.769062876701355  0.9817382097244263
   8029    -0.3051774203777313  -0.011195969767868519  0.926738440990448
   8030    0.18796977400779724  0.14672145247459412  0.9665517210960388
   8031    -0.37197086215019226  -0.12578430771827698  0.9590096473693848
   8032    -1.7965104579925537  1.548407793045044  0.47047343850135803
   8033    0.8357298374176025  0.36443862318992615  0.47306084632873535
   8034    0.39914271235466003  -0.07641716301441193  -0.3307952880859375
   8035    -0.8403375148773193  1.4602172374725342  0.24115139245986938
   8036    -1.5268062353134155  1.1379343271255493  0.041870247572660446
   8037    -1.6086446046829224  0.6799618601799011  0.5625377893447876
   8038    -0.04283396527171135  -0.23981669545173645  0.825827419757843
   8039    -0.5399388670921326  0.0037430492229759693  0.6778261661529541
   8040    -1.596361517906189  1.1745491027832031  0.4456726312637329
   8041    -0.7601532340049744  -0.2660815715789795  0.16579069197177887
   8042    0.7083088755607605  0.9861396551132202  0.5038062334060669
   8043    -0.9345384836196899  -0.07584354281425476  0.7114413976669312
   8044    0.8248308300971985  0.439363569021225  0.3245842158794403
   8045    0.7593491673469543  0.8361973762512207  0.43994003534317017
   8046    -0.2475830465555191  1.4927008152008057  0.30687224864959717
   8047    -0.02917831763625145  -0.11330029368400574  0.36746323108673096
   8048    -1.744006872177124  0.8527975678443909  0.27064552903175354
   8049    -0.7983725666999817  -0.2773682773113251  -0.326652467250824
   8050    0.7644622325897217  -0.10390187054872513  0.46258366107940674
   8051    -0.7732331156730652  0.7742358446121216  -0.3700641393661499
   8052    0.47315481305122375  0.03609481453895569  -0.2586590647697449
   8053    0.29296255111694336  0.26337581872940063  0.8993476629257202
   8054    -0.16781675815582275  -0.24996216595172882  0.9320101141929626
   8055    -1.0150904655456543  -0.06525324285030365  0.2070956975221634
   8056    -0.22668986022472382  0.4955235719680786  1.0540235042572021
   8057    -0.08323806524276733  0.2650773525238037  1.081952452659607
   8058    0.37132948637008667  1.0119258165359497  -0.3419158458709717
   8059    -1.4272456169128418  2.02416729927063  -0.6265543699264526
   8060    -0.7648377418518066  2.3260579109191895  -0.09857159852981567
   8061    0.2569144666194916  0.18604333698749542  0.9296888113021851
   8062    -0.012868231162428856  -0.13666307926177979  0.6602157950401306
   8063    -1.780432939529419  1.4027230739593506  0.25528690218925476
   8064    -0.6502078175544739  1.1098192930221558  -0.3600088655948639
   8065    -1.70920991897583  1.5955511331558228  0.7703108191490173
   8066    -1.7239611148834229  1.4299122095108032  0.9094735383987427
   8067    -1.4539238214492798  1.1770859956741333  0.7050363421440125
   8068    0.08257624506950378  1.3908222913742065  -0.1860424429178238
   8069    -1.6908085346221924  1.784598708152771  0.742489755153656
   8070    -0.09591025859117508  0.8754644989967346  1.0005828142166138
   8071    -0.7291392087936401  2.3491523265838623  -0.18360638618469238
   8072    -0.9762555956840515  2.1199722290039062  0.13417433202266693
   8073    0.5631893277168274  0.26475250720977783  -0.3339475393295288
   8074    -1.6724156141281128  0.8492342233657837  0.18955311179161072
   8075    -0.03208392485976219  0.6274847388267517  1.083966612815857
   8076    -1.4482762813568115  1.8517369031906128  -0.10926619917154312
   8077    -1.0264376401901245  1.2259169816970825  -0.2822549343109131
   8078    -0.48665300011634827  1.3485246896743774  0.5846472382545471
   8079    0.3245205879211426  0.5683170557022095  -0.4834238588809967
   8080    0.26894739270210266  0.7322500944137573  -0.3999519646167755
   8081    -0.2636396586894989  -0.0321657732129097  0.9196231961250305
   8082    0.34830087423324585  1.3652013540267944  -0.08824469894170761
   8083    -0.7481180429458618  -0.2354380339384079  -0.3325228691101074
   8084    -0.3554286062717438  -0.0752662792801857  0.8678898811340332
   8085    -1.6378554105758667  1.3453519344329834  0.9154431223869324
   8086    -1.077674388885498  0.9735754132270813  -0.37969258427619934
   8087    -0.8656875491142273  -0.2519450783729553  0.5532436370849609
   8088    1.1148784160614014  0.2851479947566986  0.4535488188266754
   8089    -0.6898849010467529  0.14294497668743134  -0.00219966983422637
   8090    -0.8682677745819092  0.7270954251289368  -0.3290501534938812
   8091    -0.8252411484718323  -0.26792415976524353  -0.2710362672805786
   8092    -1.169010043144226  -0.19684293866157532  0.2297409176826477
   8093    0.037744779139757156  1.5069724321365356  0.38379421830177307
   8094    -1.431204915046692  0.9281377792358398  -0.19202128052711487
   8095    -1.566293478012085  0.5762444138526917  0.0034240391105413437
   8096    -0.2842591106891632  0.9045782685279846  0.8558722138404846
   8097    0.25215810537338257  -0.22634188830852509  0.721359133720398
   8098    -1.057868480682373  0.32894158363342285  -0.11486400663852692
   8099    -0.011604281142354012  0.1776033490896225  0.9855285286903381
   8100    -1.5188205242156982  1.998847484588623  -0.07697367668151855
   8101    -1.5930918455123901  0.6524168252944946  0.05880783870816231
   8102    -1.0629398822784424  1.650489091873169  0.21979166567325592
   8103    -0.04350965470075607  -0.059143420308828354  -0.4593595564365387
   8104    -1.3852269649505615  2.1107304096221924  -0.15888415277004242
   8105    -1.3796583414077759  2.099944591522217  -0.7242518663406372
   8106    -0.7370684742927551  1.1400076150894165  0.6697771549224854
   8107    -0.6141400933265686  2.5114567279815674  -0.15966156125068665
   8108    0.7118398547172546  0.7350944876670837  0.5925875306129456
   8109    -1.3151036500930786  1.6475075483322144  0.7264304757118225
   8110    -0.7992241382598877  2.317599296569824  -0.16343359649181366
   8111    -0.14683756232261658  1.4974918365478516  0.37671589851379395
   8112    -0.22912922501564026  -0.11040541529655457  0.7364444732666016
   8113    -0.5414429903030396  2.4931111335754395  -0.29105859994888306
   8114    -0.289398729801178  1.1388399600982666  -0.3346300423145294
   8115    -1.0267884731292725  2.1776626110076904  0.0004716323164757341
   8116    -0.4389691650867462  1.3752695322036743  0.4573131501674652
   8117    -1.5232913494110107  1.2872052192687988  0.8093631863594055
   8118    -0.9789077043533325  1.0029929876327515  0.7705175280570984
   8119    -1.605547547340393  1.0923759937286377  0.047761958092451096
   8120    -0.4937305748462677  -0.12361341714859009  -0.34734541177749634
   8121    1.03170907497406  0.31850454211235046  0.4516219198703766
   8122    -0.05233617126941681  -0.24539147317409515  0.8943138718605042
   8123    0.4341295659542084  0.7507085204124451  0.6261764168739319
   8124    0.04746369644999504  0.907072126865387  0.9621773362159729
   8125    -0.5984110832214355  1.3491356372833252  0.4597828686237335
   8126    -1.2533589601516724  1.961384654045105  0.6560912728309631
   8127    -0.30382776260375977  0.6479523777961731  1.0519880056381226
   8128    0.18809257447719574  0.8641273975372314  0.961830735206604
   8129    -0.6383596062660217  -0.21448646485805511  -0.41187846660614014
   8130    -0.682076096534729  1.4166476726531982  0.30654433369636536
   8131    -1.7314307689666748  1.8600034713745117  0.2670872211456299
   8132    -0.9126858115196228  2.155698299407959  -0.06599362939596176
   8133    -0.04702986031770706  0.9291754364967346  0.9796661734580994
   8134    -1.480322241783142  2.2627904415130615  -0.4488365054130554
   8135    -0.36151841282844543  1.4095127582550049  -0.0754486471414566
   8136    -0.6715733408927917  -0.279466837644577  0.36316919326782227
   8137    -0.6571754217147827  -0.22273100912570953  0.4910320043563843
   8138    0.14099964499473572  0.18887558579444885  -0.540228009223938
   8139    -1.6517746448516846  1.168036699295044  0.28136149048805237
   8140    -1.5036484003067017  2.121582269668579  -0.29913991689682007
   8141    -0.24615196883678436  1.1097081899642944  -0.384636253118515
   8142    1.113365650177002  0.36105620861053467  0.18453116714954376
   8143    0.1265011429786682  1.4714696407318115  -0.05960774049162865
   8144    -1.4191845655441284  1.6240178346633911  0.22919707000255585
   8145    0.4099227488040924  0.37504157423973083  -0.4977407455444336
   8146    0.29125702381134033  1.2306660413742065  -0.2641250491142273
   8147    -1.649734616279602  0.6506797075271606  0.07084916532039642
   8148    -0.6202221512794495  0.5450388789176941  -0.5157712697982788
   8149    0.13186176121234894  -0.26509323716163635  0.017168475314974785
   8150    0.9050323963165283  0.33517980575561523  0.435852587223053
   8151    -0.5809750556945801  0.7878729701042175  0.706903338432312
   8152    -0.1459980607032776  -0.14128868281841278  0.6354418396949768
   8153    -1.0514007806777954  1.092085599899292  0.7061042785644531
   8154    1.1163607835769653  0.39279335737228394  0.27436405420303345
   8155    0.22054952383041382  -0.24974191188812256  -0.4178423583507538
   8156    -0.6551116704940796  0.6039125919342041  0.7336465716362
   8157    0.06377562880516052  0.4646700620651245  1.0433746576309204
   8158    -1.1944454908370972  1.4928494691848755  0.24713735282421112
   8159    -0.34656423330307007  0.012175027281045914  0.8508772850036621
   8160    -1.2392888069152832  0.7511029243469238  0.8485835194587708
   8161    -0.3955298364162445  0.5203067064285278  0.9804263114929199
   8162    -1.5493297576904297  0.48086509108543396  0.22628344595432281
   8163    -1.4529157876968384  0.37922897934913635  0.10943607240915298
   8164    -0.02905161865055561  -0.24587345123291016  -0.36994534730911255
   8165    -0.8461591005325317  -0.24894621968269348  0.8111676573753357
   8166    -0.8418648838996887  -0.2364746779203415  -0.19803212583065033
   8167    0.24639397859573364  0.13522635400295258  0.9596830606460571
   8168    -0.24075376987457275  1.4287254810333252  0.44975557923316956
   8169    -1.1254768371582031  -0.2788783013820648  0.2896859645843506
   8170    -0.5626526474952698  1.0964508056640625  -0.3779412508010864
   8171    -1.4782787561416626  0.471236914396286  0.05026867240667343
   8172    -0.08865832537412643  0.1599874049425125  -0.5336164236068726
   8173    0.21979250013828278  1.3242994546890259  -0.25277790427207947
   8174    0.7145982980728149  0.8861685395240784  -0.02942846342921257
   8175    -0.21519158780574799  0.1696314662694931  0.989879310131073
   8176    0.03933539241552353  0.7258914113044739  0.7835988998413086
   8177    0.37140294909477234  0.05836211517453194  -0.4380483329296112
   8178    -0.9967378973960876  0.873277485370636  0.8301559090614319
   8179    -1.516113042831421  2.1481239795684814  -0.34034648537635803
   8180    -0.8517909049987793  1.4112545251846313  -0.14527927339076996
   8181    -0.6514500379562378  2.206660509109497  -0.07467145472764969
   8182    -0.6053541302680969  0.2350233644247055  -0.2700575888156891
   8183    0.3140922784805298  0.18434002995491028  -0.5175072550773621
   8184    0.6636768579483032  1.0996108055114746  0.0019948275294154882
   8185    0.4077659547328949  0.44277188181877136  -0.4179399907588959
   8186    -0.2972322404384613  1.4462945461273193  0.005842799786478281
   8187    0.8941210508346558  0.13333627581596375  0.5863009095191956
   8188    -0.2994908094406128  0.29764217138290405  -0.6430797576904297
   8189    -1.7538398504257202  1.8416980504989624  0.4086739718914032
   8190    -1.1417951583862305  0.990006148815155  0.798442542552948
   8191    0.14115193486213684  0.11818049848079681  -0.5481957793235779
   8192    -1.462929129600525  0.5000988841056824  -0.1147046834230423
   8193    -0.8402416110038757  0.8617791533470154  0.7848532795906067
   8194    -1.3482409715652466  2.1462366580963135  -0.8248034119606018
   8195    -1.289077877998352  -0.15032076835632324  0.08721309155225754
   8196    0.8561296463012695  0.39772623777389526  0.1446625292301178
   8197    -0.9294243454933167  0.9914288520812988  -0.34478315711021423
   8198    0.07714469730854034  1.107028603553772  0.7778021097183228
   8199    -0.9961839914321899  1.3949967622756958  0.49296653270721436
   8200    -1.6017307043075562  0.6167245507240295  0.2774043381214142
   8201    -0.31655073165893555  0.17471738159656525  0.8691025972366333
   8202    0.7687262296676636  0.5659040212631226  0.5066050887107849
   8203    -1.0744740962982178  0.9960120916366577  0.7827145457267761
   8204    0.2620258331298828  0.7400187253952026  -0.5339810252189636
   8205    -1.7591243982315063  1.3186702728271484  0.2623721659183502
   8206    -1.0900709629058838  1.7630690336227417  0.1958887279033661
   8207    0.18211929500102997  -0.17129021883010864  0.08973808586597443
   8208    0.6034480333328247  1.2645260095596313  0.27784377336502075
   8209    -0.03984944894909859  0.06439879536628723  1.0135387182235718
   8210    -1.0565165281295776  1.7346115112304688  0.286787748336792
   8211    -1.7681587934494019  1.6576145887374878  0.3329981565475464
   8212    -1.2293483018875122  1.653267741203308  0.6839551329612732
   8213    -1.3611547946929932  2.108978033065796  -0.966022789478302
   8214    -1.5004996061325073  2.1596624851226807  -0.2383505403995514
   8215    -1.683732271194458  1.3030427694320679  0.46001487970352173
   8216    0.5688291192054749  0.5532215237617493  -0.3325173258781433
   8217    0.2814905345439911  -0.2638384699821472  -0.3231707513332367
   8218    -0.23742614686489105  0.6719703078269958  1.0918339490890503
   8219    -0.4796451926231384  0.6803773045539856  -0.674530565738678
   8220    -1.7313686609268188  1.3187986612319946  0.153726264834404
   8221    -1.5167235136032104  0.5717915296554565  -0.08425050973892212
   8222    -1.1219605207443237  -0.14901776611804962  0.6522771120071411
   8223    -1.2881062030792236  1.4455835819244385  0.8028910160064697
   8224    -1.0359578132629395  1.238109827041626  0.6029993891716003
   8225    0.9166713953018188  0.2112947255373001  0.01898224651813507
   8226    0.07009384781122208  0.6770889759063721  1.0724270343780518
   8227    -1.5958278179168701  0.8684478402137756  0.547547459602356
   8228    -1.2863584756851196  0.5642215013504028  0.6805747747421265
   8229    -0.5334109663963318  0.09126070141792297  -0.2641652524471283
   8230    -1.670093297958374  0.6080431938171387  0.170493021607399
   8231    -1.79555344581604  1.5848336219787598  0.39973002672195435
   8232    -1.1986231803894043  1.799301266670227  0.5880624055862427
   8233    -1.4056965112686157  0.4030076861381531  0.4029181897640228
   8234    0.6757818460464478  1.0171154737472534  -0.16923370957374573
   8235    -1.2122470140457153  0.7032762765884399  -0.29399311542510986
   8236    0.4881299138069153  1.1068141460418701  -0.1728084236383438
   8237    0.018507659435272217  -0.02376185916364193  0.8142211437225342
   8238    0.44804322719573975  0.6348140835762024  0.9085833430290222
   8239    0.21073302626609802  1.2107373476028442  -0.17005540430545807
   8240    -1.5382986068725586  1.4929271936416626  -0.06165036931633949
   8241    0.3596371114253998  0.5214313864707947  0.946159303188324
   8242    -1.419905424118042  2.0954513549804688  -0.42502596974372864
   8243    -0.7510716319084167  0.06225442513823509  0.7163341641426086
   8244    -0.8508673310279846  0.11403066664934158  -0.16181546449661255
   8245    -0.9906385540962219  1.5996651649475098  0.30263906717300415
   8246    0.4373829960823059  -0.21366693079471588  0.4227410554885864
   8247    -1.1252222061157227  -0.215897336602211  0.8439511060714722
   8248    -0.10960237681865692  -0.1643776148557663  0.6885298490524292
   8249    -1.639495849609375  0.602348804473877  0.3589124381542206
   8250    0.6042706370353699  0.646542489528656  -0.29772913455963135
   8251    0.570404589176178  0.8095744848251343  -0.30540135502815247
   8252    -1.685828685760498  1.2669926881790161  0.37254777550697327
   8253    -0.15009205043315887  1.0203266143798828  -0.41997262835502625
   8254    -1.765811562538147  1.7043360471725464  0.31997960805892944
   8255    -0.5842225551605225  0.8307435512542725  -0.44269657135009766
   8256    -0.8230090141296387  1.265743613243103  -0.2493147850036621
   8257    -0.8030384182929993  1.2762712240219116  0.5754454731941223
   8258    0.3542390465736389  0.7819339632987976  -0.42668241262435913
   8259    -0.4978163540363312  1.3980430364608765  0.1683395802974701
   8260    -1.5881717205047607  1.790273904800415  0.052816156297922134
   8261    -0.6436555981636047  1.3529517650604248  0.5211471319198608
   8262    0.30633100867271423  0.9058212041854858  0.869874119758606
   8263    0.12504751980304718  1.0667321681976318  -0.37700265645980835
   8264    0.24384677410125732  1.1675939559936523  0.729175865650177
   8265    -1.1958041191101074  1.3914074897766113  0.6922562718391418
   8266    -1.4334636926651  0.38662803173065186  0.018830055370926857
   8267    -0.8156312108039856  1.438185453414917  -0.02344312146306038
   8268    -1.1722427606582642  0.3044758141040802  -0.04565439373254776
   8269    -0.18744124472141266  -0.2646265923976898  -0.44048425555229187
   8270    -1.3106871843338013  2.1692473888397217  -0.5185668468475342
   8271    -0.5454747080802917  0.21609602868556976  -0.4310881793498993
   8272    -1.1914970874786377  -0.12649326026439667  0.16985516250133514
   8273    0.853052020072937  -0.05246364697813988  0.4085262417793274
   8274    -0.6051071882247925  2.195251226425171  -0.07290550321340561
   8275    0.43400418758392334  0.08507314324378967  0.8207916617393494
   8276    0.8375291228294373  0.42309147119522095  0.4201428294181824
   8277    -0.5202834010124207  0.08815427869558334  -0.43705281615257263
   8278    -1.0765864849090576  0.3509458303451538  0.6324077844619751
   8279    0.7222470045089722  0.9203908443450928  0.2764807939529419
   8280    -0.5068207383155823  0.5846164226531982  -0.6740480661392212
   8281    0.37999922037124634  0.2710963785648346  -0.507652759552002
   8282    -0.7182645797729492  0.563116729259491  -0.2885543406009674
   8283    0.06127452850341797  0.6656048893928528  -0.5572358965873718
   8284    -1.2468277215957642  0.270620197057724  0.148063063621521
   8285    -1.394050121307373  0.9304171204566956  0.7708747386932373
   8286    0.09908303618431091  -0.2070210874080658  0.09664861112833023
   8287    -1.5050127506256104  0.4579029977321625  0.3925967216491699
   8288    -0.33508026599884033  0.8469117283821106  -0.5641574859619141
   8289    0.1601032316684723  0.04013780131936073  -0.4894464612007141
   8290    -1.5017223358154297  1.3451660871505737  0.9976813197135925
   8291    -1.4865018129348755  0.4276808500289917  0.2503332197666168
   8292    -1.4212552309036255  2.154358386993408  -0.21497586369514465
   8293    -1.653577208518982  1.767808198928833  0.5318895578384399
   8294    -1.024323582649231  1.646898627281189  0.13386444747447968
   8295    -1.5452438592910767  1.2695690393447876  0.7072386741638184
   8296    -0.9371871948242188  -0.10042178630828857  0.28166207671165466
   8297    -1.0293095111846924  0.936317503452301  0.8114960789680481
   8298    -0.45658114552497864  1.3943461179733276  0.30324500799179077
   8299    -0.8570655584335327  2.0372915267944336  0.017955265939235687
   8300    -1.5157510042190552  1.9692326784133911  0.6647996306419373
   8301    -1.650837779045105  1.117453694343567  0.3526175022125244
   8302    -0.8532633185386658  0.49844789505004883  0.7690974473953247
   8303    0.4911668598651886  -0.022249286994338036  0.5982045531272888
   8304    -1.1075190305709839  2.023648977279663  0.2702617347240448
   8305    -0.6465577483177185  -0.07540291547775269  -0.26112863421440125
   8306    -0.8677801489830017  -0.29371127486228943  -0.44719263911247253
   8307    -1.3839417695999146  0.9063614010810852  -0.2626039683818817
   8308    -0.25964808464050293  -0.021485310047864914  -0.511493444442749
   8309    -1.3802580833435059  2.371006727218628  -0.7951292991638184
   8310    1.078328251838684  0.06803927570581436  0.20358774065971375
   8311    -0.8398165106773376  2.2444839477539062  -0.005235044751316309
   8312    -1.4870946407318115  1.0560256242752075  -0.11752380430698395
   8313    0.5739396214485168  0.9450514316558838  -0.2637350261211395
   8314    0.5278717875480652  1.3089762926101685  0.48452281951904297
   8315    -0.233766108751297  1.2023279666900635  -0.3175187110900879
   8316    -1.332608938217163  -0.26323646306991577  0.18884877860546112
   8317    -1.4001836776733398  0.8344337940216064  0.7596625089645386
   8318    -0.2890959084033966  0.12557479739189148  -0.5873640775680542
   8319    -0.4935268461704254  1.3558131456375122  -0.03635630011558533
   8320    -0.139071986079216  0.05161524564027786  -0.5729450583457947
   8321    0.6418582797050476  0.8613795638084412  0.6994518637657166
   8322    0.17712971568107605  -0.1511814445257187  0.5538304448127747
   8323    -1.4979007244110107  0.5922067761421204  0.6025803685188293
   8324    -0.06744138151407242  1.3262807130813599  -0.20183977484703064
   8325    -0.6642783284187317  -0.2739258110523224  -0.5551193356513977
   8326    -0.7412962317466736  0.5748899579048157  0.7754111289978027
   8327    -0.976081371307373  0.16639985144138336  0.5442367196083069
   8328    0.3636167645454407  1.2592004537582397  0.688306450843811
   8329    -1.6024452447891235  1.2576344013214111  0.1400974839925766
   8330    -0.62319415807724  2.297523021697998  -0.19043968617916107
   8331    0.7720829248428345  0.017201771959662437  -0.08021916449069977
   8332    0.4153486490249634  0.3130764663219452  -0.45945584774017334
   8333    -0.9111803770065308  1.9968390464782715  -0.02770007587969303
   8334    0.3484082520008087  -0.21923665702342987  0.4906381368637085
   8335    -0.7616585493087769  2.214442729949951  -0.1870361864566803
   8336    -0.7965531945228577  0.5696877241134644  0.8057868480682373
   8337    -0.9125380516052246  1.991998553276062  0.05602981522679329
   8338    0.45775920152664185  -0.08057452738285065  0.6999421715736389
   8339    1.0772048234939575  0.023332446813583374  0.25785475969314575
   8340    0.40766996145248413  0.295816034078598  0.010184594430029392
   8341    -1.6321163177490234  1.7274147272109985  0.042477041482925415
   8342    -0.5433616042137146  2.27030611038208  -0.21474608778953552
   8343    0.08026400208473206  -0.03626258671283722  -0.3926987051963806
   8344    -0.4095481336116791  1.4431605339050293  0.37360894680023193
   8345    0.9436191320419312  0.3443390727043152  0.16429491341114044
   8346    -1.4512879848480225  2.167106866836548  -0.42047595977783203
   8347    -0.6845284104347229  2.2502100467681885  -0.13824264705181122
   8348    -0.6208630800247192  0.27941352128982544  -0.09659896790981293
   8349    0.8449817299842834  -0.019136713817715645  -0.04846320301294327
   8350    -0.623106837272644  2.1774611473083496  -0.17477110028266907
   8351    0.35701918601989746  0.6531556844711304  -0.48671960830688477
   8352    -0.8630644679069519  -0.24214483797550201  0.0843753069639206
   8353    0.0734425038099289  -0.020184434950351715  -0.4813222587108612
   8354    -1.4483065605163574  2.2017149925231934  -0.5443117618560791
   8355    -0.4400067627429962  1.1612069606781006  -0.33600640296936035
   8356    -0.9783309102058411  2.127305030822754  -0.03450198844075203
   8357    -0.6895557045936584  2.120943784713745  -0.10268566757440567
   8358    -1.6872069835662842  1.763650894165039  0.6355361342430115
   8359    -1.0120810270309448  1.5793054103851318  0.041140563786029816
   8360    -1.523397445678711  1.4959981441497803  0.9784844517707825
   8361    0.8614742755889893  -0.09418955445289612  0.2725486159324646
   8362    -0.4810474216938019  0.7088596820831299  0.908837616443634
   8363    0.08208344131708145  -0.03024478070437908  0.9522029161453247
   8364    -1.1678063869476318  0.44652259349823  -0.24857747554779053
   8365    0.1229010596871376  -0.27395114302635193  0.10144704580307007
   8366    -0.3693794012069702  -0.2709411382675171  -0.41832542419433594
   8367    0.8330838680267334  0.33910489082336426  0.07962171733379364
   8368    -0.13874636590480804  1.3263777494430542  0.6890947818756104
   8369    -1.221749186515808  1.0350100994110107  -0.2871287167072296
   8370    -0.5210877060890198  0.6528553366661072  0.8760935664176941
   8371    0.5129313468933105  -0.2485138177871704  0.31665706634521484
   8372    0.2739425599575043  -0.20512662827968597  -0.025927050039172173
   8373    0.6741716861724854  0.6011830568313599  0.6932351589202881
   8374    0.38576504588127136  0.10857250541448593  0.8976227641105652
   8375    -1.6573864221572876  0.9371346235275269  0.4121491014957428
   8376    0.17707964777946472  0.5684748888015747  1.0409390926361084
   8377    -0.12322451174259186  0.7045859694480896  -0.6605629324913025
   8378    -0.026209725067019463  -0.14852915704250336  0.8463748693466187
   8379    -0.5263762474060059  0.7466351389884949  0.8633427023887634
   8380    -1.3858798742294312  1.3553410768508911  0.8984664082527161
   8381    0.852172315120697  0.09471692144870758  -0.06302860379219055
   8382    0.3290393650531769  -0.0056039984337985516  -0.43175846338272095
   8383    -1.3982675075531006  0.4975113868713379  -0.15495747327804565
   8384    -1.3745290040969849  1.2960741519927979  -0.08362260460853577
   8385    -0.4654909372329712  0.6606756448745728  0.9750755429267883
   8386    -1.0424489974975586  -0.18989242613315582  -0.13493575155735016
   8387    -1.3073375225067139  2.0047669410705566  -0.24001970887184143
   8388    -1.1739294528961182  2.048393726348877  0.23487132787704468
   8389    -1.0525305271148682  0.47264090180397034  0.7049915194511414
   8390    0.7408902049064636  0.6357538104057312  0.5790131092071533
   8391    -1.543104887008667  0.8399567604064941  -0.17136700451374054
   8392    -1.4726169109344482  2.1936333179473877  -0.2993413507938385
   8393    0.5053252577781677  -0.007911953143775463  0.6926472783088684
   8394    -0.4973923861980438  1.4154640436172485  0.3767085671424866
   8395    -0.5703653693199158  -0.005722455680370331  -0.209598109126091
   8396    -1.645239233970642  1.0425629615783691  0.11191507428884506
   8397    0.9452514052391052  -0.030284959822893143  0.10497497022151947
   8398    -0.6874763369560242  -0.003774935845285654  -0.12617701292037964
   8399    -0.400126188993454  0.9269664287567139  0.8447185754776001
   8400    -0.1382751166820526  0.03980347141623497  0.9315330386161804
   8401    0.614269495010376  0.7399910688400269  0.7991870045661926
   8402    0.598319411277771  0.351258784532547  -0.18052050471305847
   8403    0.6478100419044495  0.5834951996803284  -0.25362429022789
   8404    -1.2948803901672363  -0.26919040083885193  0.61171954870224
   8405    -0.5854614973068237  1.4155081510543823  0.14434407651424408
   8406    -1.336430311203003  1.7818834781646729  -0.04766765236854553
   8407    0.03245891258120537  -0.26289981603622437  -0.4248411953449249
   8408    -1.1187719106674194  0.8553676009178162  -0.35619068145751953
   8409    -1.3830540180206299  1.4136477708816528  0.9709519743919373
   8410    0.21879707276821136  -0.20783011615276337  0.5661531090736389
   8411    -0.26307955384254456  -0.07945749163627625  -0.508869469165802
   8412    0.5765365362167358  -0.21249930560588837  0.3665356934070587
   8413    0.3218483328819275  1.2355953454971313  0.19380377233028412
   8414    -1.1427503824234009  1.4928511381149292  0.7332521080970764
   8415    -1.0781936645507812  1.9833476543426514  0.287055641412735
   8416    0.4325144588947296  1.2324604988098145  -0.1511847823858261
   8417    -1.3967665433883667  2.4724254608154297  -0.9588375687599182
   8418    -0.2609409689903259  0.9252435564994812  -0.40483567118644714
   8419    0.1508532166481018  -0.11371539533138275  0.7682210803031921
   8420    -1.0703877210617065  0.6483946442604065  0.8482276797294617
   8421    0.09268645942211151  1.5416122674942017  0.42996513843536377
   8422    0.7968261241912842  0.3667060434818268  0.5288122892379761
   8423    -1.329675316810608  2.3624937534332275  -0.9300675392150879
   8424    -1.642879605293274  1.792972207069397  0.22847509384155273
   8425    -1.3982300758361816  1.1426620483398438  0.6810311675071716
   8426    -1.672450065612793  1.5424253940582275  0.0017275832360610366
   8427    0.1600765436887741  1.3370112180709839  0.6491305828094482
   8428    -0.9678043127059937  2.2312958240509033  -0.032682307064533234
   8429    1.062253713607788  0.14754176139831543  0.10590977966785431
   8430    -0.24131201207637787  1.444769024848938  -0.07486099749803543
   8431    0.28183069825172424  1.3173631429672241  0.6758925318717957
   8432    -1.5963084697723389  0.6668410301208496  -0.0688289999961853
   8433    0.6645368337631226  0.3004296123981476  0.7120848894119263
   8434    0.15992793440818787  1.017034888267517  0.6665249466896057
   8435    -1.5175212621688843  1.2277958393096924  -0.00020938315719831735
   8436    0.41421279311180115  1.0106940269470215  0.7656326293945312
   8437    -1.034039855003357  -0.0005654031992889941  -0.0764462873339653
   8438    -0.29667022824287415  -0.14428016543388367  -0.15284661948680878
   8439    0.41060447692871094  -0.14312303066253662  0.7657144665718079
   8440    -1.4410955905914307  1.2825677394866943  0.9364365339279175
   8441    -1.4594064950942993  1.6328080892562866  0.8796519637107849
   8442    0.6289695501327515  1.156427264213562  0.4765234589576721
   8443    -0.6415786147117615  2.282245635986328  -0.14231328666210175
   8444    -1.0207380056381226  0.10529424995183945  0.1335403472185135
   8445    -1.3511161804199219  1.0277626514434814  -0.2398277223110199
   8446    0.030440669506788254  1.219054102897644  -0.3406735956668854
   8447    -1.3234844207763672  2.262336254119873  -0.9894554018974304
   8448    -1.4706610441207886  1.9947304725646973  -0.1823767125606537
   8449    -1.4454259872436523  0.8226475715637207  -0.23811350762844086
   8450    0.11909765750169754  -0.2333914339542389  0.15777286887168884
   8451    0.928747296333313  0.2602340877056122  0.48425158858299255
   8452    -1.1865489482879639  -0.15082082152366638  0.011248443275690079
   8453    -0.6931384801864624  1.0200278759002686  -0.37739408016204834
   8454    -1.2551594972610474  1.7282419204711914  0.6623255610466003
   8455    0.4893829822540283  1.0267133712768555  -0.2694321274757385
   8456    -1.278950810432434  -0.2577362358570099  0.7518099546432495
   8457    0.5643379092216492  0.0343245193362236  0.6918773651123047
   8458    -0.2952900230884552  0.8825085163116455  -0.48877042531967163
   8459    -0.9729183912277222  0.5495649576187134  0.8042018413543701
   8460    0.9426470994949341  0.3950420022010803  0.14234262704849243
   8461    -1.1602224111557007  -0.22648976743221283  0.4153415262699127
   8462    -0.6368884444236755  -0.22790375351905823  0.9245368838310242
   8463    -1.1137816905975342  0.2199835181236267  0.05291150137782097
   8464    -1.6907055377960205  0.8159124255180359  0.43356671929359436
   8465    -0.8773714900016785  1.501587986946106  0.3214619755744934
   8466    -0.6983119249343872  -0.25788360834121704  0.2201632261276245
   8467    -0.7633427381515503  0.7542626261711121  0.7186827659606934
   8468    -1.0217654705047607  -0.1105375736951828  0.563764750957489
   8469    0.32037317752838135  0.2720963954925537  -0.37520894408226013
   8470    -1.2026630640029907  1.0461915731430054  -0.003966642078012228
   8471    0.725543200969696  -0.1687004715204239  0.30384746193885803
   8472    -0.8887841105461121  2.1701135635375977  0.037151943892240524
   8473    0.3087966740131378  0.537860095500946  0.9984983801841736
   8474    -0.302427738904953  -0.14212965965270996  0.7507976293563843
   8475    -0.6652048826217651  0.4023607671260834  -0.2697768807411194
   8476    0.8748776316642761  -0.07694979757070541  0.4687553942203522
   8477    0.3515244722366333  0.10813901573419571  -0.4887998402118683
   8478    -0.8281528353691101  2.17417049407959  -0.012592628598213196
   8479    0.19368472695350647  -0.17270521819591522  0.6128534078598022
   8480    0.2564905881881714  -0.05818585306406021  -0.41220515966415405
   8481    -1.2858141660690308  1.7881916761398315  -0.08921253681182861
   8482    0.05606861412525177  0.3802605867385864  1.0498321056365967
   8483    -0.6293831467628479  0.7860059142112732  0.7868156433105469
   8484    -0.8936656713485718  0.9036170244216919  -0.15567541122436523
   8485    -0.2656732201576233  0.22483058273792267  -0.6433423757553101
   8486    -1.0000202655792236  0.4075058102607727  -0.2188161164522171
   8487    0.8831644058227539  0.4346024990081787  0.20299072563648224
   8488    -0.039741676300764084  0.3908628523349762  1.0401027202606201
   8489    -1.4028024673461914  0.7712392807006836  0.7836397886276245
   8490    0.11353131383657455  0.9304763674736023  0.8989435434341431
   8491    -1.2310328483581543  -0.19405363500118256  0.7280373573303223
   8492    -0.9812423586845398  0.6052013039588928  0.8329285383224487
   8493    -1.6588917970657349  1.3090221881866455  0.5845104455947876
   8494    0.09248252958059311  -0.15674681961536407  0.8297010064125061
   8495    -0.9817109107971191  0.11111796647310257  0.576980710029602
   8496    -1.4591678380966187  1.8070682287216187  0.11799629777669907
   8497    -0.2723715901374817  -0.2712646722793579  -0.40802139043807983
   8498    -0.6702368855476379  0.7985925674438477  -0.41717204451560974
   8499    -1.3187272548675537  2.0843334197998047  -0.285745233297348
   8500    -1.1818397045135498  -0.25841856002807617  0.8467221856117249
   8501    0.8564884662628174  0.5084365010261536  0.33457398414611816
   8502    0.2768162190914154  0.027750782668590546  0.8371482491493225
   8503    -1.2412575483322144  2.0464372634887695  0.33754345774650574
   8504    0.04679335281252861  1.0372169017791748  -0.3910432457923889
   8505    -1.1039609909057617  1.8311371803283691  0.011505546979606152
   8506    -0.9046552777290344  0.6752147674560547  -0.3600887656211853
   8507    -1.012961506843567  1.293761134147644  -0.23267565667629242
   8508    0.025936143472790718  -0.11866312474012375  -0.40471938252449036
   8509    -0.5555567145347595  -0.22106562554836273  0.8630613684654236
   8510    -1.4467570781707764  1.2946573495864868  0.850334882736206
   8511    -0.37996068596839905  0.3908568322658539  -0.7116463780403137
   8512    -0.2674829661846161  0.8746857047080994  0.9676082730293274
   8513    -0.30088746547698975  0.5845203995704651  1.0714973211288452
   8514    -1.4260594844818115  2.0637319087982178  -0.24679900705814362
   8515    -1.072780966758728  0.7285119295120239  0.8643884062767029
   8516    0.005660052876919508  0.9765084385871887  0.858121931552887
   8517    -1.5182883739471436  1.801796793937683  0.8674769997596741
   8518    -0.0055282083339989185  -0.13630852103233337  0.5642036199569702
   8519    -0.8766248822212219  1.1153194904327393  0.661725640296936
   8520    -0.3305594325065613  -0.13979925215244293  -0.254151314496994
   8521    0.3041798174381256  0.7676129341125488  0.9617273807525635
   8522    -1.5721538066864014  1.331015706062317  0.9211543798446655
   8523    0.22811856865882874  0.007831962779164314  -0.49416571855545044
   8524    0.30313044786453247  -0.009854205884039402  -0.2334630787372589
   8525    0.08407440781593323  -0.18720637261867523  -0.301167368888855
   8526    -0.9644404649734497  0.6862821578979492  0.8549003005027771
   8527    0.633445143699646  0.48788267374038696  -0.2198074609041214
   8528    0.6748605370521545  0.9214257597923279  -0.1506347507238388
   8529    -0.28275591135025024  1.395240306854248  0.5789495706558228
   8530    0.1270696222782135  -0.11855988204479218  0.6542084813117981
   8531    -0.02138662151992321  0.5053632259368896  1.0920161008834839
   8532    -0.8106123208999634  2.1407711505889893  0.02862521819770336
   8533    0.8305358290672302  0.6556141376495361  0.1473582535982132
   8534    -0.702307939529419  2.448214292526245  -0.16034391522407532
   8535    0.8789021372795105  0.3896055519580841  0.4311269521713257
   8536    -0.9892538189888  1.0503015518188477  -0.33738553524017334
   8537    0.21349966526031494  -0.18286477029323578  0.30465400218963623
   8538    -1.6247602701187134  0.6002865433692932  0.42238640785217285
   8539    -1.2970942258834839  2.2748477458953857  -0.8804868459701538
   8540    -1.589267373085022  1.9810619354248047  0.5625059008598328
   8541    -0.9068156480789185  -0.08748329430818558  0.43841806054115295
   8542    -1.437430739402771  1.9084309339523315  -0.15203513205051422
   8543    -1.5549288988113403  1.69073486328125  0.95454341173172
   8544    -1.2718361616134644  1.910049319267273  -0.01516667753458023
   8545    -0.9426887631416321  0.11345022916793823  0.635136067867279
   8546    -0.5424115657806396  0.886513352394104  -0.43669435381889343
   8547    -0.49498310685157776  0.8404293656349182  -0.4938032329082489
   8548    -0.8357955813407898  1.4640734195709229  0.3699059784412384
   8549    -1.3166053295135498  0.48464587330818176  -0.1724313348531723
   8550    0.11057686060667038  -0.1785307675600052  -0.4287720322608948
   8551    -0.8259739875793457  0.6734020113945007  -0.35422995686531067
   8552    -0.06115473061800003  0.4431104063987732  1.0970860719680786
   8553    -0.5464000701904297  -0.1632293164730072  0.4315849244594574
   8554    -1.5572319030761719  0.7374631762504578  0.6213542222976685
   8555    -1.4355146884918213  1.8098938465118408  0.8481701016426086
   8556    -1.6433558464050293  1.2071149349212646  0.12120577692985535
   8557    -0.4009662866592407  0.0353507474064827  0.8496613502502441
   8558    0.7463847398757935  0.7658053040504456  -0.09147931635379791
   8559    0.408890038728714  -0.19426970183849335  0.5764195322990417
   8560    -0.7359980940818787  2.09110426902771  -0.04257833957672119
   8561    0.03168497979640961  -0.14356979727745056  0.48205462098121643
   8562    0.12671902775764465  -0.18580520153045654  -0.24377234280109406
   8563    0.32072168588638306  -0.24065689742565155  0.73542320728302
   8564    -0.14494071900844574  0.8337090611457825  1.0507627725601196
   8565    -0.5113810300827026  -0.007767759263515472  -0.43091505765914917
   8566    -1.3541754484176636  1.8043079376220703  -0.10157404839992523
   8567    -0.7538319826126099  -0.2052643895149231  -0.48770615458488464
   8568    -1.075758934020996  0.5524526238441467  -0.3184950351715088
   8569    -1.2846015691757202  1.4136652946472168  0.11069784313440323
   8570    -0.5972341895103455  0.6717695593833923  -0.5508671998977661
   8571    0.28141775727272034  0.7089051604270935  0.9793558120727539
   8572    -1.6481879949569702  1.4531574249267578  0.9345911741256714
   8573    -1.6502293348312378  1.4756007194519043  0.718180775642395
   8574    -1.4135922193527222  0.649720311164856  0.7053550481796265
   8575    -1.2948077917099  2.3938517570495605  -1.0664814710617065
   8576    -0.2108980268239975  0.8641182780265808  -0.5694625377655029
   8577    -1.3507413864135742  1.9834457635879517  0.12649215757846832
   8578    0.10017043352127075  1.313218593597412  -0.28429821133613586
   8579    -1.4786537885665894  2.1262521743774414  -0.1915569007396698
   8580    -0.0180684681981802  0.02511228248476982  1.0197944641113281
   8581    -0.9809919595718384  -0.0646248459815979  -0.09540770947933197
   8582    1.106335997581482  0.1785401701927185  0.25024548172950745
   8583    -1.244121789932251  0.5074357986450195  0.03806715086102486
   8584    -0.7240239977836609  1.3116921186447144  0.5870395302772522
   8585    -1.482775330543518  2.0193333625793457  -0.3296462595462799
   8586    -1.6954913139343262  1.8304277658462524  0.21431079506874084
   8587    0.2677316963672638  0.2972415089607239  -0.5441412925720215
   8588    -1.0828841924667358  -0.20782436430454254  0.3498138189315796
   8589    -0.5380358695983887  0.8600640892982483  -0.47855982184410095
   8590    -0.15665200352668762  0.3475833833217621  1.0430269241333008
   8591    -0.7848706841468811  1.0308282375335693  0.6862301230430603
   8592    -1.0671356916427612  2.007758617401123  0.21950297057628632
   8593    0.7330970764160156  0.5850315093994141  -0.16123612225055695
   8594    -0.8647423982620239  1.0814396142959595  -0.31757187843322754
   8595    -0.18188884854316711  0.2154470533132553  1.0608307123184204
   8596    -1.2922585010528564  1.5381872653961182  0.773282527923584
   8597    -1.6580415964126587  0.8110209703445435  0.07445648312568665
   8598    1.0847983360290527  0.35683950781822205  0.3870390057563782
   8599    -0.876757025718689  0.8010422587394714  0.6861537098884583
   8600    0.26418671011924744  0.599016547203064  0.9150647521018982
   8601    0.11683003604412079  -0.16034476459026337  0.49139416217803955
   8602    -0.24877426028251648  -0.1033795103430748  0.9037901163101196
   8603    -1.0313669443130493  1.5001112222671509  0.18854834139347076
   8604    -0.7053617238998413  -0.21185295283794403  0.27623075246810913
   8605    -1.205519676208496  0.9584556818008423  0.7983217835426331
   8606    -1.3467168807983398  -0.2771672010421753  -0.044649649411439896
   8607    -0.300508588552475  1.1176378726959229  -0.384075790643692
   8608    -1.1399644613265991  1.697290062904358  0.6036632061004639
   8609    -0.44813790917396545  0.996951699256897  0.8166567087173462
   8610    -0.6629953384399414  0.06246058642864227  -0.13850653171539307
   8611    -1.0283148288726807  0.24852754175662994  -0.09434528648853302
   8612    -1.5901881456375122  1.1457995176315308  0.5171087980270386
   8613    -0.7805943489074707  1.3708540201187134  0.4661674499511719
   8614    0.14975345134735107  -0.23680749535560608  -0.41194355487823486
   8615    -0.06971491128206253  1.3849461078643799  0.6324847340583801
   8616    0.7195676565170288  0.6567288041114807  0.6547349095344543
   8617    -0.8611842393875122  1.462803840637207  -0.08462558686733246
   8618    -0.7474423050880432  2.273905038833618  -0.08101527392864227
   8619    -1.6411805152893066  1.5072249174118042  0.9831928014755249
   8620    0.20047280192375183  0.03630493953824043  0.940783679485321
   8621    -0.5538999438285828  -0.01639614999294281  -0.3980540931224823
   8622    -1.7355444431304932  1.7573444843292236  0.3889137804508209
   8623    0.43163222074508667  1.3892897367477417  0.0836375281214714
   8624    -0.5541120171546936  -0.16103896498680115  -0.15557047724723816
   8625    0.04000074043869972  0.8729200959205627  1.0367714166641235
   8626    0.2616664469242096  0.9611528515815735  0.8964559435844421
   8627    -0.9431371092796326  -0.0027925691101700068  0.4492274224758148
   8628    -0.4955451786518097  0.7838504910469055  -0.40112408995628357
   8629    -1.2787857055664062  0.8591708540916443  -0.3150957524776459
   8630    -0.031215231865644455  0.8008993268013  -0.5986269116401672
   8631    -1.503978967666626  0.7744448184967041  -0.1050020232796669
   8632    -0.9505952596664429  1.1621557474136353  0.7286660671234131
   8633    -0.9234620332717896  0.2865462005138397  0.13934917747974396
   8634    -0.5403127074241638  -0.24399882555007935  1.0248311758041382
   8635    -0.94449782371521  0.22383613884449005  0.6291733384132385
   8636    -0.5861191749572754  1.2672302722930908  0.06939647346735
   8637    -0.5771542191505432  -0.2566443681716919  -0.4583020508289337
   8638    -0.6529499888420105  1.2181568145751953  0.631452739238739
   8639    0.6457900404930115  0.14253082871437073  -0.13665832579135895
   8640    -0.16938315331935883  1.4679960012435913  0.016691703349351883
   8641    0.4730776846408844  1.2881299257278442  -0.11175968497991562
   8642    -0.7210202813148499  0.8347247838973999  0.7775259017944336
   8643    0.21858835220336914  -0.07055144011974335  0.815094530582428
   8644    0.9039717316627502  0.12406130135059357  -0.07565896213054657
   8645    -0.34433239698410034  -0.027599014341831207  0.9102370142936707
   8646    -1.622496247291565  1.9823766946792603  0.3895164430141449
   8647    0.03778162971138954  0.42732253670692444  -0.5765835046768188
   8648    -1.1098476648330688  0.3053153157234192  -0.10743556171655655
   8649    -0.1770375669002533  0.5116279125213623  0.8877909779548645
   8650    0.16641655564308167  -0.07085887342691422  0.8627366423606873
   8651    -1.4246987104415894  0.43814918398857117  -0.102057546377182
   8652    -1.604274034500122  1.4110649824142456  0.9369142055511475
   8653    0.21618999540805817  0.8094754815101624  -0.20765027403831482
   8654    -1.3548542261123657  1.3555617332458496  -0.1109677404165268
   8655    -1.0306087732315063  1.3950871229171753  0.6112788319587708
   8656    -0.6956543326377869  1.4675720930099487  0.24148990213871002
   8657    -1.4277691841125488  2.3492519855499268  -0.6710452437400818
   8658    -0.7317674160003662  0.612176239490509  -0.3389376401901245
   8659    -0.6268020868301392  -0.24253201484680176  0.8513351082801819
   8660    0.4117846190929413  1.4009379148483276  -0.0048766108229756355
   8661    -0.11988933384418488  0.22267025709152222  1.058927297592163
   8662    -0.030403949320316315  0.39586952328681946  1.0905245542526245
   8663    0.13130448758602142  1.028545618057251  0.817370593547821
   8664    -0.727181077003479  -0.24543388187885284  0.2918630540370941
   8665    -0.40246468782424927  0.675250232219696  -0.7003582119941711
   8666    -0.26515501737594604  0.15850208699703217  -0.6371875405311584
   8667    -0.5728703737258911  0.10435893386602402  -0.1620892435312271
   8668    -0.6570863127708435  -0.10717882215976715  0.1141246035695076
   8669    -0.8524905443191528  0.7981560826301575  0.794078528881073
   8670    -0.8689673542976379  1.4679112434387207  0.06994941830635071
   8671    -1.1928048133850098  1.9291331768035889  0.04240588843822479
   8672    0.7474092245101929  0.8446375727653503  0.5333620309829712
   8673    -1.2868802547454834  1.1782702207565308  -0.1276891976594925
   8674    -1.143606424331665  1.793135404586792  0.5561171770095825
   8675    -0.11074995249509811  -0.23653458058834076  -0.3886198401451111
   8676    -1.5542120933532715  1.0437601804733276  0.5869117379188538
   8677    -0.6308526992797852  0.021164732053875923  -0.16852636635303497
   8678    -0.6435799598693848  -0.06328003108501434  -0.36261633038520813
   8679    -1.2014416456222534  -0.16489064693450928  0.8002731800079346
   8680    -0.27732178568840027  1.2498518228530884  -0.28668469190597534
   8681    0.18113254010677338  1.2259552478790283  0.7214536070823669
   8682    -0.8171800971031189  0.8180410265922546  -0.399258553981781
   8683    -1.6624963283538818  0.9176049828529358  0.01731903664767742
   8684    -1.5818406343460083  0.7658336758613586  0.1637650579214096
   8685    -1.335298776626587  1.0736689567565918  0.6966782808303833
   8686    -0.7322636246681213  -0.17110328376293182  -0.29246488213539124
   8687    -1.6209505796432495  0.9505115747451782  -0.06117846071720123
   8688    0.5673991441726685  0.11119308322668076  0.7196586728096008
   8689    0.3444370627403259  0.7067070007324219  0.9321401119232178
   8690    -0.7256398797035217  1.37904691696167  -0.1417239010334015
   8691    -0.24841929972171783  1.3755093812942505  -0.1679781824350357
   8692    -0.9819076061248779  -0.2370823621749878  -0.0714581087231636
   8693    -1.4591275453567505  1.6641265153884888  -0.04850335419178009
   8694    -0.6961228251457214  0.3340434730052948  -0.19808173179626465
   8695    0.3117067813873291  0.4127699136734009  0.9238061308860779
   8696    -0.8773860335350037  0.5663774609565735  0.7774357795715332
   8697    -1.1487492322921753  1.8718342781066895  0.3725310266017914
   8698    -1.1043601036071777  0.20925475656986237  -0.000506254960782826
   8699    -1.4042718410491943  1.9938971996307373  -0.5448572635650635
   8700    -0.6783519387245178  -0.20494505763053894  -0.33007195591926575
   8701    -0.711823582649231  0.49685412645339966  -0.30338042974472046
   8702    -1.3360482454299927  0.3350364863872528  0.007948671467602253
   8703    -0.364388644695282  0.32714760303497314  -0.6909325122833252
   8704    -0.7725988626480103  0.4858185052871704  -0.3086314797401428
   8705    -0.603992760181427  1.398898959159851  0.3858070969581604
   8706    -0.9715638756752014  0.9420132637023926  0.8257656097412109
   8707    -0.9186823964118958  -0.16929790377616882  -0.1962950974702835
   8708    -1.1640578508377075  0.2674936056137085  0.22241590917110443
   8709    -1.2570858001708984  -0.25952664017677307  0.5605813264846802
   8710    -1.6813868284225464  1.8663619756698608  0.6163598299026489
   8711    -1.1466562747955322  1.8029277324676514  -0.01714392751455307
   8712    0.5606487393379211  0.2233089655637741  0.7591951489448547
   8713    -1.2099173069000244  -0.23934397101402283  -0.11109934747219086
   8714    -1.6327437162399292  0.6889878511428833  -0.0016157649224624038
   8715    -0.8985837697982788  0.6182164549827576  0.6646286249160767
   8716    -0.6278765797615051  -0.1796896755695343  0.5774486064910889
   8717    0.6238067150115967  0.5627877712249756  0.8007532954216003
   8718    -0.7228161096572876  2.1396484375  0.003043735632672906
   8719    -1.5304919481277466  0.6934597492218018  -0.12801600992679596
   8720    0.024088991805911064  1.5328574180603027  0.47069478034973145
   8721    -1.5373579263687134  2.453655242919922  -0.8642261624336243
   8722    0.03392180800437927  1.1465188264846802  -0.34413760900497437
   8723    0.26597851514816284  0.22423392534255981  -0.44163864850997925
   8724    -1.3224337100982666  1.9493614435195923  -0.3431406319141388
   8725    -1.718275547027588  1.808118224143982  0.5787407159805298
   8726    -0.8039296269416809  -0.07186685502529144  -0.20127777755260468
   8727    -1.4781906604766846  2.100003480911255  -0.12260153889656067
   8728    -1.337320327758789  2.01460337638855  -0.08022912591695786
   8729    -0.007493505720049143  0.09150401502847672  1.0482219457626343
   8730    -0.5310695767402649  0.8193883895874023  0.8690819144248962
   8731    -1.7664746046066284  1.9434363842010498  0.2589467465877533
   8732    -0.5600232481956482  0.24908295273780823  -0.34299835562705994
   8733    -0.8142703771591187  -0.1734314262866974  0.2658664286136627
   8734    -1.7352856397628784  1.9146552085876465  0.22522710263729095
   8735    0.4193941056728363  1.1816262006759644  0.685278058052063
   8736    0.9666088819503784  -0.00026722473558038473  0.4156256914138794
   8737    -1.1427754163742065  2.039166212081909  0.4006149470806122
   8738    -1.6986396312713623  1.459821105003357  0.01576753333210945
   8739    0.8522965312004089  -0.0020887041464447975  0.5930620431900024
   8740    -0.48457205295562744  0.18089152872562408  -0.5486626625061035
   8741    -0.5040273070335388  -0.1039658635854721  0.09576945751905441
   8742    -1.5179495811462402  2.1954307556152344  -0.4470761716365814
   8743    -1.108810544013977  0.5313893556594849  0.7876830101013184
   8744    -1.241904854774475  0.33426594734191895  0.5353932976722717
   8745    -1.153660774230957  2.0417470932006836  0.0387735441327095
   8746    0.3269202709197998  -0.2243795394897461  0.5930778384208679
   8747    -1.0129189491271973  -0.05842654034495354  0.6208873987197876
   8748    0.8122288584709167  0.7574660181999207  -0.031859640032052994
   8749    0.7765265107154846  0.10053546726703644  0.5196428298950195
   8750    -1.5047799348831177  2.0948920249938965  -0.25388669967651367
   8751    0.38177740573883057  1.0973129272460938  0.7137771248817444
   8752    -0.07897475361824036  0.08840668946504593  1.0325095653533936
   8753    0.6977723836898804  1.0507062673568726  0.14600087702274323
   8754    -1.0897847414016724  0.14805303514003754  0.07609667629003525
   8755    0.3471328616142273  1.1583435535430908  -0.28152358531951904
   8756    0.7151975035667419  0.6127791404724121  -0.23502753674983978
   8757    0.32951533794403076  0.4821864366531372  0.28685539960861206
   8758    -1.2056009769439697  0.25159770250320435  0.3020532727241516
   8759    1.025650143623352  0.28028604388237  0.06048131734132767
   8760    -1.0935145616531372  1.8439708948135376  0.35142767429351807
   8761    -1.749361515045166  1.4596664905548096  0.5288254618644714
   8762    0.2325955629348755  0.7035070657730103  0.8912613391876221
   8763    0.20509693026542664  1.0071884393692017  -0.35535353422164917
   8764    -0.9911901950836182  0.512779712677002  -0.23947761952877045
   8765    0.3115348219871521  1.3598339557647705  -0.1967516988515854
   8766    -1.5883095264434814  1.1802722215652466  0.5775468945503235
   8767    -1.030389666557312  0.8265703320503235  0.5171711444854736
   8768    -1.3012090921401978  1.9445470571517944  -0.07155516743659973
   8769    -1.4071897268295288  1.2780587673187256  0.7404330968856812
   8770    -1.051255464553833  0.08808989077806473  0.02382010780274868
   8771    -0.999046266078949  -0.007628004997968674  0.5805612802505493
   8772    -0.08107970654964447  -0.2592155635356903  0.9226232171058655
   8773    -0.901296854019165  1.2245690822601318  0.6140366196632385
   8774    -1.2436679601669312  1.2275114059448242  0.32087963819503784
   8775    -0.7023997902870178  2.285787582397461  -0.10451878607273102
   8776    -0.8581362366676331  0.8093475103378296  0.13478213548660278
   8777    -1.0163089036941528  0.10231930017471313  0.2012447714805603
   8778    0.624239444732666  0.6430263519287109  0.7552139759063721
   8779    -1.0356279611587524  0.046145763248205185  0.19989535212516785
   8780    -1.6969283819198608  1.2638059854507446  0.15041831135749817
   8781    0.6620493531227112  0.22397559881210327  0.6533393263816833
   8782    -1.5198040008544922  2.343564987182617  -0.6726256608963013
   8783    -1.125030755996704  0.16734421253204346  0.09890589863061905
   8784    -0.12074120342731476  -0.14568988978862762  0.7574055194854736
   8785    -1.2017139196395874  -0.11190476268529892  0.07697468996047974
   8786    0.5441192388534546  -0.10679718852043152  0.5698972940444946
   8787    1.1338269710540771  0.26398226618766785  0.24941271543502808
   8788    -0.5967878699302673  0.3799225986003876  -0.3831242024898529
   8789    0.4142005145549774  0.8631772398948669  -0.3473665714263916
   8790    -0.6130190491676331  1.1490033864974976  0.6983963251113892
   8791    -1.278656244277954  2.0884785652160645  -0.3347175717353821
   8792    -0.6817175149917603  0.06900128722190857  0.6866822242736816
   8793    0.0923835039138794  0.2294592559337616  -0.5650542378425598
   8794    0.03084312193095684  -0.2504909336566925  0.23481640219688416
   8795    0.7217109203338623  0.24743624031543732  -0.13234084844589233
   8796    -0.604579508304596  2.458648204803467  -0.20441284775733948
   8797    -0.2460555136203766  1.4912889003753662  0.4909287989139557
   8798    -0.34721285104751587  -0.1097768247127533  -0.523780107498169
   8799    -1.7893264293670654  1.3989346027374268  0.5687427520751953
   8800    -0.7721590399742126  2.3815975189208984  -0.01748337224125862
   8801    -0.7988957762718201  0.3091323673725128  0.7609350681304932
   8802    -0.5793507695198059  0.6230429410934448  -0.6116889119148254
   8803    0.7952225208282471  0.8807923197746277  0.018186485394835472
   8804    0.5436607003211975  -0.029477860778570175  -0.014212038367986679
   8805    -0.06946925818920135  0.9230233430862427  0.8367478251457214
   8806    -0.6849217414855957  2.2924530506134033  -0.22850167751312256
   8807    -0.3995918333530426  1.1073389053344727  -0.37927964329719543
   8808    -1.592640995979309  1.1585882902145386  0.02698151022195816
   8809    0.04791765287518501  0.44929274916648865  1.0864850282669067
   8810    -0.640204668045044  0.6029044985771179  -0.4186702072620392
   8811    -1.287674903869629  2.1782636642456055  -0.4461793601512909
   8812    0.583229660987854  0.5162919163703918  -0.3750777244567871
   8813    -1.5011295080184937  1.393061637878418  1.0179144144058228
   8814    0.620766818523407  0.289547324180603  -0.30966246128082275
   8815    -0.3510981798171997  0.6243510842323303  1.0890048742294312
   8816    -1.2066138982772827  0.6764121651649475  0.8037132024765015
   8817    -0.575884997844696  1.0417473316192627  -0.4031873643398285
   8818    -0.7151852250099182  2.204050064086914  -0.06524056196212769
   8819    -0.4592386782169342  -0.17854201793670654  0.8370851278305054
   8820    -0.07571641355752945  -0.09234569221735  0.8754103183746338
   8821    -1.0550585985183716  1.5819249153137207  0.540312647819519
   8822    -1.5437860488891602  2.3708391189575195  -0.732569694519043
   8823    -0.11078810691833496  0.4825773239135742  -0.6388878226280212
   8824    -1.1679613590240479  0.613328218460083  -0.3533422648906708
   8825    -1.8008779287338257  1.4049533605575562  0.7854875326156616
   8826    -0.5141689777374268  -0.053659942001104355  -0.4664812982082367
   8827    -1.4907511472702026  2.5015618801116943  -0.9262404441833496
   8828    -0.11608047038316727  0.20177793502807617  -0.6076615452766418
   8829    -1.2353421449661255  2.037989377975464  0.1612146943807602
   8830    -0.9143262505531311  0.5854873061180115  -0.11987269669771194
   8831    -0.8698281645774841  2.3055946826934814  -0.10761895030736923
   8832    -1.5504636764526367  2.00172758102417  0.054869145154953
   8833    -0.9002521634101868  -0.26424846053123474  0.8578020334243774
   8834    0.8439273834228516  0.2345091998577118  0.021070539951324463
   8835    -1.3382481336593628  2.1536688804626465  -1.0322809219360352
   8836    -0.37167471647262573  2.223890781402588  -0.1765597015619278
   8837    -1.5315532684326172  2.506549835205078  -0.9398313164710999
   8838    -1.4619544744491577  2.541447877883911  -1.005926489830017
   8839    -1.584979772567749  0.5464850664138794  0.3035712242126465
   8840    0.9246023297309875  -0.047348760068416595  0.33640602231025696
   8841    -1.5897870063781738  0.5347789525985718  0.23878562450408936
   8842    -1.0828750133514404  -0.18002203106880188  0.40365782380104065
   8843    -1.4555860757827759  2.5789427757263184  -1.0518687963485718
   8844    -1.6527267694473267  0.7212905287742615  0.43962517380714417
   8845    -0.2016250342130661  0.28438031673431396  -0.4754669964313507
   8846    -1.3110365867614746  0.5999616980552673  -0.13868923485279083
   8847    -1.1952297687530518  0.7594481110572815  -0.01664506457746029
   8848    -1.428778886795044  0.33140289783477783  0.13043604791164398
   8849    0.29623502492904663  1.4236382246017456  0.47435683012008667
   8850    0.3260575234889984  1.058746099472046  -0.33985960483551025
   8851    -0.5122618675231934  2.191574811935425  -0.1088690236210823
   8852    -0.6769998669624329  1.454027533531189  0.09481516480445862
   8853    -1.2391674518585205  -0.20661751925945282  0.5602689981460571
   8854    -1.069381833076477  1.8107966184616089  0.08841687440872192
   8855    -1.216960072517395  -0.2556688189506531  0.20139746367931366
   8856    -1.725891351699829  1.3376399278640747  0.5752472281455994
   8857    0.020969213917851448  -0.19099007546901703  -0.313259094953537
   8858    -1.2882859706878662  2.3174502849578857  -1.1408610343933105
   8859    -0.5359499454498291  -0.005839231889694929  -0.29573488235473633
   8860    -1.466787338256836  1.9339215755462646  0.737599790096283
   8861    0.7672017812728882  0.20683187246322632  -0.04885373264551163
   8862    -1.316653847694397  2.112581491470337  -0.5872114300727844
   8863    0.024776192381978035  0.203827902674675  1.0429130792617798
   8864    0.41701215505599976  0.7931618690490723  0.8797037601470947
   8865    -1.395276427268982  2.062624931335449  -0.8633870482444763
   8866    0.11643082648515701  1.409481167793274  0.6312388181686401
   8867    -0.9904956817626953  0.26125553250312805  0.5904990434646606
   8868    -1.2303943634033203  -0.25505584478378296  0.07974638789892197
   8869    -0.9944340586662292  2.0469932556152344  0.1440332680940628
   8870    0.9037267565727234  0.33830273151397705  0.10209833830595016
   8871    0.787670373916626  0.5099824070930481  0.5542616844177246
   8872    -0.1608886420726776  0.8340604901313782  -0.5007846355438232
   8873    0.20291945338249207  1.5005208253860474  0.028626780956983566
   8874    -0.07985875010490417  -0.018805528059601784  -0.5295596122741699
   8875    0.11621525883674622  -0.0666799545288086  -0.45406150817871094
   8876    -0.7597451210021973  0.09521971642971039  -0.1244172751903534
   8877    -1.2841426134109497  2.228609561920166  -0.7125576734542847
   8878    -1.2208720445632935  1.9368817806243896  -0.003040119307115674
   8879    0.2920965850353241  -0.17636016011238098  -0.3706139326095581
   8880    -1.2561554908752441  1.0154701471328735  0.7739537358283997
   8881    0.5989113450050354  0.4238532781600952  0.6960986852645874
   8882    -1.0971524715423584  1.7271113395690918  0.3987494707107544
   8883    -1.7905864715576172  1.391015887260437  0.47757837176322937
   8884    -1.6679294109344482  0.8589796423912048  0.015698237344622612
   8885    0.060330528765916824  0.21600525081157684  1.0722838640213013
   8886    -0.8960129022598267  0.018109695985913277  -0.12239209562540054
   8887    0.45055657625198364  0.5428969860076904  0.8697595000267029
   8888    0.022987257689237595  1.3999803066253662  0.6309601664543152
   8889    -0.635111391544342  0.5319869518280029  -0.43482500314712524
   8890    -0.980080783367157  1.6037423610687256  0.09935871511697769
   8891    -0.781825840473175  0.10687721520662308  0.7451050281524658
   8892    -1.7916162014007568  1.4599652290344238  0.33628714084625244
   8893    -1.3064686059951782  2.2047390937805176  -0.87126624584198
   8894    -0.21137858927249908  0.9650192856788635  0.8207589387893677
   8895    -0.4498654007911682  -0.06657853722572327  0.7765311002731323
   8896    -0.28206685185432434  0.7621360421180725  1.0580307245254517
   8897    0.16082917153835297  0.5939270257949829  0.7676883935928345
   8898    0.10095657408237457  1.1780548095703125  0.7671630382537842
   8899    -0.3323323726654053  0.7593766450881958  -0.6681782603263855
   8900    -1.100659966468811  0.8071162104606628  0.844902753829956
   8901    0.3037315905094147  1.0149645805358887  0.8614221811294556
   8902    -0.5525985360145569  -0.15407967567443848  0.6142353415489197
   8903    -0.07801498472690582  -0.24428093433380127  -0.4484190344810486
   8904    -0.5913411378860474  1.0223678350448608  -0.27773797512054443
   8905    -0.4213081896305084  -0.25026604533195496  -0.41165995597839355
   8906    -1.4769978523254395  2.0354485511779785  -0.14448118209838867
   8907    -0.9571797847747803  -0.2471419870853424  0.8557396531105042
   8908    -1.1397788524627686  0.6725668907165527  0.8283487558364868
   8909    0.8178310990333557  -0.1264117807149887  0.3604141175746918
   8910    -0.15362140536308289  0.04601689800620079  0.9723817706108093
   8911    -0.29703575372695923  0.9477325081825256  -0.4430096447467804
   8912    -0.8941158056259155  -0.1419433057308197  0.7879123091697693
   8913    -1.0963855981826782  1.9850231409072876  0.015371374785900116
   8914    0.22035475075244904  -0.2475157082080841  -0.2366894632577896
   8915    -0.7990233898162842  1.1996020078659058  0.6418335437774658
   8916    -0.6864659190177917  2.465020179748535  -0.08354893326759338
   8917    -1.1145730018615723  1.752120018005371  0.4973700940608978
   8918    -0.5690957903862  0.29315420985221863  -0.39998728036880493
   8919    -0.570468008518219  2.5611958503723145  -0.208940789103508
   8920    -0.10363560169935226  0.9278345704078674  -0.4789588153362274
   8921    -0.4406431317329407  2.4642891883850098  -0.3566344678401947
   8922    -0.36489757895469666  2.5362606048583984  -0.4081478714942932
   8923    -1.5655083656311035  1.549223780632019  1.0145598649978638
   8924    0.3539436161518097  -0.051218293607234955  -0.3797825872898102
   8925    -0.7181223034858704  -0.17735512554645538  -0.2360456883907318
   8926    0.18301893770694733  1.5629210472106934  0.18868063390254974
   8927    -1.6789085865020752  1.783397912979126  0.32473665475845337
   8928    -0.3876210153102875  2.615757703781128  -0.4071962237358093
   8929    -1.2819957733154297  2.009600877761841  0.6655458211898804
   8930    -0.5224050283432007  -0.1686997413635254  1.025880217552185
   8931    -1.5561360120773315  0.506965696811676  0.43804895877838135
   8932    -1.7638874053955078  1.6944345235824585  0.23684407770633698
   8933    -0.4525645673274994  -0.16486957669258118  1.011340856552124
   8934    0.540191650390625  0.9227083921432495  0.7344902157783508
   8935    -0.2608417868614197  0.6253178119659424  -0.702994704246521
   8936    -0.44523748755455017  -0.16834016144275665  -0.5115787386894226
   8937    -1.1559762954711914  -0.1324327141046524  0.8226484656333923
   8938    -0.42706531286239624  1.0382012128829956  -0.4047754108905792
   8939    -0.4466744363307953  2.3883116245269775  -0.32214677333831787
   8940    -0.3941076695919037  2.409493923187256  -0.36070239543914795
   8941    -1.6275091171264648  0.6327123045921326  0.03343585133552551
   8942    -0.3706716001033783  0.2648031711578369  -0.6434603333473206
   8943    -0.01708327978849411  1.0306673049926758  0.8226066827774048
   8944    0.5192804932594299  0.7217035293579102  0.8329432010650635
   8945    -1.5771427154541016  0.596857488155365  0.21906782686710358
   8946    0.302289217710495  -0.26401692628860474  -0.13943123817443848
   8947    -0.32467585802078247  1.3858871459960938  0.28877779841423035
   8948    -0.6451015472412109  2.4985995292663574  -0.12793825566768646
   8949    -0.6525809168815613  2.5026683807373047  -0.09126119315624237
   8950    -1.3016897439956665  1.6810325384140015  0.7566584348678589
   8951    -0.14209119975566864  0.1656230390071869  -0.6313101053237915
   8952    0.8951160907745361  0.4306057095527649  0.3202015161514282
   8953    0.24174566566944122  -0.21279491484165192  0.6255388855934143
   8954    -0.4556892514228821  2.2019312381744385  -0.13990768790245056
   8955    -1.3562945127487183  1.2728971242904663  0.7724369764328003
   8956    -0.9672938585281372  0.12623949348926544  0.41630879044532776
   8957    0.5212791562080383  0.6615087985992432  0.85715651512146
   8958    -0.5840466022491455  1.3450236320495605  0.5479938387870789
   8959    -0.38358327746391296  0.9385491013526917  0.8761275410652161
   8960    -1.2336914539337158  0.7031123638153076  0.727534294128418
   8961    0.3441360592842102  -0.240609809756279  -0.04438446834683418
   8962    -1.1486989259719849  0.8310431838035583  0.8674542903900146
   8963    0.1892770677804947  -0.1592535376548767  0.7025507092475891
   8964    0.9474425315856934  0.41672757267951965  0.19019773602485657
   8965    -0.03996395319700241  0.7721796035766602  1.0424354076385498
   8966    0.15232360363006592  0.2579345107078552  0.911243736743927
   8967    -1.5124999284744263  2.2548484802246094  -0.5387780070304871
   8968    -1.474348783493042  2.466334581375122  -0.8685439229011536
   8969    -0.7175869345664978  0.5360477566719055  -0.3427785336971283
   8970    0.264633446931839  -0.2008642554283142  0.09222206473350525
   8971    0.8407896161079407  0.5144971609115601  0.41966474056243896
   8972    0.050791144371032715  0.1102534756064415  0.5770370960235596
   8973    0.4546721279621124  1.3894165754318237  0.33670246601104736
   8974    0.5256430506706238  0.2639012336730957  -0.38510867953300476
   8975    0.5836989283561707  1.2775622606277466  0.1600804179906845
   8976    -0.709227442741394  -0.2691013813018799  0.5562236309051514
   8977    0.4016695022583008  1.0785906314849854  -0.23205403983592987
   8978    -1.085601568222046  0.3852299451828003  0.2872511148452759
   8979    -1.3454797267913818  1.2847713232040405  -0.13760745525360107
   8980    0.24139901995658875  0.12608781456947327  -0.5320347547531128
   8981    -0.9289582967758179  0.7691515684127808  0.8001741766929626
   8982    -1.0492825508117676  -0.22113703191280365  0.6532757878303528
   8983    -1.0657964944839478  2.195218563079834  0.03509152680635452
   8984    0.44445711374282837  0.6302525997161865  -0.251832515001297
   8985    0.4477846026420593  0.3372483551502228  -0.35633912682533264
   8986    -0.8769453167915344  -0.2474346160888672  0.745762288570404
   8987    -0.6039021611213684  1.2795600891113281  -0.18007689714431763
   8988    -0.7675349712371826  -0.15987622737884521  -0.06781523674726486
   8989    -0.7938627600669861  1.3870728015899658  -0.18185554444789886
   8990    0.04610984027385712  -0.180233433842659  0.3977682590484619
   8991    0.21256253123283386  1.5448729991912842  0.11789621412754059
   8992    -0.35067495703697205  0.3343271017074585  0.9088849425315857
   8993    -0.8928441405296326  -0.06403333693742752  -0.1310350000858307
   8994    -0.2894126772880554  0.9782676100730896  0.8141417503356934
   8995    0.1958909034729004  0.6414530277252197  1.0136836767196655
   8996    0.04458910971879959  1.0543848276138306  0.806172251701355
   8997    -0.3063315451145172  0.07832177728414536  0.9074456095695496
   8998    -1.5014197826385498  0.8273993730545044  0.6608335375785828
   8999    -1.6553640365600586  1.7785818576812744  0.0878022238612175
   9000    -0.28732264041900635  0.8206563591957092  -0.6570174098014832
   9001    -0.9889316558837891  0.051703255623579025  0.5396410226821899
   9002    -0.8692700266838074  -0.23361729085445404  -0.0357866995036602
   9003    -1.314595103263855  1.9895769357681274  -0.014552434906363487
   9004    -0.9822978973388672  1.5756075382232666  0.014191354624927044
   9005    0.6024819016456604  0.024016695097088814  0.5293573141098022
   9006    0.16426904499530792  1.1673450469970703  0.7476697564125061
   9007    -1.765316128730774  1.8446851968765259  0.5121554732322693
   9008    0.6766214966773987  0.22220373153686523  -0.1852828562259674
   9009    -0.5786681175231934  -0.17973120510578156  -0.3558329641819
   9010    -0.6218175888061523  -0.13339410722255707  -0.5008481740951538
   9011    -0.7517948150634766  1.1289492845535278  -0.3522702753543854
   9012    0.043606750667095184  -0.17929358780384064  -0.427082896232605
   9013    0.49446094036102295  1.2903318405151367  0.5657298564910889
   9014    0.42418602108955383  0.4266038239002228  -0.133989617228508
   9015    -1.0521016120910645  0.0585399866104126  -0.059758298099040985
   9016    0.5717812180519104  0.6179951429367065  0.8155113458633423
   9017    0.4532388746738434  -0.17076261341571808  0.6323490142822266
   9018    0.4680176377296448  -0.17400775849819183  0.5041199326515198
   9019    -1.0020575523376465  0.17183084785938263  0.4287838041782379
   9020    0.2326684445142746  0.762010395526886  0.7103261351585388
   9021    -1.2391380071640015  1.4032403230667114  0.7533397674560547
   9022    -1.3680419921875  1.3696141242980957  0.7498303055763245
   9023    0.11199846863746643  -0.25108322501182556  0.25028184056282043
   9024    -1.3265478610992432  1.2552857398986816  0.748452365398407
   9025    -1.3861490488052368  1.239123821258545  0.7575801014900208
   9026    -0.4619238078594208  2.2431652545928955  -0.2149735540151596
   9027    -1.2621710300445557  1.2746670246124268  0.7044052481651306
   9028    -0.40644675493240356  1.395151138305664  -0.12221068143844604
   9029    -1.4680171012878418  2.2314178943634033  -0.49728167057037354
   9030    -1.417380928993225  2.1529736518859863  -0.49572160840034485
   9031    -0.32606565952301025  2.274357795715332  -0.2602417767047882
   9032    -0.2048410028219223  0.7095819115638733  -0.6994979381561279
   9033    -0.5700814723968506  0.16861306130886078  -0.2726932764053345
   9034    -1.5980292558670044  1.8722976446151733  0.16246184706687927
   9035    0.1875452697277069  -0.20535853505134583  0.2166053056716919
   9036    -0.9081488251686096  0.9338630437850952  0.7969280481338501
   9037    -0.09975732862949371  0.7667385935783386  1.083181619644165
   9038    0.3329158425331116  -0.0020732630509883165  0.8075788617134094
   9039    0.03373834863305092  0.6950350403785706  -0.6242810487747192
   9040    -1.074935793876648  0.010549365542829037  0.043635182082653046
   9041    -0.4778977036476135  0.9569358825683594  -0.4153962731361389
   9042    -1.4761477708816528  2.007793426513672  0.16481594741344452
   9043    -0.8210676312446594  1.5038925409317017  0.32892274856567383
   9044    0.5435913801193237  0.8478831648826599  0.8030882477760315
   9045    0.45590025186538696  0.9192575216293335  0.7979307174682617
   9046    -1.0395616292953491  0.34217527508735657  -0.17796361446380615
   9047    -0.11210653930902481  0.9639332890510559  0.8666144013404846
   9048    -0.700398325920105  1.2242909669876099  -0.28700318932533264
   9049    -1.6284825801849365  1.990761399269104  0.12168027460575104
   9050    0.24436664581298828  1.5051002502441406  0.49483436346054077
   9051    -1.237577199935913  -0.16940833628177643  0.21223028004169464
   9052    -0.9814095497131348  1.4155081510543823  0.04006000980734825
   9053    -0.6079252362251282  0.9046398401260376  0.8420616984367371
   9054    -0.9581426978111267  1.2848759889602661  0.5462788939476013
   9055    -1.2542259693145752  1.2981786727905273  -0.13101671636104584
   9056    -0.021732883527874947  -0.1491096019744873  0.2101968377828598
   9057    -0.24459031224250793  2.3270492553710938  -0.3563407361507416
   9058    -1.1255182027816772  0.4956137239933014  -0.2820568084716797
   9059    -1.5480550527572632  0.7543326616287231  -0.15272113680839539
   9060    0.7111919522285461  0.14964161813259125  0.036721065640449524
   9061    -0.5715681314468384  -0.15535683929920197  0.9277300238609314
   9062    -1.6952570676803589  1.7454397678375244  0.1979391872882843
   9063    0.762909471988678  0.4190094470977783  -0.09114274382591248
   9064    -1.092322587966919  1.8734899759292603  0.262268990278244
   9065    -1.5110055208206177  2.0371410846710205  0.02546548657119274
   9066    -0.7527942657470703  1.4552587270736694  -0.11608832329511642
   9067    -0.7534098625183105  0.198079913854599  0.7305848002433777
   9068    -0.11927817016839981  1.4410322904586792  -0.16448186337947845
   9069    -0.4862338900566101  -0.2487790435552597  0.9513146281242371
   9070    -0.8957933783531189  0.309015691280365  0.6893301010131836
   9071    0.16444148123264313  0.8214595317840576  -0.454452782869339
   9072    -1.7446554899215698  1.5720515251159668  0.5588574409484863
   9073    -1.2100011110305786  0.2646067142486572  -0.014253572560846806
   9074    -1.7405325174331665  1.5536119937896729  0.6632179617881775
   9075    0.1957424283027649  1.2171400785446167  0.017720364034175873
   9076    -0.8363089561462402  0.5198642015457153  -0.3022609055042267
   9077    -1.2176812887191772  1.33427894115448  0.7065092921257019
   9078    0.028089016675949097  -0.12816426157951355  -0.4565677344799042
   9079    0.8456568717956543  0.1817888766527176  0.4923761487007141
   9080    -0.95693039894104  -0.13682562112808228  0.3703463077545166
   9081    0.5278124809265137  -0.0054070428013801575  -0.21953341364860535
   9082    0.32719847559928894  1.43532395362854  0.26719430088996887
   9083    -0.23811544477939606  0.8187165260314941  1.0651676654815674
   9084    -1.1066937446594238  -0.2525885999202728  0.030870525166392326
   9085    -1.3292980194091797  0.7304450869560242  -0.23653537034988403
   9086    0.06465167552232742  -0.25690895318984985  0.09999720752239227
   9087    0.5151153802871704  0.994016706943512  0.7229258418083191
   9088    -1.3386679887771606  -0.17774225771427155  0.03982962295413017
   9089    -0.5334787368774414  0.034035760909318924  0.7234660387039185
   9090    -0.8566029071807861  0.13324034214019775  0.15809330344200134
   9091    -1.3876111507415771  1.6432358026504517  0.83944171667099
   9092    -1.1893608570098877  1.2653592824935913  0.6494484543800354
   9093    -1.0578621625900269  1.9094722270965576  0.23802104592323303
   9094    -1.3230743408203125  1.8880088329315186  -0.16805851459503174
   9095    -0.1760070025920868  0.9702886939048767  0.8747053146362305
   9096    -0.7693603038787842  0.31143444776535034  -0.21258313953876495
   9097    -0.09372086077928543  -0.1436254233121872  -0.4776662588119507
   9098    -0.40336960554122925  -0.16369019448757172  -0.35709866881370544
   9099    -1.4694523811340332  2.0123376846313477  -0.41744112968444824
   9100    -0.4874952733516693  1.4193366765975952  0.022159110754728317
   9101    0.7966420650482178  0.672946035861969  -0.03145397827029228
   9102    -1.681046485900879  1.5826340913772583  0.9015463590621948
   9103    -1.4570996761322021  1.1204309463500977  0.6951435208320618
   9104    -0.8620448708534241  0.22113262116909027  0.46180373430252075
   9105    -1.0478285551071167  0.6108201742172241  -0.34561339020729065
   9106    0.8357778191566467  0.2110287994146347  0.5410730242729187
   9107    -1.4714759588241577  0.6792157292366028  -0.22967606782913208
   9108    -0.7574266791343689  -0.0362517386674881  -0.17601342499256134
   9109    -0.6030983924865723  0.8765319585800171  -0.32893243432044983
   9110    0.37981942296028137  0.5058029890060425  -0.4675719439983368
   9111    0.2155190408229828  1.0260920524597168  0.8734965920448303
   9112    -1.283671259880066  2.133662700653076  -0.4823099672794342
   9113    -1.2369834184646606  0.5513647198677063  0.7524431347846985
   9114    1.033119797706604  0.166371688246727  0.5382981896400452
   9115    0.24742217361927032  0.6530565023422241  -0.5244541764259338
   9116    1.0635056495666504  0.4224679172039032  0.2889586091041565
   9117    -0.9303820729255676  0.042359188199043274  0.15892647206783295
   9118    -0.07637086510658264  0.7620339393615723  -0.648908257484436
   9119    0.31308862566947937  0.7661688923835754  -0.4866195321083069
   9120    -1.6380974054336548  0.6271719336509705  0.48699015378952026
   9121    0.5885676145553589  0.40214264392852783  0.7642409801483154
   9122    -1.6219244003295898  0.5872402191162109  0.1150188148021698
   9123    -1.5207027196884155  1.8364028930664062  -0.05699305236339569
   9124    -1.5699255466461182  1.283466100692749  0.865604043006897
   9125    -0.881872296333313  -0.2779979407787323  -0.1500450223684311
   9126    -0.25351324677467346  1.354111671447754  -0.22195380926132202
   9127    -1.4589310884475708  1.9807649850845337  -0.25725114345550537
   9128    -1.39393949508667  0.3803967833518982  0.4688926041126251
   9129    -0.7465157508850098  -0.15420788526535034  -0.4317395091056824
   9130    -0.9448290467262268  1.4595215320587158  -0.11044158786535263
   9131    0.15646527707576752  1.0239280462265015  -0.37019702792167664
   9132    -1.1932809352874756  1.686564564704895  0.05565144121646881
   9133    -1.507311463356018  1.7479429244995117  -0.07928385585546494
   9134    0.670965850353241  0.34088242053985596  0.5799899697303772
   9135    -1.7267471551895142  0.7518327236175537  0.20911277830600739
   9136    -1.0466272830963135  0.17464973032474518  -0.06071096286177635
   9137    -0.5867211818695068  1.4215389490127563  0.056615401059389114
   9138    -0.31515637040138245  0.8369081616401672  1.022865653038025
   9139    -0.36517593264579773  -0.042698249220848083  -0.5108948349952698
   9140    -0.04049302637577057  0.9702725410461426  0.8886328339576721
   9141    0.7465953230857849  0.2544688880443573  0.3713202178478241
   9142    0.5821371078491211  -0.2347569614648819  0.12008430063724518
   9143    -0.6500378847122192  0.2712865173816681  -0.20692339539527893
   9144    -0.7933884263038635  0.24895623326301575  -0.17312347888946533
   9145    -0.17350301146507263  0.5464044809341431  1.1058233976364136
   9146    0.5747649669647217  0.5837085843086243  -0.1328025609254837
   9147    -1.315750241279602  0.6067957282066345  -0.27848076820373535
   9148    -0.03619563579559326  -0.16614393889904022  -0.425437867641449
   9149    -1.124041199684143  -0.08958471566438675  -0.026143033057451248
   9150    -0.9012711644172668  -0.023151427507400513  0.7192034125328064
   9151    -0.939743161201477  2.302588701248169  -0.0012888829223811626
   9152    -1.4281269311904907  1.6020177602767944  -0.10611592233181
   9153    -0.951633095741272  1.4041211605072021  0.517530620098114
   9154    -1.0027109384536743  1.2557767629623413  0.6495856642723083
   9155    -0.4827040135860443  0.5674321055412292  0.8392696976661682
   9156    -0.2328658401966095  0.32218754291534424  0.9969648718833923
   9157    0.0821148157119751  0.43724194169044495  -0.3562818765640259
   9158    -0.5932347178459167  0.01400650292634964  0.7000839114189148
   9159    -0.4672018885612488  0.8040282726287842  0.8371513485908508
   9160    -0.1514449566602707  -0.14892040193080902  0.8788389563560486
   9161    -1.712721347808838  1.718845009803772  0.5742285847663879
   9162    -0.0849137082695961  0.2907176613807678  -0.5785083174705505
   9163    -1.3075306415557861  0.9496738910675049  0.771105945110321
   9164    -0.9346190094947815  2.083846092224121  0.09751985967159271
   9165    -0.7425666451454163  1.3574891090393066  -0.19494503736495972
   9166    -1.4736454486846924  1.5781621932983398  0.9495376348495483
   9167    -0.5931898951530457  1.4316318035125732  0.28934624791145325
   9168    0.984891951084137  0.07604114711284637  0.49204573035240173
   9169    -1.6462061405181885  1.8329941034317017  0.12422540038824081
   9170    -1.512721300125122  1.1271711587905884  -0.054779019206762314
   9171    -0.5909071564674377  0.11556777358055115  -0.22277630865573883
   9172    -0.5618404746055603  1.2875617742538452  0.608267068862915
   9173    -0.18390926718711853  1.4886614084243774  0.17322224378585815
   9174    -1.2475570440292358  0.3057345151901245  0.45408502221107483
   9175    0.22764542698860168  -0.24550560116767883  0.5120989680290222
   9176    -1.0753893852233887  1.642809271812439  0.020209655165672302
   9177    -0.6289353370666504  0.12495772540569305  -0.17568065226078033
   9178    -0.25285863876342773  0.9977209568023682  -0.4125558137893677
   9179    -0.9061957597732544  1.036929726600647  0.7817738056182861
   9180    -0.3324079215526581  1.488361120223999  0.27061352133750916
   9181    -1.7756898403167725  1.359643578529358  0.19586975872516632
   9182    0.977185070514679  -0.013234545476734638  0.23258908092975616
   9183    -0.7201158404350281  2.3287413120269775  -0.09159468114376068
   9184    -0.8641116619110107  -0.028945371508598328  -0.1648433804512024
   9185    -1.2330204248428345  0.9353598952293396  0.702648401260376
   9186    -0.5279003381729126  1.3602930307388306  0.5452348589897156
   9187    -1.2142045497894287  1.3571172952651978  -0.13960294425487518
   9188    0.6150941848754883  0.8636088371276855  -0.23310023546218872
   9189    -1.4014683961868286  2.045732021331787  0.08935470134019852
   9190    -1.0538965463638306  0.501649022102356  -0.27267760038375854
   9191    -1.3998653888702393  1.9094427824020386  -0.2618778347969055
   9192    -1.7823500633239746  1.5835832357406616  0.20520593225955963
   9193    0.6899542212486267  1.0582466125488281  -0.11600138247013092
   9194    -0.0783085972070694  0.38992801308631897  -0.6580135822296143
   9195    -1.229821801185608  0.38988980650901794  -0.15708541870117188
   9196    -0.5320631265640259  0.5089669227600098  -0.6464082598686218
   9197    -0.5181119441986084  1.0261775255203247  0.7941120862960815
   9198    -0.16851815581321716  -0.07499156147241592  0.8899661898612976
   9199    -0.08740080147981644  1.215279221534729  0.7588339447975159
   9200    0.45427966117858887  0.3805330693721771  -0.48498547077178955
   9201    -1.1628186702728271  0.4076404869556427  -0.18497298657894135
   9202    -0.025844460353255272  0.7269099950790405  -0.3404999375343323
   9203    0.829102098941803  0.18759317696094513  -0.04374195635318756
   9204    -0.029240690171718597  0.5369136929512024  -0.6642880439758301
   9205    0.5576871037483215  0.13122832775115967  -0.25234100222587585
   9206    0.48352447152137756  -0.25218772888183594  0.26897403597831726
   9207    0.4305601716041565  0.6712296605110168  -0.36130595207214355
   9208    0.3516441881656647  0.5670390129089355  -0.35543739795684814
   9209    0.35734009742736816  1.0062181949615479  -0.3962327837944031
   9210    -0.5026028156280518  1.3620296716690063  -0.12260182946920395
   9211    -0.03133443742990494  1.2196954488754272  -0.34055599570274353
   9212    -0.5323022603988647  -0.10979656130075455  0.22917376458644867
   9213    -1.072814702987671  -0.26832616329193115  0.08801023662090302
   9214    -0.6144585609436035  0.3119615912437439  -0.28817808628082275
   9215    -1.0370270013809204  1.8521844148635864  0.11442592740058899
   9216    -0.4402577579021454  0.6069089770317078  1.019628882408142
   9217    -1.0692116022109985  -0.006491649430245161  0.1571948528289795
   9218    0.9157976508140564  0.40126466751098633  0.3774309754371643
   9219    0.6605765223503113  0.7745361328125  -0.2748294472694397
   9220    0.23308314383029938  0.8885204195976257  -0.4393328130245209
   9221    -0.23585021495819092  0.8183486461639404  -0.4205535650253296
   9222    -0.7790167927742004  -0.23541361093521118  0.7512183785438538
   9223    -1.5115890502929688  1.9195544719696045  -0.0036519034765660763
   9224    -1.1642974615097046  0.2501654326915741  -0.023240504786372185
   9225    -1.4231634140014648  1.3766695261001587  -0.10534915328025818
   9226    -1.184332251548767  -0.27700841426849365  0.4136245548725128
   9227    -0.4479924142360687  0.047013845294713974  0.7437748312950134
   9228    0.6068584322929382  0.9840449690818787  0.6191430687904358
   9229    -0.7263393402099609  1.2528575658798218  0.6290053725242615
   9230    -0.24425950646400452  0.7815456390380859  -0.6994068622589111
   9231    -1.3398008346557617  0.4504309594631195  0.6451488733291626
   9232    -0.8298379182815552  2.3266282081604004  0.03291245922446251
   9233    0.6058451533317566  -0.1507863998413086  -0.0006693145260214806
   9234    -0.7625722885131836  -0.1781722456216812  0.43797364830970764
   9235    -1.1861522197723389  1.1655219793319702  0.532521665096283
   9236    -0.5315403342247009  0.1006324291229248  -0.3511616885662079
   9237    1.0515190362930298  0.04757975414395332  0.39672088623046875
   9238    -1.344886064529419  1.9636894464492798  0.7316410541534424
   9239    -1.748435139656067  1.8167587518692017  0.6535215377807617
   9240    -0.32097724080085754  1.0194069147109985  0.8344369530677795
   9241    -1.535751223564148  1.184539794921875  0.6258309483528137
   9242    -0.9302660822868347  2.3226630687713623  -0.04219990596175194
   9243    0.4428906738758087  0.6491785049438477  -0.43865588307380676
   9244    -0.7166237831115723  0.8206334114074707  0.48225507140159607
   9245    1.0158580541610718  0.00794286746531725  0.10926472395658493
   9246    -1.6846730709075928  1.2507051229476929  0.28260233998298645
   9247    -1.0784674882888794  0.5953949093818665  -0.2132960557937622
   9248    -1.392945647239685  0.5306234955787659  0.23112507164478302
   9249    -0.5481768250465393  0.45247387886047363  -0.28860148787498474
   9250    -0.8379889130592346  1.0116928815841675  0.7449988126754761
   9251    -1.0609849691390991  0.4417908191680908  -0.2588261067867279
   9252    -1.464261531829834  1.6863114833831787  0.9303773045539856
   9253    0.4963873326778412  0.584141194820404  -0.40616199374198914
   9254    -0.8065596222877502  -0.11973346769809723  -0.3027593195438385
   9255    -0.9522100687026978  1.5556327104568481  0.04934537783265114
   9256    -1.6997207403182983  1.034792184829712  0.14629262685775757
   9257    0.3012418746948242  1.4877526760101318  0.40133628249168396
   9258    -1.3253813982009888  -0.24174410104751587  -0.0892854854464531
   9259    0.37571007013320923  -0.039439983665943146  0.7828518152236938
   9260    -1.61808180809021  0.8768340349197388  -0.08968126773834229
   9261    0.4770442843437195  0.16959601640701294  0.7959586977958679
   9262    -0.9131795763969421  -0.011591644957661629  0.3239910304546356
   9263    -1.3884968757629395  -0.23947596549987793  0.12799876928329468
   9264    -1.454219937324524  0.7389336824417114  0.7329554557800293
   9265    -0.3192816972732544  0.18594548106193542  0.9481700658798218
   9266    -0.343219518661499  0.5568389892578125  -0.6968932151794434
   9267    0.6094284653663635  -0.20194268226623535  0.018379120156168938
   9268    0.3436141312122345  0.2970641255378723  0.931406557559967
   9269    -0.8561380505561829  0.7160572409629822  -0.3867974579334259
   9270    -1.5393117666244507  1.3261520862579346  0.49495840072631836
   9271    -1.3256746530532837  1.7202452421188354  0.1405266374349594
   9272    0.7279546856880188  -0.0011181308655068278  0.5582873225212097
   9273    -0.9325001239776611  0.8880167007446289  0.82198166847229
   9274    -0.7488616704940796  2.3125486373901367  -0.05967273190617561
   9275    0.2428763210773468  0.5700294375419617  1.0276902914047241
   9276    -0.43768131732940674  0.790839433670044  -0.2016357034444809
   9277    -0.22474077343940735  -0.04892333969473839  -0.4280853569507599
   9278    -1.5319205522537231  1.2629107236862183  0.3288094997406006
   9279    -1.1569947004318237  0.20883020758628845  0.10843048244714737
   9280    -1.5938746929168701  1.6092758178710938  0.9925541281700134
   9281    -1.3213971853256226  2.1510558128356934  -0.753279983997345
   9282    -0.8509023785591125  1.064355731010437  0.7724342942237854
   9283    0.02650662511587143  0.07116089761257172  0.9893760681152344
   9284    -1.7909390926361084  1.5174839496612549  0.7360572814941406
   9285    0.7352654933929443  0.2370571345090866  0.5436641573905945
   9286    -0.9566700458526611  1.3737190961837769  0.34708577394485474
   9287    0.9935008883476257  0.29978805780410767  0.503291666507721
   9288    1.1205300092697144  0.33305099606513977  0.42393237352371216
   9289    -1.39701509475708  -0.2710604667663574  0.028157493099570274
   9290    -0.18759088218212128  1.069118618965149  0.7689990997314453
   9291    -0.6430534720420837  0.5663934350013733  -0.4721387028694153
   9292    0.2660146951675415  1.278369665145874  0.40137621760368347
   9293    -0.254306823015213  0.9684010744094849  0.8570818901062012
   9294    -1.2853657007217407  2.0877413749694824  -0.39256152510643005
   9295    -1.4263445138931274  2.226734161376953  -0.4477200210094452
   9296    -1.3783440589904785  1.2072111368179321  0.5883063077926636
   9297    0.261094331741333  -0.09594392776489258  0.8323401212692261
   9298    -0.9878865480422974  0.6723050475120544  -0.3878958523273468
   9299    0.2832532525062561  1.1768797636032104  -0.30414965748786926
   9300    0.6941779255867004  0.4096444845199585  -0.19270086288452148
   9301    -0.7342982888221741  -0.1329658478498459  0.732494592666626
   9302    -1.8131320476531982  1.472834587097168  0.7722890377044678
   9303    0.32016894221305847  -0.16896124184131622  0.8438658714294434
   9304    -1.3942769765853882  1.2802708148956299  -0.12693165242671967
   9305    1.0185075998306274  0.03602973371744156  0.452291876077652
   9306    0.271583616733551  -0.22990457713603973  -0.3767983615398407
   9307    1.1225823163986206  0.1925792247056961  0.3882368505001068
   9308    -1.0399571657180786  -0.2703495919704437  -0.14355140924453735
   9309    0.7189001441001892  0.07494805008172989  0.5634515285491943
   9310    -0.9981459379196167  0.1297188699245453  0.38460463285446167
   9311    0.30819910764694214  -0.2488158643245697  0.011531606316566467
   9312    -0.4056848883628845  0.8904991745948792  0.8939851522445679
   9313    -0.7652305364608765  -0.21502739191055298  0.24496006965637207
   9314    -0.4290080964565277  -0.08976514637470245  -0.1440877914428711
   9315    -1.2158403396606445  1.1411869525909424  0.7013369202613831
   9316    -0.2989921271800995  0.9306648969650269  0.4419681429862976
   9317    0.43396344780921936  0.06780534982681274  -0.4331687390804291
   9318    -0.5755096673965454  -0.14303302764892578  -0.27468010783195496
   9319    -0.6219339966773987  1.4489537477493286  0.3463941812515259
   9320    0.2033032774925232  1.410404086112976  0.6380774974822998
   9321    0.3771209120750427  1.4536769390106201  0.3731778860092163
   9322    -1.4651439189910889  0.4061184823513031  0.36251580715179443
   9323    -0.34806597232818604  2.241959810256958  -0.2148674726486206
   9324    -1.096177339553833  0.40158817172050476  0.5006328821182251
   9325    -1.059170126914978  -0.07090847194194794  -0.06446336954832077
   9326    0.5790113806724548  0.7684815526008606  0.011824915185570717
   9327    -1.7032880783081055  1.6973178386688232  0.47973379492759705
   9328    0.5817675590515137  0.9777678847312927  0.7310240864753723
   9329    -1.7845268249511719  1.9428480863571167  0.3530295193195343
   9330    -0.5439256429672241  0.8032428622245789  0.7843456268310547
   9331    -0.08496592193841934  1.0401192903518677  -0.39796212315559387
   9332    -1.0028501749038696  0.35399049520492554  0.5720093846321106
   9333    -0.009457867592573166  0.9018455743789673  -0.47793740034103394
   9334    0.793799102306366  -0.1065780371427536  0.06634075194597244
   9335    -1.1067395210266113  1.4277524948120117  -0.10205447673797607
   9336    -0.8419923782348633  1.1765352487564087  0.6950253844261169
   9337    -0.4089452028274536  0.8011599183082581  0.985960066318512
   9338    -0.8330681920051575  0.04474220052361488  -0.15389059484004974
   9339    -0.7487509250640869  0.6379859447479248  0.8061008453369141
   9340    0.46952784061431885  0.10334545373916626  0.6317529678344727
   9341    -0.1938047558069229  1.3018238544464111  -0.2641257345676422
   9342    -1.7310140132904053  0.7932571172714233  0.3214705288410187
   9343    -0.11819688975811005  -0.11376159638166428  0.9012417197227478
   9344    -1.5267516374588013  0.9893811345100403  -0.09345094114542007
   9345    -0.7098586559295654  -0.24507226049900055  0.6840888261795044
   9346    0.24268484115600586  1.2578126192092896  0.695654034614563
   9347    -1.028321623802185  0.6242157816886902  0.8332628607749939
   9348    0.2900081276893616  0.478557825088501  -0.5066732168197632
   9349    -1.3858907222747803  1.1974079608917236  0.7076772451400757
   9350    0.06172589585185051  0.5346024036407471  1.0565905570983887
   9351    -0.809201717376709  1.1687902212142944  -0.3013454079627991
   9352    0.23105329275131226  0.7330542206764221  1.0296645164489746
   9353    0.8276715874671936  0.5726287364959717  0.09397649765014648
   9354    -0.3853883743286133  0.1316109597682953  -0.5423129796981812
   9355    -1.4178886413574219  2.1266684532165527  -0.1173800379037857
   9356    -1.1040717363357544  1.1725785732269287  -0.2696695327758789
   9357    -0.742999255657196  0.3497011959552765  0.7658921480178833
   9358    0.22787684202194214  -0.23790284991264343  -0.11728353053331375
   9359    -1.2977240085601807  2.325385570526123  -1.070686936378479
   9360    0.5562149882316589  0.47998300194740295  0.116465263068676
   9361    -0.5395501255989075  0.028902679681777954  -0.3519665598869324
   9362    -0.6828075051307678  -0.1885225474834442  -0.4622034430503845
   9363    -0.7296792268753052  1.367774248123169  0.5342239737510681
   9364    -1.4409871101379395  0.3394104838371277  0.34423699975013733
   9365    0.8478675484657288  0.30851852893829346  0.5076552033424377
   9366    -0.3759444057941437  0.9699666500091553  0.8539302945137024
   9367    0.6986925601959229  0.5263485908508301  -0.19300834834575653
   9368    0.3325248956680298  1.104673981666565  -0.3026124835014343
   9369    -1.0290031433105469  0.7862954139709473  0.8309865593910217
   9370    -1.606780767440796  1.2533109188079834  0.7792762517929077
   9371    -0.33775651454925537  -0.1932237595319748  0.9724608063697815
   9372    -0.7616624236106873  -0.18778131902217865  0.3084697723388672
   9373    -1.3409310579299927  1.21817147731781  0.713192880153656
   9374    -0.9171062707901001  0.3601975739002228  -0.20227573812007904
   9375    0.0812947154045105  0.8847236633300781  -0.40895867347717285
   9376    -1.1574276685714722  1.8587990999221802  0.5653639435768127
   9377    0.2512872815132141  0.8891074657440186  0.9205798506736755
   9378    -1.5996382236480713  1.27674400806427  0.036372970789670944
   9379    -0.5462253093719482  0.8846755623817444  0.8557420372962952
   9380    0.20038841664791107  0.5648229122161865  -0.5551201701164246
   9381    0.3263729512691498  -0.2402803599834442  -0.208584725856781
   9382    0.3284153342247009  -0.13777542114257812  -0.4004955589771271
   9383    -1.145082712173462  0.19421203434467316  0.05452270433306694
   9384    -1.794413685798645  1.3499640226364136  0.32509246468544006
   9385    -1.5326181650161743  0.6882376074790955  0.24444688856601715
   9386    -0.3657834827899933  -0.0750301331281662  0.9536992907524109
   9387    -1.538207769393921  1.2120957374572754  0.7038206458091736
   9388    -0.10277187079191208  0.12412841618061066  1.042877197265625
   9389    1.1035006046295166  0.16887781023979187  0.06879344582557678
   9390    0.4619489014148712  0.9698628783226013  -0.34597599506378174
   9391    0.05346516892313957  1.0366448163986206  -0.2960983216762543
   9392    -0.040279049426317215  1.5345170497894287  0.23822404444217682
   9393    0.28522807359695435  -0.08378912508487701  -0.10907114297151566
   9394    -1.3021717071533203  0.2847818434238434  0.37688717246055603
   9395    -0.9002326726913452  0.5632103085517883  0.44414469599723816
   9396    -0.09607785940170288  0.9717526435852051  -0.44071173667907715
   9397    0.7466415166854858  0.9786194562911987  0.05104205384850502
   9398    -0.8414568305015564  2.1014113426208496  0.06862831860780716
   9399    -0.4863739311695099  -0.022163087502121925  0.812239408493042
   9400    -0.8451388478279114  2.202721118927002  -0.12100094556808472
   9401    -0.02129296585917473  -0.17910006642341614  0.33980220556259155
   9402    -1.1162729263305664  1.0887019634246826  0.7523938417434692
   9403    -1.2586292028427124  -0.2296019345521927  0.5457445979118347
   9404    -0.037570081651210785  0.566744327545166  1.107250452041626
   9405    -1.029139518737793  -0.21392233669757843  0.5379751920700073
   9406    -1.3008204698562622  1.7736479043960571  0.7202801704406738
   9407    -1.548054814338684  0.6896068453788757  -0.17563609778881073
   9408    0.8761487603187561  0.04915804788470268  0.6034613251686096
   9409    -1.6006819009780884  1.984463095664978  0.07101882249116898
   9410    -0.07869550585746765  1.0330851078033447  0.8246710300445557
   9411    -0.01067774835973978  -0.19919340312480927  0.25753599405288696
   9412    -1.4502125978469849  0.34387466311454773  0.22988609969615936
   9413    0.3941987156867981  -0.1256825029850006  -0.2953658401966095
   9414    -1.4952774047851562  2.3264458179473877  -0.5676838755607605
   9415    -1.1281532049179077  -0.21124917268753052  0.37466999888420105
   9416    0.5432148575782776  1.2079217433929443  0.5081429481506348
   9417    -1.4864166975021362  2.2486937046051025  -0.39450231194496155
   9418    -0.828240692615509  -0.19881822168827057  0.17425699532032013
   9419    -1.4332895278930664  1.991503119468689  0.6442076563835144
   9420    0.5143885612487793  -0.038176197558641434  -0.15126585960388184
   9421    0.16872648894786835  -0.16450199484825134  -0.41452622413635254
   9422    0.046952348202466965  0.5117017030715942  -0.6168651580810547
   9423    -0.36107075214385986  1.281043529510498  -0.23369522392749786
   9424    -1.5554327964782715  0.6725659370422363  0.40448614954948425
   9425    -1.397783637046814  1.5200824737548828  -0.0959128588438034
   9426    -1.6431763172149658  1.084097981452942  0.42180198431015015
   9427    0.2730293869972229  -0.2377322018146515  0.052310485392808914
   9428    -0.7040063142776489  0.013193458318710327  -0.1704399138689041
   9429    -0.9592549204826355  2.021960496902466  0.09312278777360916
   9430    0.03704454377293587  1.2699586153030396  -0.11191197484731674
   9431    0.862212061882019  0.17196796834468842  0.5893541574478149
   9432    -1.3064708709716797  2.3311874866485596  -0.8876941800117493
   9433    0.23438851535320282  1.4467318058013916  0.5639352798461914
   9434    -1.7490185499191284  1.3152848482131958  0.6278696060180664
   9435    -0.6829348802566528  -0.12336330860853195  -0.47622358798980713
   9436    -1.6851483583450317  1.9839749336242676  0.47392621636390686
   9437    0.46112629771232605  -0.09159694612026215  -0.1148567721247673
   9438    0.49715688824653625  0.052429333329200745  -0.3595542311668396
   9439    -1.2968307733535767  1.849523901939392  0.7207323312759399
   9440    0.6395009756088257  0.4360964298248291  -0.2816253900527954
   9441    -0.9357861876487732  2.147369623184204  0.08177205920219421
   9442    -1.4808948040008545  0.5716930031776428  -0.14429382979869843
   9443    -1.5974544286727905  1.2573952674865723  0.6560319066047668
   9444    -0.7819883227348328  1.085100769996643  0.7237066030502319
   9445    -0.6912055611610413  2.19803786277771  -0.1879112422466278
   9446    -1.1779173612594604  1.1055669784545898  -0.3032180070877075
   9447    -1.3133845329284668  1.8410371541976929  0.7648844122886658
   9448    -0.11880859732627869  1.4438763856887817  0.6266646981239319
   9449    -1.40790855884552  2.253751039505005  -0.6924219131469727
   9450    0.2017710953950882  -0.2394482046365738  0.028133530169725418
   9451    0.28410670161247253  -0.27499091625213623  0.03492924943566322
   9452    -1.0546534061431885  1.8414177894592285  0.19935552775859833
   9453    -1.6698721647262573  1.2197203636169434  0.19499945640563965
   9454    0.16848473250865936  1.222809076309204  -0.3161830008029938
   9455    0.02054777555167675  1.1940685510635376  0.7967568635940552
   9456    -1.4991834163665771  0.645575761795044  0.6625911593437195
   9457    -1.0579723119735718  0.11694560945034027  -0.06694941967725754
   9458    0.3187546730041504  0.619062602519989  0.7191976308822632
   9459    0.13214409351348877  0.4034121632575989  1.0474662780761719
   9460    -1.7506802082061768  1.6583729982376099  0.17910490930080414
   9461    0.09223605692386627  0.040678586810827255  -0.519156277179718
   9462    0.6434696912765503  0.01284030731767416  -0.06393745541572571
   9463    -1.4597097635269165  2.111380100250244  -0.4151569902896881
   9464    0.5101271271705627  0.10973252356052399  0.766956090927124
   9465    -1.0438354015350342  -0.2714416980743408  0.23184718191623688
   9466    -0.6072216033935547  0.02947724238038063  -0.21304312348365784
   9467    -1.1287914514541626  2.123972177505493  0.09206447750329971
   9468    -0.2578290104866028  0.8856392502784729  0.7329196929931641
   9469    -0.2759888470172882  -0.13793034851551056  0.6657009720802307
   9470    -1.6822692155838013  0.667805016040802  0.17080384492874146
   9471    0.4425176680088043  -0.2090553492307663  0.3495211899280548
   9472    -0.7361822128295898  -0.14288640022277832  0.7871120572090149
   9473    0.378542959690094  0.2210293710231781  -0.49107053875923157
   9474    0.8389208912849426  0.2565706670284271  0.5139701962471008
   9475    -0.6029433608055115  0.32627126574516296  -0.35523471236228943
   9476    1.0594643354415894  0.32904326915740967  0.06534846127033234
   9477    0.025426650419831276  0.5772991180419922  0.8904294967651367
   9478    0.455620139837265  0.7156252861022949  0.8872775435447693
   9479    -1.4821138381958008  1.3059507608413696  0.08579369634389877
   9480    -1.0162822008132935  1.152658224105835  0.7063627243041992
   9481    -1.1776963472366333  0.29827138781547546  0.5256205797195435
   9482    1.1029361486434937  0.4021119773387909  0.3428286612033844
   9483    0.7624351978302002  0.18158428370952606  0.5640763640403748
   9484    -1.1694152355194092  1.7201398611068726  0.14873674511909485
   9485    -0.5366531014442444  0.11292305588722229  -0.34488943219184875
   9486    0.24118350446224213  1.0068466663360596  -0.4071323573589325
   9487    -1.1596591472625732  1.6744043827056885  -0.034474942833185196
   9488    0.3583424389362335  1.0418665409088135  -0.2771508991718292
   9489    -0.9330334663391113  0.03971925377845764  0.6927692890167236
   9490    -1.4801371097564697  0.534995436668396  0.21876506507396698
   9491    0.5773714184761047  -0.010056547820568085  -0.10210873186588287
   9492    -0.4937523603439331  -0.08554533123970032  0.918156087398529
   9493    0.29551568627357483  1.3104599714279175  0.5150080919265747
   9494    -1.1862562894821167  0.6741926074028015  0.5985866785049438
   9495    0.3771911859512329  1.356911301612854  0.6196514368057251
   9496    -1.6771056652069092  1.1913954019546509  0.1487724334001541
   9497    -0.17957817018032074  0.9335043430328369  0.9749103784561157
   9498    -1.2470183372497559  -0.17434921860694885  0.6048429608345032
   9499    -0.511387288570404  0.23831245303153992  -0.16939511895179749
   9500    0.03623085841536522  -0.043615203350782394  0.8889119625091553
   9501    -0.7967098355293274  0.7784312963485718  -0.4141935408115387
   9502    0.2100479155778885  0.34945425391197205  -0.5473641157150269
   9503    -0.1601739227771759  0.8604564070701599  0.9613085389137268
   9504    0.1592995524406433  0.7699063420295715  0.37306755781173706
   9505    -1.4002999067306519  1.7258058786392212  -0.0726177841424942
   9506    -1.223300576210022  1.8671493530273438  0.018620876595377922
   9507    -0.8611260056495667  0.7257477045059204  0.7851703763008118
   9508    -1.3032814264297485  1.7259140014648438  0.7347899079322815
   9509    -0.45396173000335693  -0.13544248044490814  -0.20327869057655334
   9510    -1.7836250066757202  1.35483717918396  0.5422854423522949
   9511    -1.4007371664047241  2.0070745944976807  -0.7110254764556885
   9512    -1.2711166143417358  0.2860060930252075  -0.03426964953541756
   9513    -0.9047160148620605  0.5823091864585876  0.8067260980606079
   9514    -0.8097776770591736  1.3204519748687744  -0.09086186438798904
   9515    -0.3688400387763977  0.877293586730957  -0.5040859580039978
   9516    -0.1994885951280594  1.3842439651489258  0.6271502375602722
   9517    -0.4837314784526825  0.7300247550010681  0.9699630737304688
   9518    0.7409316301345825  1.0198804140090942  0.30083799362182617
   9519    -0.4660688638687134  -0.24412989616394043  -0.5166166424751282
   9520    -0.3832131326198578  -0.009273680858314037  0.8881827592849731
   9521    -0.1726585477590561  1.008298397064209  0.8342469334602356
   9522    0.3472011983394623  -0.27362343668937683  0.022484853863716125
   9523    -0.7025962471961975  -0.18925097584724426  0.059284623712301254
   9524    0.31834498047828674  1.429054856300354  -0.07928156852722168
   9525    -0.09826727211475372  1.1806249618530273  -0.36741143465042114
   9526    -1.569310188293457  1.9226363897323608  0.7248426675796509
   9527    -0.9385955333709717  0.502081036567688  0.7856225371360779
   9528    -0.27765700221061707  0.14146283268928528  0.9713666439056396
   9529    -1.713719129562378  1.3642573356628418  0.8961175680160522
   9530    -1.109901785850525  -0.28131717443466187  0.38886719942092896
   9531    0.8689727187156677  0.3749302327632904  0.06641612946987152
   9532    0.43819284439086914  1.154885172843933  -0.22226637601852417
   9533    0.1912001222372055  1.4268503189086914  -0.10740578174591064
   9534    0.14611943066120148  0.9567059278488159  0.926606297492981
   9535    0.13701437413692474  -0.003077341476455331  0.7785882949829102
   9536    -0.6408498287200928  1.2489371299743652  -0.28783315420150757
   9537    0.31227385997772217  0.9129632115364075  -0.38956862688064575
   9538    -1.358622431755066  1.3721104860305786  0.007777963764965534
   9539    -0.3450344502925873  0.017607785761356354  0.9058111906051636
   9540    -0.6760554313659668  1.3488537073135376  0.5671746730804443
   9541    -1.162832260131836  0.7666990160942078  -0.3277687132358551
   9542    -1.6833131313323975  1.253819227218628  0.7251113057136536
   9543    0.3878175914287567  1.29287850856781  -0.11062661558389664
   9544    0.3343096077442169  0.6239388585090637  0.9650302529335022
   9545    0.12712803483009338  -0.25584620237350464  0.3763936460018158
   9546    -0.053391650319099426  1.3089996576309204  0.7149665951728821
   9547    -1.0975228548049927  1.692344069480896  -0.009614363312721252
   9548    -1.1287033557891846  -0.22588373720645905  0.7230926156044006
   9549    -1.7268015146255493  0.8201901316642761  0.2216075211763382
   9550    -0.7364828586578369  -0.2818259596824646  -0.4088670611381531
   9551    0.009391059167683125  1.3445525169372559  0.7232125997543335
   9552    1.1120551824569702  0.32000523805618286  0.08943159878253937
   9553    -1.7385871410369873  1.3758662939071655  0.08419473469257355
   9554    0.7184813618659973  0.3576958477497101  0.2780529856681824
   9555    0.9488893151283264  0.1894812136888504  -0.03175898641347885
   9556    0.7721039652824402  0.7705808281898499  0.555218517780304
   9557    0.1975981593132019  0.7974134087562561  -0.5310565829277039
   9558    -0.6798657178878784  2.1022050380706787  -0.039338212460279465
   9559    -1.668230652809143  1.1012842655181885  0.23018550872802734
   9560    -1.4329898357391357  2.079824447631836  -0.49354618787765503
   9561    -1.2165863513946533  -0.26802781224250793  -0.029227789491415024
   9562    -0.129255011677742  0.12187620252370834  0.8125055432319641
   9563    -1.67525053024292  1.1772749423980713  0.3376220762729645
   9564    -0.3318624198436737  -0.1404256373643875  0.8261330723762512
   9565    0.5696123242378235  0.5307449698448181  0.836368978023529
   9566    -0.3420766294002533  0.7767584919929504  0.7727901339530945
   9567    0.49923354387283325  -0.16674813628196716  0.5705118775367737
   9568    -1.2827305793762207  1.7380216121673584  0.696578323841095
   9569    0.3727988004684448  0.27476516366004944  0.8349851369857788
   9570    -1.3953948020935059  2.035874366760254  -0.759985089302063
   9571    0.35161522030830383  0.3735322654247284  0.9549222588539124
   9572    0.5961027145385742  1.2691951990127563  0.5023368000984192
   9573    0.5101930499076843  0.25661641359329224  0.8193963766098022
   9574    -0.5645336508750916  0.2638295888900757  -0.44529756903648376
   9575    0.4106905460357666  -0.0916321873664856  0.39162003993988037
   9576    -1.073378562927246  1.3447235822677612  0.6145302653312683
   9577    0.42855578660964966  0.47201624512672424  0.9208962917327881
   9578    -1.2031105756759644  -0.24495185911655426  0.5341312885284424
   9579    -1.4903706312179565  0.6261381506919861  0.1776665449142456
   9580    -0.6507075428962708  -0.271432489156723  0.2548540234565735
   9581    -0.1333155632019043  0.6239193081855774  1.0933427810668945
   9582    -1.5295095443725586  1.6865441799163818  -0.04450416937470436
   9583    -0.07739143073558807  1.51236891746521  0.48111262917518616
   9584    0.4703361690044403  0.8373228311538696  0.8647151589393616
   9585    -1.2124221324920654  1.2199835777282715  0.6791155338287354
   9586    -1.4939662218093872  2.0822672843933105  -0.2075379490852356
   9587    -1.7045749425888062  1.845658302307129  0.696760356426239
   9588    -0.9862383604049683  -0.1266975700855255  0.475871741771698
   9589    -0.12293201684951782  0.9172549843788147  0.9261955618858337
   9590    -1.0876842737197876  0.6118197441101074  0.7284160256385803
   9591    0.2374556064605713  0.6781533360481262  1.0210658311843872
   9592    -0.3565264046192169  0.9307894706726074  -0.451823890209198
   9593    -0.15231464803218842  0.7261930108070374  0.7599704265594482
   9594    0.4575900733470917  0.5873647928237915  -0.4612067937850952
   9595    -0.9149104356765747  1.5198354721069336  0.1114378497004509
   9596    -0.2875146269798279  1.3366923332214355  0.6731357574462891
   9597    -0.7222224473953247  0.13281328976154327  0.7031641602516174
   9598    0.24629619717597961  -0.24410131573677063  0.5868286490440369
   9599    -0.2970536947250366  1.4126368761062622  -0.09714832901954651
   9600    -1.077101707458496  2.0626678466796875  0.21536114811897278
   9601    -0.08763670176267624  0.1032729521393776  -0.5799347758293152
   9602    -1.1485693454742432  1.2645010948181152  0.6757857799530029
   9603    -0.15530748665332794  0.3127909302711487  -0.6354842782020569
   9604    -1.343109130859375  -0.27392640709877014  0.23080193996429443
   9605    -1.570473313331604  1.456648826599121  0.9642438888549805
   9606    -0.20628856122493744  0.20459449291229248  -0.5665152072906494
   9607    -1.6301766633987427  0.5746304988861084  0.22671635448932648
   9608    0.13877244293689728  -0.12364929169416428  0.8509534001350403
   9609    -0.4282824397087097  -0.1217285618185997  -0.4345933794975281
   9610    0.8221763372421265  0.6525318622589111  0.30456113815307617
   9611    -1.0566301345825195  -0.23595920205116272  0.8724239468574524
   9612    -0.08280813694000244  -0.1451382339000702  -0.336336225271225
   9613    0.09226217865943909  -0.2873195707798004  0.24183663725852966
   9614    0.32573366165161133  0.2603612244129181  -0.46089208126068115
   9615    -0.9219176173210144  0.20652468502521515  0.38732990622520447
   9616    -1.0842887163162231  1.4910001754760742  -0.08124508708715439
   9617    -0.18505582213401794  -0.13826140761375427  -0.4588143229484558
   9618    -1.301805019378662  1.6597318649291992  0.6366702318191528
   9619    0.617272675037384  0.10869737714529037  0.6062030792236328
   9620    -0.8030008673667908  2.405799388885498  -0.09587786346673965
   9621    0.0054528857581317425  -0.19818802177906036  0.41385969519615173
   9622    -0.6771868467330933  1.3975414037704468  0.46234315633773804
   9623    0.09588351845741272  0.21182458102703094  0.9922494292259216
   9624    0.5975027680397034  0.9679661989212036  0.3786703944206238
   9625    -1.2399746179580688  -0.2645774483680725  0.8182662129402161
   9626    -0.29464098811149597  0.3794524371623993  1.0102638006210327
   9627    -0.4654678702354431  0.9361812472343445  0.8391924500465393
   9628    0.4846496284008026  0.7782023549079895  -0.3589574992656708
   9629    -1.7123966217041016  0.884764552116394  0.4098401963710785
   9630    0.38096481561660767  -0.24248625338077545  0.4389193654060364
   9631    -0.554019570350647  1.2450698614120483  -0.2588422894477844
   9632    -1.3058741092681885  1.938973069190979  -0.2566027045249939
   9633    0.26323312520980835  1.1100612878799438  -0.3148067891597748
   9634    -1.179783582687378  -0.2554287314414978  0.8890647888183594
   9635    -0.5248499512672424  -0.2140592485666275  -0.4240439832210541
   9636    -1.113740086555481  0.2506476044654846  0.4423779845237732
   9637    -0.691815972328186  -0.2500830590724945  0.8799094557762146
   9638    -0.26233938336372375  0.019144756719470024  0.9422550201416016
   9639    -1.0028135776519775  0.2079673707485199  0.5002223253250122
   9640    0.6558327078819275  -0.03520257771015167  0.5439969301223755
   9641    -0.8108334541320801  -0.17118661105632782  -0.4047026038169861
   9642    -1.0694117546081543  -0.07955922931432724  0.5847935080528259
   9643    0.41788631677627563  -0.25588521361351013  0.4057859480381012
   9644    -0.735623836517334  -0.2659268081188202  0.8332520723342896
   9645    -0.00032945338170975447  1.5584559440612793  0.3241058588027954
   9646    -0.4418540596961975  -0.1424926221370697  0.7333052158355713
   9647    -0.7000254392623901  0.7436881065368652  0.7758617997169495
   9648    -0.7882996201515198  -0.2632133960723877  0.8170146942138672
   9649    -0.16676945984363556  0.11803267151117325  0.9327084422111511
   9650    -0.34429991245269775  0.7661011815071106  1.0765526294708252
   9651    -1.4593431949615479  0.3972662687301636  0.43657588958740234
   9652    -0.34121549129486084  0.09894217550754547  0.8268790245056152
   9653    -1.739762306213379  1.9849909543991089  0.42415204644203186
   9654    -1.3311841487884521  0.2751008868217468  0.1325489580631256
   9655    -0.986404538154602  -0.09385748952627182  0.34686729311943054
   9656    -0.18088063597679138  -0.04089637100696564  -0.5410405397415161
   9657    -1.4297007322311401  1.9460277557373047  -0.27766677737236023
   9658    0.19299277663230896  0.7119134664535522  0.9507545232772827
   9659    -0.43435341119766235  0.0623818002641201  0.8051266670227051
   9660    -0.45339012145996094  0.11768992245197296  -0.3036206066608429
   9661    -0.07572900503873825  -0.14018481969833374  -0.07972287386655807
   9662    0.1403687298297882  -0.006262294016778469  0.36524835228919983
   9663    -1.5728418827056885  1.9892323017120361  0.6309893131256104
   9664    -1.7177772521972656  1.4802428483963013  0.7874020338058472
   9665    -1.743068814277649  1.6939780712127686  0.6125717759132385
   9666    -0.6867864727973938  -0.27477023005485535  -0.4352678656578064
   9667    -1.6498695611953735  1.2142508029937744  0.4599027931690216
   9668    -0.918551504611969  0.7421127557754517  -0.37368518114089966
   9669    -1.2888706922531128  1.3879514932632446  0.6739611625671387
   9670    -1.0980446338653564  1.9514178037643433  0.3436131179332733
   9671    0.776359498500824  0.9288991093635559  -0.046344973146915436
   9672    -1.65757417678833  1.5426433086395264  -0.04619308561086655
   9673    -0.9774928689002991  0.2595820724964142  -0.1844826489686966
   9674    -1.6796238422393799  1.7132813930511475  0.09157061576843262
   9675    -1.0207723379135132  0.1990433931350708  0.3348143696784973
   9676    -1.1491549015045166  1.4757575988769531  -0.08356665074825287
   9677    -0.7304816842079163  0.37713751196861267  -0.2492419332265854
   9678    -0.6782797574996948  -0.1752748191356659  0.370480477809906
   9679    0.07047872245311737  -0.25011131167411804  0.8700048327445984
   9680    -1.825510025024414  1.415360927581787  0.3016306161880493
   9681    -1.0977166891098022  1.1537566184997559  0.7134612798690796
   9682    -1.3386245965957642  1.8505958318710327  -0.12668578326702118
   9683    -1.055931568145752  0.2589772045612335  0.49588170647621155
   9684    -0.14333534240722656  1.5243208408355713  0.4469195604324341
   9685    -1.531370997428894  0.46396225690841675  0.04520818963646889
   9686    -0.8562047481536865  -0.054621532559394836  -0.003513618838042021
   9687    -0.027109339833259583  -0.08070051670074463  0.8920945525169373
   9688    0.04075058549642563  1.5697418451309204  0.4018935561180115
   9689    -1.3346986770629883  0.4352128207683563  -0.13004881143569946
   9690    -0.014198694378137589  0.20216859877109528  -0.5775928497314453
   9691    -1.662671446800232  0.8692184686660767  0.4942472279071808
   9692    -0.938076376914978  0.07885119318962097  0.3649715483188629
   9693    -0.6040745377540588  0.479874849319458  -0.09448941051959991
   9694    -1.0468380451202393  1.2092063426971436  -0.181041419506073
   9695    -0.40694761276245117  -0.2500329315662384  1.0111188888549805
   9696    -1.5875898599624634  1.468277096748352  0.8606027364730835
   9697    0.646342933177948  0.9528790712356567  0.6845040917396545
   9698    -1.4131946563720703  2.1376101970672607  -0.36794430017471313
   9699    -0.9260512590408325  0.09356944262981415  0.24603524804115295
   9700    -0.2141641080379486  0.7881844639778137  0.8784652948379517
   9701    -0.719977617263794  -0.0897618755698204  0.23381218314170837
   9702    -1.1258641481399536  1.9798409938812256  0.471653550863266
   9703    -0.7842454314231873  0.22212891280651093  -0.045623235404491425
   9704    -0.7482612729072571  1.269562005996704  -0.26606667041778564
   9705    0.3668699860572815  0.8518297076225281  0.7211572527885437
   9706    -1.3143038749694824  2.0170791149139404  -0.39713913202285767
   9707    0.5669967532157898  0.7435736656188965  0.8235836625099182
   9708    0.049643952399492264  -0.15119275450706482  0.6736823916435242
   9709    0.16243527829647064  1.022871494293213  -0.294421523809433
   9710    -1.4004191160202026  1.4282689094543457  1.0200767517089844
   9711    -0.02476864866912365  0.44378334283828735  -0.6270211338996887
   9712    0.002176762791350484  0.10250302404165268  0.890449047088623
   9713    -1.2635533809661865  1.881541132926941  0.5590788125991821
   9714    -1.5640625953674316  1.0983201265335083  0.2843061089515686
   9715    0.5067179799079895  0.3992847204208374  -0.38752010464668274
   9716    -1.1591646671295166  1.6280831098556519  0.6437556743621826
   9717    0.5404110550880432  0.118596650660038  -0.3172691762447357
   9718    -1.4158791303634644  1.547431468963623  0.9711422324180603
   9719    0.14971618354320526  -0.21611538529396057  -0.047863103449344635
   9720    -1.645303726196289  1.6693116426467896  0.6347082257270813
   9721    -1.3368626832962036  -0.17613863945007324  0.13101795315742493
   9722    -0.9308869242668152  1.0925911664962769  -0.3450336158275604
   9723    -0.08883054554462433  1.1160533428192139  0.8098692893981934
   9724    -1.3807506561279297  1.671995759010315  0.765083909034729
   9725    0.9410629272460938  0.4230123460292816  0.29880309104919434
   9726    0.11773014813661575  -0.23343907296657562  0.8001246452331543
   9727    0.19398581981658936  1.1232197284698486  0.7759185433387756
   9728    0.007164031267166138  0.23357652127742767  1.0820821523666382
   9729    -0.21004320681095123  0.3577038645744324  1.0423661470413208
   9730    0.23845821619033813  1.081474781036377  0.8269472718238831
   9731    0.9253903031349182  0.017696024850010872  0.5083622336387634
   9732    -1.2316511869430542  1.7759076356887817  0.6312854886054993
   9733    -0.2299356460571289  1.2418527603149414  -0.33451515436172485
   9734    0.5978222489356995  1.1374597549438477  -0.1464299112558365
   9735    0.40555787086486816  -0.01581512577831745  -0.18131035566329956
   9736    -1.6222095489501953  0.7002837061882019  0.2314545065164566
   9737    -1.0058616399765015  -0.17673692107200623  0.28917452692985535
   9738    -0.6894294023513794  2.3496081829071045  -0.24551431834697723
   9739    -0.5159051418304443  2.2166149616241455  -0.17595750093460083
   9740    0.6866627931594849  0.8410329222679138  -0.20924100279808044
   9741    0.6842488050460815  0.2414223849773407  0.7088690400123596
   9742    0.17894868552684784  0.3069872260093689  0.6625718474388123
   9743    0.0047705043107271194  -0.25922253727912903  0.8748485445976257
   9744    -1.4533412456512451  2.3128936290740967  -0.7135443687438965
   9745    -1.696000337600708  0.8411710858345032  0.11616687476634979
   9746    -1.0626912117004395  -0.25001060962677  0.4773038625717163
   9747    -0.5518807768821716  0.8905126452445984  0.766727089881897
   9748    -0.7721112966537476  0.7915751934051514  0.8341220021247864
   9749    -1.2791166305541992  1.496229648590088  0.8328611254692078
   9750    -1.1506612300872803  -0.14572575688362122  0.5699465274810791
   9751    -0.25461190938949585  1.3461734056472778  -0.2656252980232239
   9752    -1.2960416078567505  1.3657290935516357  0.7873661518096924
   9753    0.17094860970973969  -0.07860103249549866  -0.17776650190353394
   9754    0.30074355006217957  -0.05172900855541229  0.8204898834228516
   9755    -0.6390143036842346  0.036180172115564346  -0.02369076758623123
   9756    0.7589351534843445  0.9158657193183899  0.09966744482517242
   9757    0.5193306803703308  -0.06138789281249046  0.7056318521499634
   9758    -0.1756281554698944  1.1789889335632324  -0.38249582052230835
   9759    -1.396377444267273  2.0338380336761475  -0.4092056453227997
   9760    -0.6819059252738953  -0.23681104183197021  -0.3779268264770508
   9761    0.32237157225608826  -0.25896158814430237  -0.2605595588684082
   9762    -0.5093914270401001  0.9111530780792236  0.828511118888855
   9763    0.6500815153121948  0.049238983541727066  -0.10289735347032547
   9764    -0.9041854739189148  0.8678926229476929  -0.378937691450119
   9765    0.7413420677185059  0.28884169459342957  0.5976963043212891
   9766    -0.5904731154441833  -0.2635154128074646  1.0030990839004517
   9767    -1.0981115102767944  1.5828783512115479  -0.042350735515356064
   9768    0.47858381271362305  -0.2522517144680023  0.17336900532245636
   9769    -0.40821242332458496  0.4232136011123657  0.8985055685043335
   9770    -0.16718439757823944  1.115681767463684  -0.4127950966358185
   9771    0.730077862739563  1.0582653284072876  0.007737638428807259
   9772    -1.4591389894485474  1.5263859033584595  -0.11629104614257812
   9773    0.7928596138954163  0.08162112534046173  -0.08184592425823212
   9774    -1.1399117708206177  0.21797309815883636  0.020089372992515564
   9775    -0.1009216457605362  0.2674317955970764  -0.6425513029098511
   9776    0.28238552808761597  0.3949265778064728  0.9875324368476868
   9777    -0.42580172419548035  0.8858606219291687  -0.4884681701660156
   9778    -0.8014392852783203  0.2693113088607788  -0.2223045974969864
   9779    -0.7839915752410889  2.188032627105713  -0.0015432637883350253
   9780    -0.35473957657814026  0.9095140695571899  0.9209513068199158
   9781    0.25557199120521545  0.9412241578102112  -0.41334566473960876
   9782    -0.5392783284187317  0.6293997764587402  0.7837908267974854
   9783    -1.0720958709716797  -0.1594555377960205  0.841781497001648
   9784    -1.3937989473342896  1.9597383737564087  -0.4403626620769501
   9785    -1.2203865051269531  -0.22447003424167633  0.2717936038970947
   9786    -1.0476410388946533  2.104046583175659  0.013256409205496311
   9787    -1.7287410497665405  1.4239681959152222  0.04605111479759216
   9788    -1.100776195526123  0.9376685619354248  0.8009427189826965
   9789    -0.904768168926239  0.29250699281692505  -0.23086966574192047
   9790    -0.5755687952041626  0.02217748947441578  -0.30835044384002686
   9791    -0.5848020315170288  1.3876011371612549  -0.07677481323480606
   9792    0.4416479468345642  0.4458675682544708  -0.4758535325527191
   9793    -1.4141141176223755  1.5623233318328857  0.6333702802658081
   9794    -1.2322889566421509  0.9949662089347839  0.8078791499137878
   9795    -1.068381428718567  -0.2698567509651184  0.17055995762348175
   9796    -1.2753093242645264  -0.25670185685157776  0.5257838368415833
   9797    -0.5039561986923218  0.24024908244609833  -0.5718784928321838
   9798    -0.6830660104751587  1.4117873907089233  -0.07757961750030518
   9799    -1.2180736064910889  1.7654509544372559  -0.043472226709127426
   9800    1.07271409034729  0.24101701378822327  0.48988959193229675
   9801    -1.3741101026535034  2.187934398651123  -0.28843623399734497
   9802    -0.024795252829790115  0.38127195835113525  -0.6268833875656128
   9803    0.6904822587966919  0.4441643953323364  0.15139029920101166
   9804    -1.5733073949813843  0.5756646990776062  -0.05870288237929344
   9805    0.6032761931419373  0.07874881476163864  0.03960217162966728
   9806    -1.4630348682403564  2.0663816928863525  -0.3314807116985321
   9807    -1.5444767475128174  2.5181522369384766  -0.9629771113395691
   9808    -0.43802207708358765  1.259734869003296  -0.25283050537109375
   9809    -0.7939216494560242  0.06638391315937042  0.3522091805934906
   9810    -1.2681940793991089  1.8505167961120605  -0.0759992003440857
   9811    -1.3866074085235596  0.46339505910873413  0.3154243230819702
   9812    -1.3946861028671265  1.3610682487487793  0.9942471981048584
   9813    -0.2160976529121399  0.276834636926651  -0.6504757404327393
   9814    -1.223430871963501  0.5020798444747925  0.26481127738952637
   9815    0.17355917394161224  0.08244337141513824  0.9825064539909363
   9816    -1.5308454036712646  0.44455742835998535  0.32320672273635864
   9817    -0.6126813888549805  -0.028887171298265457  -0.2449118047952652
   9818    -0.9633203744888306  -0.1581423580646515  0.7240760326385498
   9819    0.8632802367210388  0.3895827531814575  0.4657726585865021
   9820    -1.1862114667892456  1.2645728588104248  0.6925824880599976
   9821    0.13181503117084503  0.030034642666578293  0.974076509475708
   9822    0.10591628402471542  0.31577494740486145  1.0617032051086426
   9823    0.2521897852420807  0.543698787689209  -0.5704742670059204
   9824    -1.6627751588821411  0.7457146644592285  0.009569796733558178
   9825    0.15740250051021576  0.7025371789932251  -0.5439055562019348
   9826    -1.120255708694458  -0.0665040910243988  0.1755693554878235
   9827    -1.6467971801757812  1.2541276216506958  0.08031094819307327
   9828    -0.5282925963401794  -0.2769596576690674  -0.4317474365234375
   9829    -0.1728479266166687  1.144943356513977  0.7936894297599792
   9830    -0.6008041501045227  -0.18407823145389557  -0.5511606335639954
   9831    -0.3412182033061981  1.459797739982605  0.4469131529331207
   9832    -1.2636563777923584  0.6018112897872925  0.7936916351318359
   9833    0.6568719744682312  -0.07788591086864471  -0.0349673368036747
   9834    -1.5667672157287598  0.8864314556121826  -0.15518581867218018
   9835    -1.6356102228164673  1.258689045906067  0.5999788641929626
   9836    -0.6188662648200989  0.12830039858818054  -0.07410985976457596
   9837    -0.33705970644950867  2.5652525424957275  -0.44723042845726013
   9838    0.23026396334171295  -0.23285575211048126  0.6745548844337463
   9839    -0.1728176772594452  1.475118637084961  0.5316118597984314
   9840    -0.17928406596183777  0.6518691182136536  0.8763810992240906
   9841    0.7761186361312866  0.9086650609970093  0.36583662033081055
   9842    0.48316848278045654  0.5265113115310669  -0.44150951504707336
   9843    -0.9854372143745422  1.0279464721679688  0.5829907059669495
   9844    -1.1114976406097412  -0.04343351349234581  0.11556816846132278
   9845    -0.8838892579078674  1.143147349357605  0.7366131544113159
   9846    -1.676611065864563  0.7178547382354736  0.2970108091831207
   9847    -1.2016987800598145  0.39991167187690735  0.6537420749664307
   9848    -1.0052255392074585  2.0019240379333496  0.17550703883171082
   9849    0.09249729663133621  -0.026553839445114136  0.5456792116165161
   9850    -1.3068947792053223  2.258945941925049  -0.8139575719833374
   9851    -0.9945263266563416  0.06262408196926117  0.23366378247737885
   9852    -1.1285241842269897  0.2066155970096588  0.25220873951911926
   9853    -1.6024680137634277  0.5033105611801147  0.18273158371448517
   9854    -0.5040812492370605  -0.037258394062519073  0.8783910870552063
   9855    -0.7023724913597107  -0.24745339155197144  0.7582888007164001
   9856    -0.41915568709373474  0.5626658797264099  -0.7232112288475037
   9857    0.6834906339645386  1.1611183881759644  0.058804452419281006
   9858    -0.4008876383304596  1.4489870071411133  0.1590970903635025
   9859    -0.8141754269599915  0.9541381597518921  0.7769309282302856
   9860    -0.4259052276611328  1.4681564569473267  0.27712905406951904
   9861    0.2037024199962616  -0.014267883263528347  0.8887889385223389
   9862    -1.441030740737915  0.45195549726486206  -0.014962070621550083
   9863    -1.4651880264282227  2.0399186611175537  0.3213662803173065
   9864    0.16456115245819092  -0.030287660658359528  0.9287456274032593
   9865    -1.3975824117660522  2.0798356533050537  -0.30918410420417786
   9866    -0.043523915112018585  0.07432738691568375  1.0433350801467896
   9867    -1.1929584741592407  1.4140719175338745  -0.12399857491254807
   9868    -0.85843425989151  -0.19524241983890533  0.3692542314529419
   9869    -0.3425571024417877  -0.25049465894699097  0.992817223072052
   9870    -1.0215200185775757  0.24616804718971252  0.542354941368103
   9871    -1.0576485395431519  0.8689944744110107  0.8297861814498901
   9872    -0.25485286116600037  -0.2570125460624695  0.959976315498352
   9873    0.18005551397800446  1.0512981414794922  0.7385339140892029
   9874    -1.13386070728302  2.023524761199951  0.5337807536125183
   9875    -0.3146992027759552  2.250903606414795  -0.23333661258220673
   9876    0.8043963313102722  0.431689590215683  0.4875403344631195
   9877    -0.14367058873176575  0.97873455286026  -0.44342559576034546
   9878    -1.0622997283935547  -0.08782270550727844  0.5335338711738586
   9879    -0.30616235733032227  -0.27011746168136597  0.9805134534835815
   9880    0.3523966073989868  -0.09786402434110641  0.6311841607093811
   9881    -0.9534094929695129  0.14168347418308258  0.3228730857372284
   9882    -1.6994130611419678  1.4041520357131958  0.9380033612251282
   9883    -0.024185970425605774  0.17206786572933197  1.0424282550811768
   9884    -0.5386006236076355  0.6581048369407654  -0.4383107125759125
   9885    0.09209790080785751  1.0944488048553467  -0.3181343078613281
   9886    0.8504929542541504  0.5883665084838867  0.21301999688148499
   9887    -1.0182521343231201  -0.15741455554962158  0.3945513069629669
   9888    -1.0546139478683472  1.0966486930847168  -0.3053777515888214
   9889    -0.9893375039100647  2.191718816757202  0.09433697164058685
   9890    0.3133018910884857  0.4057597815990448  -0.3073822855949402
   9891    -0.9331764578819275  0.6166547536849976  -0.3396557867527008
   9892    0.5507479906082153  1.1366413831710815  0.6630862355232239
   9893    -1.2886717319488525  1.037448525428772  -0.2847445011138916
   9894    -1.265387773513794  1.0905519723892212  -0.28080615401268005
   9895    -1.7611613273620605  1.7109744548797607  0.41246524453163147
   9896    -0.2297658920288086  1.0072234869003296  0.8387848138809204
   9897    0.6269797086715698  0.1840408891439438  -0.23856359720230103
   9898    -0.7479188442230225  0.26841259002685547  0.7696862816810608
   9899    0.6488072872161865  0.6885446310043335  -0.32155609130859375
   9900    0.7258685231208801  0.03876844048500061  0.08217033743858337
   9901    0.1385861486196518  -0.25539281964302063  0.8628854155540466
   9902    -0.6004971861839294  2.236525774002075  -0.22057399153709412
   9903    -1.0786594152450562  1.2698493003845215  0.6369403004646301
   9904    -1.000098466873169  1.2089389562606812  0.6887956857681274
   9905    -1.373771071434021  1.0993343591690063  0.263551265001297
   9906    -1.7001398801803589  0.9549360871315002  0.11041495203971863
   9907    -1.0167447328567505  0.6748620867729187  0.8479423522949219
   9908    -1.813251256942749  1.470235824584961  0.45156800746917725
   9909    -0.9503465890884399  2.2591540813446045  0.044606518000364304
   9910    -1.5157980918884277  1.0903830528259277  0.6283044815063477
   9911    -0.12878656387329102  1.0197511911392212  0.8468829989433289
   9912    -0.24571986496448517  1.2738535404205322  -0.3074474334716797
   9913    -0.4342917501926422  -0.15861254930496216  0.5763742923736572
   9914    -1.0690431594848633  -0.150529682636261  0.19926141202449799
   9915    -1.162621021270752  1.7561769485473633  0.6009569764137268
   9916    -1.1449847221374512  1.8601964712142944  0.4652419686317444
   9917    -0.6196256279945374  1.0985974073410034  0.773888349533081
   9918    0.43794986605644226  -0.2205425351858139  0.23880480229854584
   9919    0.36366936564445496  -0.09955006092786789  -0.396740585565567
   9920    0.350528746843338  1.1825101375579834  0.7048754096031189
   9921    -0.14909301698207855  -0.17549893260002136  -0.34112799167633057
   9922    -0.9671757817268372  1.14298415184021  0.6142153143882751
   9923    -0.03667464107275009  1.4018675088882446  -0.1394101232290268
   9924    0.5049758553504944  -0.26527199149131775  0.2230447679758072
   9925    -0.8792856335639954  1.3683878183364868  0.4624698758125305
   9926    0.06627959758043289  0.9494774341583252  0.9270693063735962
   9927    0.8720269203186035  0.2670588791370392  0.044517867267131805
   9928    -0.7166188955307007  -0.20440901815891266  -0.27530983090400696
   9929    -0.07547596842050552  0.8068459033966064  0.5178227424621582
   9930    0.5841780304908752  1.0207548141479492  -0.22872459888458252
   9931    -0.7737604379653931  2.2502591609954834  -0.03197672218084335
   9932    -1.0153210163116455  1.924750566482544  0.1372603327035904
   9933    0.7708972096443176  0.11410603672266006  0.5763911008834839
   9934    0.8770970106124878  -0.08820905536413193  0.05641019344329834
   9935    0.810124933719635  -0.06348171830177307  -0.03296402841806412
   9936    0.20760367810726166  -0.15343894064426422  0.8270935416221619
   9937    -1.31341552734375  0.828349769115448  0.7794684767723083
   9938    -0.6821126341819763  2.4954206943511963  -0.16352610290050507
   9939    0.3813124895095825  0.08589626848697662  0.10236318409442902
   9940    0.06282779574394226  1.4620171785354614  0.5845110416412354
   9941    -1.2306121587753296  -0.1588403582572937  0.6694048047065735
   9942    -1.601319432258606  1.2811442613601685  0.8945236802101135
   9943    0.04344996064901352  0.7775222659111023  -0.5985589027404785
   9944    0.1594652384519577  0.9270180463790894  -0.4227266013622284
   9945    -1.6993348598480225  1.7720997333526611  0.26061826944351196
   9946    0.5676021575927734  1.1042574644088745  0.09562952071428299
   9947    -1.7223914861679077  0.9233019351959229  0.1525087207555771
   9948    -1.6247305870056152  1.1806066036224365  0.07162633538246155
   9949    -1.004572868347168  1.105264663696289  0.7385931611061096
   9950    0.28815534710884094  1.0868946313858032  -0.3487100601196289
   9951    -1.225188970565796  0.3823774755001068  0.11168962717056274
   9952    0.02805434912443161  -0.2655195891857147  -0.3644144535064697
   9953    -1.1454861164093018  1.8952727317810059  0.019378269091248512
   9954    0.3815448582172394  -0.26187631487846375  -0.05921025946736336
   9955    -1.2687695026397705  1.6945111751556396  0.7115848660469055
   9956    -1.079545259475708  0.26325422525405884  -0.09500550478696823
   9957    0.4873947203159332  -0.048274580389261246  0.7380645871162415
   9958    -0.1276523768901825  0.6223284602165222  0.9903188347816467
   9959    -0.9805864691734314  1.6138917207717896  0.187924325466156
   9960    1.024911642074585  0.21456870436668396  -0.017230184748768806
   9961    -0.8389887809753418  -0.2809966504573822  0.5277745723724365
   9962    -1.2962015867233276  0.6590006947517395  0.3085213005542755
   9963    -0.6601475477218628  -0.17597851157188416  0.88483726978302
   9964    0.7829107046127319  0.40993252396583557  0.0314483679831028
   9965    -1.1241240501403809  0.20730602741241455  0.3262193202972412
   9966    -0.8959841132164001  -0.22706404328346252  -0.22882556915283203
   9967    0.19865165650844574  0.13931642472743988  -0.4477546215057373
   9968    -0.24143525958061218  0.9159247279167175  0.9937444925308228
   9969    0.4647693634033203  -0.034752316772937775  -0.2800178825855255
   9970    -1.334912657737732  1.5133730173110962  0.026020241901278496
   9971    0.7777049541473389  0.83302241563797  -0.04991523548960686
   9972    0.32982346415519714  1.0545626878738403  -0.07802432030439377
   9973    -0.19600002467632294  0.6386017203330994  1.1104029417037964
   9974    -0.9856956601142883  0.11709801107645035  0.2570112347602844
   9975    -0.7887117266654968  0.6263430714607239  -0.3518042266368866
   9976    0.4637971520423889  0.348513126373291  -0.42350950837135315
   9977    -0.6239618062973022  0.6399523019790649  -0.502082884311676
   9978    -0.5955075025558472  -0.06758827716112137  0.3446629047393799
   9979    -1.755943775177002  1.704121470451355  0.46650078892707825
   9980    -1.6202291250228882  1.259250521659851  0.5204223394393921
   9981    -0.9581795930862427  0.3073093891143799  0.6436060667037964
   9982    1.0867030620574951  0.10433237254619598  0.3039206564426422
   9983    0.09662669152021408  0.9665188193321228  -0.3817943334579468
   9984    -1.0698025226593018  -0.27710914611816406  0.3074149787425995
   9985    -0.5974056124687195  0.5961523056030273  -0.5513972043991089
   9986    -0.5137531161308289  0.1614251434803009  -0.45848506689071655
   9987    0.6772125959396362  -0.21304696798324585  0.1628016233444214
   9988    0.050949495285749435  1.2869054079055786  0.7536323070526123
   9989    -0.991832971572876  -0.05659998580813408  0.5133345127105713
   9990    0.5617580413818359  -0.17133203148841858  0.5317429304122925
   9991    0.02190146967768669  0.8494096994400024  -0.580640435218811
   9992    0.193417489528656  1.0225311517715454  -0.3963121771812439
   9993    0.251889705657959  0.25384899973869324  0.9623956084251404
   9994    -1.37675940990448  2.0618181228637695  -0.897817075252533
   9995    1.0658297538757324  0.3560234308242798  0.2993003726005554
   9996    -0.6307104229927063  0.9354642033576965  -0.3839053809642792
   9997    0.453170508146286  0.7281033396720886  -0.4122923016548157
   9998    -1.6671223640441895  1.8820843696594238  0.18191182613372803
   9999    -0.8809992671012878  -0.2592311501502991  -0.38326841592788696
   10000    -0.2359117865562439  0.24484656751155853  1.0198554992675781
   10001    -0.5102974772453308  0.8964375257492065  0.49308109283447266
   10002    0.6756895184516907  0.08352150768041611  0.4443414807319641
   10003    -0.2073284536600113  0.9474183917045593  -0.445729523897171
   10004    -0.03656970337033272  0.36984115839004517  -0.5166147351264954
   10005    -0.9005626440048218  -0.2588357627391815  0.02458350546658039
   10006    -0.19744083285331726  -0.1690351366996765  0.5813732147216797
   10007    0.8069660067558289  -0.12702099978923798  0.1899319887161255
   10008    0.9185168743133545  0.18830691277980804  0.5790466666221619
   10009    -0.36998045444488525  -0.16444234549999237  0.6752977967262268
   10010    -0.6315932869911194  -0.20954830944538116  0.191033273935318
   10011    0.21890828013420105  1.3356657028198242  0.6780416965484619
   10012    0.10143408179283142  1.5018489360809326  0.5373983383178711
   10013    -1.0607020854949951  1.5282196998596191  -0.0660121738910675
   10014    -0.2859373986721039  0.46975237131118774  -0.5959758162498474
   10015    -0.7039751410484314  0.7246580123901367  -0.3843532204627991
   10016    -0.8795722126960754  -0.2351151555776596  0.6386867165565491
   10017    -0.4854814410209656  -0.0005939752445556223  -0.4813202917575836
   10018    -0.037134431302547455  0.9799174070358276  -0.4380313754081726
   10019    -1.5110864639282227  1.1391757726669312  0.6516240835189819
   10020    -0.8809206485748291  0.8123417496681213  -0.3871225416660309
   10021    -1.0825952291488647  0.49715903401374817  -0.1686914563179016
   10022    0.0840659886598587  0.11759411543607712  1.0101358890533447
   10023    -0.9438015222549438  0.32530343532562256  0.2917706370353699
   10024    -0.7591102123260498  0.019693052396178246  -0.11889927089214325
   10025    -1.7331175804138184  0.8072410225868225  0.3857082724571228
   10026    -0.2464248389005661  0.906919002532959  -0.21427179872989655
   10027    0.6150747537612915  -0.2363957315683365  0.324496328830719
   10028    -1.188947319984436  2.0585405826568604  0.08462194353342056
   10029    0.9122734665870667  0.43184882402420044  0.35451164841651917
   10030    -0.630929172039032  -0.28198468685150146  -0.45463827252388
   10031    -1.0364258289337158  1.5580843687057495  -0.04205579310655594
   10032    -1.12581467628479  1.3031865358352661  0.6741145253181458
   10033    -0.7243198156356812  0.2539798319339752  -0.19961942732334137
   10034    -0.7608730792999268  -0.16143828630447388  0.8101601004600525
   10035    0.702139675617218  0.06900542229413986  -0.08856799453496933
   10036    0.16503462195396423  0.962128758430481  -0.37143969535827637
   10037    0.383169949054718  0.9629376530647278  0.8515825867652893
   10038    -0.8316240310668945  2.2016518115997314  0.019351821392774582
   10039    0.8771674633026123  -0.13499753177165985  0.30645185708999634
   10040    -0.2837810814380646  0.33644962310791016  -0.6955890655517578
   10041    -0.8367810249328613  0.7640197277069092  -0.3847687840461731
   10042    0.02350892312824726  1.525710105895996  0.033946260809898376
   10043    -1.4209880828857422  1.9913966655731201  -0.5907695889472961
   10044    0.2966149151325226  1.0466153621673584  -0.3785187602043152
   10045    -1.3507623672485352  1.7676563262939453  0.7780790328979492
   10046    -0.05511338636279106  0.4812852144241333  -0.6649308204650879
   10047    0.19837146997451782  -0.2741686999797821  -0.2787758409976959
   10048    -0.9636996984481812  0.3000379502773285  0.4766470789909363
   10049    0.3091946244239807  1.4897998571395874  0.46850821375846863
   10050    0.14242741465568542  1.3552663326263428  -0.22663772106170654
   10051    -0.5977633595466614  1.356151819229126  -0.14110542833805084
   10052    -1.3036141395568848  2.053323984146118  0.20674340426921844
   10053    -0.10112624615430832  -0.0052032265812158585  0.9538850784301758
   10054    0.20685289800167084  0.19064076244831085  0.9983585476875305
   10055    -0.8542934060096741  0.06018117442727089  0.582073450088501
   10056    0.43069297075271606  -0.0006197807961143553  -0.395754337310791
   10057    -0.5619919300079346  0.9311336874961853  0.8341050744056702
   10058    0.37695857882499695  0.9562692046165466  -0.16701678931713104
   10059    -1.3367562294006348  -0.27070334553718567  0.10351628810167313
   10060    -0.7459832429885864  0.18079082667827606  -0.14242590963840485
   10061    -1.474300503730774  1.7215360403060913  0.04681463539600372
   10062    -0.15635518729686737  0.7777075171470642  -0.6690388321876526
   10063    0.16660335659980774  0.7709083557128906  -0.5826582312583923
   10064    -1.3558326959609985  2.0170295238494873  -0.5804249048233032
   10065    -0.16003349423408508  0.6803335547447205  -0.710473895072937
   10066    -0.13838133215904236  0.4333913028240204  -0.3526574373245239
   10067    -1.3864134550094604  2.060593366622925  0.03844953700900078
   10068    -0.29094013571739197  2.285221576690674  -0.29435837268829346
   10069    0.8016623854637146  0.9425812363624573  0.009412464685738087
   10070    0.6536402106285095  0.041760653257369995  0.5820151567459106
   10071    -0.354586124420166  2.3234188556671143  -0.3130097985267639
   10072    0.4889611005783081  1.3292382955551147  -0.002287310315296054
   10073    -1.624101161956787  0.6382072567939758  0.22292639315128326
   10074    0.1376701146364212  0.8799831867218018  -0.33294740319252014
   10075    -1.728013277053833  0.7505147457122803  0.13564005494117737
   10076    -1.3688910007476807  2.3016836643218994  -0.8447006940841675
   10077    -0.9478972554206848  -0.16602236032485962  0.8203938603401184
   10078    -1.0719712972640991  0.17443150281906128  0.20736154913902283
   10079    0.32079827785491943  1.0805907249450684  0.8125298023223877
   10080    -0.9546531438827515  0.08177225291728973  0.31295090913772583
   10081    -0.030268415808677673  1.4561671018600464  0.5911778807640076
   10082    -0.4320998191833496  -0.030008185654878616  0.8878944516181946
   10083    -0.10936682671308517  0.46053412556648254  1.124713659286499
   10084    -0.4379656910896301  0.8436927795410156  0.9429171085357666
   10085    0.8958278298377991  0.31447187066078186  0.054341837763786316
   10086    -1.313747525215149  0.679465651512146  0.6288491487503052
   10087    -1.468327283859253  2.0654468536376953  0.24816131591796875
   10088    -0.55681312084198  0.40630072355270386  -0.4874929189682007
   10089    0.6578842997550964  0.00281922472640872  0.022669121623039246
   10090    -1.061792254447937  -0.13008922338485718  -0.11589254438877106
   10091    0.796897828578949  0.2399129718542099  0.12108360975980759
   10092    -0.7988724708557129  -0.19646169245243073  -0.4673950970172882
   10093    -0.7515542507171631  -0.2918599843978882  -0.5546297430992126
   10094    -0.7592191696166992  0.4362024962902069  -0.2997252643108368
   10095    0.15967373549938202  -0.2751878499984741  -0.31277817487716675
   10096    0.5747578144073486  0.3536755442619324  -0.33865252137184143
   10097    -1.1688897609710693  -0.21474353969097137  0.45742902159690857
   10098    -0.806414783000946  0.8076377511024475  -0.4309336543083191
   10099    -1.4541652202606201  0.8907158374786377  0.7126083970069885
   10100    -0.9791085124015808  0.03908945247530937  0.6135605573654175
   10101    -0.9969965219497681  -0.061380013823509216  0.5680999755859375
   10102    -0.611173689365387  -0.20581986010074615  -0.373580664396286
   10103    -0.7025228142738342  -0.1062735989689827  -0.2920399308204651
   10104    -0.5753243565559387  -0.14736345410346985  0.14126403629779816
   10105    -0.9520418047904968  2.077343463897705  0.1439157873392105
   10106    -0.28387176990509033  0.045164503157138824  -0.5590775609016418
   10107    -0.5027620196342468  0.09873539954423904  -0.3067241311073303
   10108    0.3202739655971527  -0.1976160705089569  -0.3041292726993561
   10109    -1.448754906654358  2.0577375888824463  -0.41106241941452026
   10110    -0.9461264610290527  0.5754671096801758  0.8312453627586365
   10111    -0.5425266027450562  -0.18023185431957245  0.355842262506485
   10112    0.0026615469250828028  0.3332783579826355  1.0636910200119019
   10113    -0.5347030162811279  0.2015039026737213  -0.47610852122306824
   10114    -1.139065146446228  0.8002367615699768  -0.3729690611362457
   10115    -1.3581650257110596  1.9043523073196411  0.7673298716545105
   10116    -0.26248419284820557  -0.14760318398475647  -0.2955535054206848
   10117    -0.8065308332443237  -0.09738659113645554  -0.2512369155883789
   10118    -0.19642646610736847  0.08986087888479233  0.9837527871131897
   10119    -0.043063096702098846  1.2524299621582031  0.7859638333320618
   10120    -1.506468415260315  1.3638832569122314  0.031953081488609314
   10121    -1.4121114015579224  1.4450340270996094  -0.045433174818754196
   10122    0.9715571403503418  0.34671539068222046  0.4391554594039917
   10123    -1.2319592237472534  1.9359207153320312  0.6946353316307068
   10124    -0.2894252836704254  -0.034283123910427094  0.9310347437858582
   10125    0.4830402135848999  0.45076999068260193  0.8581340909004211
   10126    -1.000204086303711  0.33608168363571167  -0.20862501859664917
   10127    -1.3180294036865234  0.8030274510383606  -0.2850804328918457
   10128    -0.8384416699409485  2.0570218563079834  -0.06885527819395065
   10129    -1.3623963594436646  -0.22763888537883759  0.01804756186902523
   10130    -0.608756422996521  -0.27650558948516846  0.8400726318359375
   10131    -1.3653740882873535  2.072963237762451  -0.10928190499544144
   10132    -1.5879100561141968  1.6383754014968872  0.30559417605400085
   10133    -1.1408183574676514  1.0841633081436157  0.6175382137298584
   10134    -0.7460829615592957  -0.1777126044034958  -0.12070503830909729
   10135    1.0492454767227173  0.09738092124462128  0.4707597494125366
   10136    -0.6955902576446533  1.4449578523635864  0.3778098523616791
   10137    -0.8878921270370483  2.1211535930633545  -0.10700184106826782
   10138    -0.6737160682678223  -0.20486336946487427  0.6185297966003418
   10139    0.27301451563835144  0.2240731120109558  -0.5306881070137024
   10140    -0.7170687317848206  -0.24270890653133392  0.25271880626678467
   10141    -0.9617940187454224  -0.29351910948753357  -0.20787452161312103
   10142    -1.1748573780059814  0.7577775120735168  0.8332987427711487
   10143    -0.7477603554725647  0.027582652866840363  0.09776119142770767
   10144    0.840532124042511  0.46439462900161743  0.09287796914577484
   10145    -0.5249078869819641  0.274472177028656  -0.508118212223053
   10146    -1.2856156826019287  2.206505060195923  -0.5526612997055054
   10147    -0.13340196013450623  -0.2740778923034668  -0.4502207040786743
   10148    -1.1826659440994263  0.6824224591255188  -0.3534684181213379
   10149    -1.3885551691055298  -0.23474720120429993  0.055516839027404785
   10150    0.3310146629810333  1.4407238960266113  0.5278604626655579
   10151    -1.601500153541565  1.2588003873825073  0.8529048562049866
   10152    0.47935792803764343  0.02300841175019741  -0.39659637212753296
   10153    0.8959779739379883  0.413725882768631  0.11130976676940918
   10154    -1.1881824731826782  0.8311114311218262  -0.3285592198371887
   10155    -1.089361548423767  0.6865100860595703  0.8633090853691101
   10156    -1.0572032928466797  -0.08672156929969788  0.1419239491224289
   10157    -1.0458343029022217  2.1495981216430664  0.13184165954589844
   10158    -0.6445276141166687  -0.03473002463579178  -0.19190667569637299
   10159    -0.12536506354808807  1.0209262371063232  0.6300063133239746
   10160    0.7602561712265015  0.4441450536251068  0.5884778499603271
   10161    0.13984020054340363  1.0728052854537964  0.8214861750602722
   10162    -0.12476259469985962  -0.15112824738025665  -0.2750648558139801
   10163    -1.3021160364151  0.5177882313728333  -0.07370845228433609
   10164    -1.71321702003479  1.7100841999053955  0.8067566752433777
   10165    -0.9877322316169739  1.9762403964996338  0.11332520842552185
   10166    -1.1451280117034912  0.9311671257019043  -0.23097063601016998
   10167    0.8152492642402649  -0.018961269408464432  0.608046293258667
   10168    0.8259531259536743  0.754340648651123  0.4489108920097351
   10169    0.48256680369377136  -0.19082489609718323  0.2978876233100891
   10170    0.3262573182582855  -0.11736486852169037  0.833971381187439
   10171    -0.04206274077296257  0.029272839426994324  -0.5668279528617859
   10172    0.3241567611694336  1.051615595817566  0.5267602801322937
   10173    0.15126311779022217  -0.1891893446445465  0.8390060067176819
   10174    -1.0839300155639648  -0.1648668646812439  0.286954790353775
   10175    0.4670870900154114  0.6522300243377686  0.7515506744384766
   10176    0.34797900915145874  -0.15596210956573486  0.4205913245677948
   10177    0.4112747013568878  0.6376230716705322  -0.4840325713157654
   10178    -0.627678632736206  0.621553897857666  -0.30681613087654114
   10179    -0.8551728129386902  0.564516544342041  -0.33449527621269226
   10180    -0.9099487066268921  0.5086148977279663  -0.27132296562194824
   10181    0.5795802474021912  -0.18249920010566711  0.4421127736568451
   10182    -0.7445912957191467  0.7487574219703674  -0.40383556485176086
   10183    0.5132482051849365  0.5848444700241089  0.8534574508666992
   10184    0.4283774197101593  1.2503491640090942  0.6332306861877441
   10185    -1.3728816509246826  0.3073696494102478  0.21816261112689972
   10186    -0.4170808494091034  0.35050898790359497  0.8703111410140991
   10187    0.18844304978847504  -0.08864592760801315  -0.4348185360431671
   10188    0.12448126077651978  0.631060004234314  -0.5939421057701111
   10189    1.123671054840088  0.3603067994117737  0.12008622288703918
   10190    -1.3915011882781982  1.1954149007797241  0.4123896658420563
   10191    -1.2391051054000854  1.1500074863433838  -0.2556590735912323
   10192    0.16419421136379242  0.9226556420326233  0.7531141042709351
   10193    -0.925430178642273  1.5597128868103027  0.2769787311553955
   10194    -0.7956826090812683  1.4195997714996338  0.4972997307777405
   10195    0.5262762308120728  1.3460077047348022  0.2635766267776489
   10196    -0.452201783657074  0.4878137409687042  0.8590859174728394
   10197    -0.5067805051803589  -0.17025110125541687  -0.19699311256408691
   10198    -1.142716884613037  1.1837067604064941  0.619316816329956
   10199    -0.683239221572876  0.7071213722229004  0.8038745522499084
   10200    0.131892129778862  1.2313610315322876  0.7590177059173584
   10201    -1.7113559246063232  1.7903728485107422  0.47099411487579346
   10202    -1.439569115638733  1.9502071142196655  -0.18696771562099457
   10203    -0.8871670365333557  -0.18714091181755066  -0.24888505041599274
   10204    0.007136770989745855  0.9249952435493469  0.9996257424354553
   10205    -0.5902281403541565  0.023695414885878563  -0.260145902633667
   10206    0.2735081613063812  -0.025327371433377266  0.4337719678878784
   10207    -0.25962233543395996  1.056597113609314  0.8269479274749756
   10208    0.8578954339027405  0.13840292394161224  0.1320265233516693
   10209    -0.6164058446884155  1.0577147006988525  -0.0652468204498291
   10210    0.6588488817214966  0.7668402791023254  0.4799223244190216
   10211    -1.0625368356704712  1.197326421737671  0.6829360127449036
   10212    -0.29328903555870056  0.31521734595298767  1.0138715505599976
   10213    -1.2613656520843506  -0.13809986412525177  0.14666247367858887
   10214    -1.626024842262268  0.7766379714012146  0.5156028270721436
   10215    -0.764640748500824  0.9787636399269104  -0.368897944688797
   10216    -0.6341963410377502  0.7321608662605286  0.7985612750053406
   10217    -0.6208407282829285  0.49102655053138733  -0.4907569885253906
   10218    -0.9218432903289795  0.20576073229312897  0.22116677463054657
   10219    -0.555450975894928  -0.10403832048177719  -0.4071215093135834
   10220    -1.1346218585968018  1.9539902210235596  0.011111494153738022
   10221    -1.680661916732788  0.9151005148887634  0.2516048550605774
   10222    0.05393673852086067  0.9284309148788452  -0.45237940549850464
   10223    -1.5278542041778564  2.064542531967163  0.2851926386356354
   10224    0.2185935527086258  -0.25654205679893494  -0.16642212867736816
   10225    -0.8843232989311218  0.42184796929359436  0.5112988352775574
   10226    -0.9296410083770752  1.3920481204986572  -0.17175036668777466
   10227    -0.18118979036808014  -0.1570030152797699  0.7940207123756409
   10228    0.2831425964832306  0.02319410815834999  -0.48945218324661255
   10229    -1.5406869649887085  1.7992247343063354  0.38000136613845825
   10230    -1.76881742477417  1.7513341903686523  0.3466520309448242
   10231    -0.7861919403076172  2.088789224624634  -0.11481933295726776
   10232    1.05001699924469  0.26549604535102844  0.3152426779270172
   10233    -1.5288790464401245  1.4843146800994873  1.0178006887435913
   10234    -0.6974235773086548  -0.26697859168052673  0.500368058681488
   10235    -1.0223166942596436  0.2766830325126648  0.08598963916301727
   10236    -0.8673067092895508  0.10212577134370804  0.31499364972114563
   10237    -0.9642327427864075  0.4373241364955902  0.7477200627326965
   10238    -1.5644433498382568  1.8955512046813965  0.00020234774274285883
   10239    -0.9379074573516846  0.5681859850883484  0.7517095804214478
   10240    -0.2655542194843292  0.4427560865879059  1.0257617235183716
   10241    -0.7046470046043396  0.895840585231781  0.8119374513626099
   10242    -0.2027433067560196  0.08348975330591202  -0.37717941403388977
   10243    -0.34612545371055603  0.9559669494628906  -0.34896695613861084
   10244    0.987474262714386  0.3305155634880066  0.10340066999197006
   10245    -0.12886227667331696  0.9409293532371521  -0.3727257549762726
   10246    -0.46134936809539795  0.05584929138422012  -0.2514609396457672
   10247    -0.5853601694107056  0.4266449511051178  -0.5275964736938477
   10248    0.6328040957450867  -0.13666045665740967  0.3295323848724365
   10249    0.3629576563835144  0.2198074907064438  0.9281520247459412
   10250    0.15886953473091125  0.12742473185062408  1.006492018699646
   10251    -1.0189793109893799  0.3554525673389435  0.18440791964530945
   10252    0.1888362318277359  1.0876115560531616  0.8132452964782715
   10253    0.6249010562896729  0.053096793591976166  0.6394864916801453
   10254    -0.09526370465755463  0.3628160357475281  1.0640039443969727
   10255    -0.9868456125259399  -0.12009917199611664  0.05806153640151024
   10256    -0.361164391040802  0.2452927976846695  -0.6851840019226074
   10257    -1.4502153396606445  2.246000289916992  -0.3314278721809387
   10258    -0.6772778630256653  1.1167818307876587  0.7146261930465698
   10259    -0.08158200234174728  0.19012926518917084  1.0175197124481201
   10260    -1.3044992685317993  -0.20393535494804382  -0.08445210009813309
   10261    -1.114617109298706  1.2588123083114624  0.5433498024940491
   10262    -0.4157906174659729  0.945669949054718  -0.4389905631542206
   10263    -0.3392472267150879  0.9238872528076172  0.8359861969947815
   10264    -1.5384721755981445  1.9025486707687378  -0.039141543209552765
   10265    0.36709412932395935  1.2225109338760376  -0.2354111224412918
   10266    -0.6340164542198181  0.230171337723732  -0.229762464761734
   10267    -1.5465186834335327  1.3569271564483643  0.6341026425361633
   10268    -1.60930335521698  0.5630318522453308  0.06142451986670494
   10269    -1.5200533866882324  0.4996044337749481  -0.010023613460361958
   10270    0.024879375472664833  0.0309805516153574  0.8693468570709229
   10271    -1.5691049098968506  0.49689003825187683  0.09303439408540726
   10272    0.6560269594192505  0.5900440216064453  -0.17574581503868103
   10273    0.18158526718616486  1.2977279424667358  -0.29143697023391724
   10274    -0.5533766150474548  0.5892457962036133  0.8252096772193909
   10275    0.5671859979629517  1.038143515586853  0.6775393486022949
   10276    -0.4550839960575104  0.8372591137886047  0.6859825849533081
   10277    0.23571017384529114  1.0590354204177856  -0.35945677757263184
   10278    -1.0358779430389404  1.3569728136062622  0.6245737075805664
   10279    0.16631755232810974  0.29605814814567566  -0.5756328701972961
   10280    0.4734094738960266  1.074423909187317  0.6792395114898682
   10281    -1.0056025981903076  0.2183690369129181  0.5961406826972961
   10282    -0.7404240369796753  0.8408501148223877  -0.40003839135169983
   10283    -1.349945306777954  1.3588223457336426  0.5189752578735352
   10284    -1.2877737283706665  1.286608338356018  0.615635335445404
   10285    -0.8356319665908813  2.2658982276916504  -0.1625927835702896
   10286    -0.7098655700683594  -0.20172366499900818  0.8338500261306763
   10287    0.47588902711868286  -0.13762474060058594  0.6807348132133484
   10288    -0.7507678866386414  -0.2197902798652649  0.5086520910263062
   10289    -1.4653427600860596  1.453762412071228  0.995803952217102
   10290    -1.0783404111862183  0.9078016877174377  -0.05226856842637062
   10291    -0.4580557644367218  -0.050164565443992615  0.9269177913665771
   10292    -0.13391731679439545  0.8113914728164673  -0.32540759444236755
   10293    -0.6335426568984985  0.15021942555904388  0.6612645387649536
   10294    -0.2800062894821167  0.563730001449585  -0.7095272541046143
   10295    -1.7340095043182373  1.6993004083633423  0.5263856053352356
   10296    -1.6459693908691406  1.2142019271850586  0.07683362811803818
   10297    0.5572359561920166  0.017757782712578773  0.260945200920105
   10298    -0.7594382166862488  -0.18060337007045746  -0.17704543471336365
   10299    0.08642062544822693  -0.11843767762184143  -0.44146937131881714
   10300    -0.9559195041656494  1.9619934558868408  0.0011547149624675512
   10301    -0.6592849493026733  0.3000168204307556  -0.253553181886673
   10302    0.028479546308517456  -0.23002558946609497  0.3627069294452667
   10303    -0.02626952901482582  -0.0012950882082805037  0.6193637847900391
   10304    -1.5806845426559448  1.230747938156128  0.08207239955663681
   10305    -0.4297177791595459  0.3379259407520294  -0.6097615361213684
   10306    0.4412787854671478  -0.08530077338218689  0.222128227353096
   10307    -1.0120840072631836  1.3502964973449707  0.5525386929512024
   10308    -1.3917949199676514  0.5150420665740967  -0.20952777564525604
   10309    -1.013327717781067  2.022219657897949  0.09939500689506531
   10310    -0.33666175603866577  0.582894504070282  1.0986607074737549
   10311    -1.2274127006530762  1.7071521282196045  -0.08137194812297821
   10312    0.5379979610443115  0.4173887372016907  -0.26417678594589233
   10313    0.557282030582428  -0.10319080948829651  -0.0441918708384037
   10314    1.0495924949645996  0.1949855238199234  0.35421526432037354
   10315    -1.1534420251846313  0.783949613571167  -0.1690557599067688
   10316    0.5265437364578247  0.689633309841156  -0.3499009609222412
   10317    -0.4073425531387329  0.5960383415222168  -0.2541862726211548
   10318    0.842639148235321  0.7082861065864563  -0.005523048806935549
   10319    0.3960016369819641  0.6560316681861877  0.9516645073890686
   10320    0.3053164482116699  -0.23796001076698303  0.8008546829223633
   10321    0.027688851580023766  -0.058340493589639664  0.7161175012588501
   10322    -0.6787740588188171  0.23215624690055847  -0.2106858491897583
   10323    -1.3828423023223877  0.9537559151649475  -0.275133341550827
   10324    -0.02112836204469204  -0.16319943964481354  0.6111990213394165
   10325    0.03736811876296997  0.11038785427808762  0.7339361906051636
   10326    0.6739078760147095  -0.15117305517196655  0.5111356973648071
   10327    -1.0112584829330444  0.2554886043071747  0.18336521089076996
   10328    -1.1304758787155151  -0.26169610023498535  0.87033611536026
   10329    0.2085568755865097  0.11611106246709824  1.0019950866699219
   10330    0.6495338082313538  0.811755895614624  0.5702265501022339
   10331    -0.9833040237426758  2.013666868209839  0.12236040830612183
   10332    0.7753949761390686  0.22221001982688904  0.47181257605552673
   10333    0.005517329555004835  0.0014100171392783523  0.9734566807746887
   10334    -1.3087397813796997  1.956875205039978  0.6823877692222595
   10335    -1.109779715538025  -0.10918664187192917  0.5605636239051819
   10336    -0.5881221294403076  1.271948218345642  -0.06072502210736275
   10337    -0.5695028305053711  -0.0788295716047287  -0.46091213822364807
   10338    -0.6031362414360046  0.5333228707313538  0.7421038150787354
   10339    -1.2310044765472412  0.9062453508377075  -0.32183119654655457
   10340    -0.591487467288971  0.6949615478515625  0.8143491744995117
   10341    -1.3457093238830566  1.506291151046753  -0.12161097675561905
   10342    -0.6203539967536926  0.5275558829307556  -0.24397233128547668
   10343    -0.9592177271842957  0.032455816864967346  0.297375351190567
   10344    -0.24800115823745728  -0.16088269650936127  0.7578974366188049
   10345    -0.938965916633606  1.1008785963058472  0.7554574012756348
   10346    0.017118658870458603  1.2589945793151855  0.6625475287437439
   10347    -1.3381247520446777  1.646057367324829  -0.07203231751918793
   10348    0.12042173743247986  0.9922482967376709  -0.32966873049736023
   10349    -0.3223769962787628  0.5377551913261414  -0.7369032502174377
   10350    -1.0933748483657837  1.6557437181472778  0.6042817831039429
   10351    -1.559313416481018  1.1186206340789795  0.5890732407569885
   10352    -1.5663596391677856  1.161431074142456  0.6082552075386047
   10353    -0.8442590832710266  0.33076950907707214  -0.19825848937034607
   10354    -1.2948604822158813  0.923128604888916  0.5423460006713867
   10355    -0.5015594959259033  0.4707930386066437  0.8090344071388245
   10356    -1.4107670783996582  2.0141406059265137  -0.151864156126976
   10357    -0.7720404863357544  0.646433413028717  -0.26322317123413086
   10358    0.821553111076355  0.01387393195182085  -0.09076976776123047
   10359    -0.9314937591552734  -0.18219168484210968  0.20831939578056335
   10360    -0.8055757284164429  1.3543872833251953  0.5372782945632935
   10361    -0.7373569011688232  -0.08289225399494171  0.755021870136261
   10362    0.4659428596496582  -0.05949689820408821  -0.21210157871246338
   10363    -0.7328599095344543  0.8254811763763428  0.8275980949401855
   10364    -1.23828125  0.9163312315940857  -0.10166031867265701
   10365    -0.23888541758060455  0.0010035213781520724  -0.5671987533569336
   10366    -0.6099043488502502  1.4363123178482056  0.009166811592876911
   10367    -0.9662576913833618  1.2812544107437134  0.6071232557296753
   10368    -0.7033717632293701  0.11029167473316193  -0.14966557919979095
   10369    -0.16741187870502472  0.2751381993293762  -0.6699599027633667
   10370    0.1267453283071518  -0.035714585334062576  -0.4995187222957611
   10371    -0.8508782386779785  -0.2034561038017273  0.47016093134880066
   10372    -1.1058465242385864  0.0004959063371643424  0.08589355647563934
   10373    -1.2379274368286133  1.5276734828948975  -0.09671912342309952
   10374    -0.9459073543548584  0.4786805808544159  -0.2867613434791565
   10375    -0.7666998505592346  0.7266338467597961  0.8133710026741028
   10376    -1.4035711288452148  2.019378662109375  -0.3589480221271515
   10377    -1.6059091091156006  1.1134847402572632  -0.015188459306955338
   10378    0.12489119917154312  0.7267176508903503  0.8598078489303589
   10379    0.09355930238962173  0.7749801874160767  -0.6226329803466797
   10380    -0.5679752826690674  0.3762601912021637  -0.17703822255134583
   10381    -0.4572691023349762  0.4758811295032501  -0.46972522139549255
   10382    0.2621815502643585  0.966924250125885  0.32503098249435425
   10383    -1.4333609342575073  2.0031511783599854  -0.6869258284568787
   10384    -1.0758302211761475  0.306423544883728  0.561435341835022
   10385    -0.02358449622988701  1.1362501382827759  0.5397055745124817
   10386    -0.7983565330505371  1.303615689277649  -0.2609710395336151
   10387    -1.2990425825119019  1.298421025276184  -0.15966026484966278
   10388    -0.6987782120704651  0.33356741070747375  -0.2550384998321533
   10389    0.9243391752243042  0.2095000445842743  0.29583749175071716
   10390    0.23242045938968658  0.9702525734901428  -0.1780518889427185
   10391    -1.5955175161361694  1.0313605070114136  -0.041782502084970474
   10392    0.6152340173721313  0.1923227459192276  -0.2862794101238251
   10393    -1.5676814317703247  1.4698944091796875  1.0008333921432495
   10394    1.0759037733078003  0.2981290817260742  0.49351897835731506
   10395    -0.6324132680892944  0.18016287684440613  -0.20200467109680176
   10396    0.15224692225456238  1.3821392059326172  -0.15570829808712006
   10397    -0.3556923568248749  0.5513074398040771  1.034518837928772
   10398    -1.2925336360931396  1.7816866636276245  0.5487866997718811
   10399    -1.033791184425354  2.2059543132781982  0.07348445057868958
   10400    0.055339328944683075  0.8855341672897339  -0.5179657936096191
   10401    -0.29028552770614624  0.49018046259880066  0.927209734916687
   10402    0.29359158873558044  0.8478648066520691  -0.4466305673122406
   10403    -1.0744035243988037  -0.17461183667182922  0.5921628475189209
   10404    -1.7965502738952637  1.5058804750442505  0.5615512132644653
   10405    -1.593705415725708  1.0055900812149048  0.22594095766544342
   10406    -0.5615381598472595  0.7146651148796082  0.8487783670425415
   10407    -0.8881044983863831  1.1430647373199463  -0.3319303095340729
   10408    -1.574395775794983  2.0372092723846436  0.3533119857311249
   10409    -1.5635545253753662  1.241286039352417  0.5981439352035522
   10410    -1.4336971044540405  0.955768346786499  0.19313135743141174
   10411    -1.4642410278320312  0.7598126530647278  -0.2488318532705307
   10412    0.829478919506073  0.28876084089279175  0.014227230101823807
   10413    -0.32564258575439453  0.5375269651412964  0.9696866869926453
   10414    -1.1731579303741455  0.8785527944564819  -0.351409912109375
   10415    -0.0332803800702095  0.2427801787853241  1.092193841934204
   10416    -1.037806510925293  1.9617773294448853  0.0876539871096611
   10417    0.3835080564022064  0.25376611948013306  0.898288905620575
   10418    -1.6225721836090088  0.8117226362228394  0.5736817121505737
   10419    0.8715435266494751  -0.08600098639726639  0.3527591824531555
   10420    0.4543548822402954  1.4344501495361328  0.39234691858291626
   10421    -0.340707391500473  0.6654098033905029  -0.7323910593986511
   10422    -0.61451256275177  1.1083732843399048  -0.2784119248390198
   10423    0.15077541768550873  -0.0899033322930336  -0.2807721495628357
   10424    0.1274896264076233  1.2478173971176147  -0.34067991375923157
   10425    0.9839003682136536  0.21824884414672852  -0.03681079298257828
   10426    -0.7006158232688904  0.6173840165138245  -0.38325175642967224
   10427    0.4213870167732239  -0.10840820521116257  0.6453967690467834
   10428    0.48130276799201965  0.10266216844320297  -0.38951894640922546
   10429    -1.4540570974349976  2.0174126625061035  -0.5644432306289673
   10430    -0.24080705642700195  -0.2549670338630676  0.8967475295066833
   10431    0.7199206948280334  0.8080415725708008  0.5907642841339111
   10432    -1.5772430896759033  1.2846031188964844  0.8120330572128296
   10433    0.42817479372024536  0.8046033978462219  -0.4082793891429901
   10434    -0.1893051713705063  0.6181233525276184  -0.2711201012134552
   10435    0.7946298718452454  0.11971838027238846  0.37467095255851746
   10436    -0.6792641878128052  0.25589612126350403  -0.13874176144599915
   10437    -1.3097443580627441  1.932471513748169  0.7411091327667236
   10438    -0.06311453133821487  1.5235940217971802  0.40196484327316284
   10439    0.5694248676300049  0.4766189455986023  0.8054056167602539
   10440    -0.6610622406005859  -0.28794363141059875  0.3132213056087494
   10441    -0.7447971105575562  0.6559728980064392  -0.37761884927749634
   10442    -1.031083106994629  0.5225679874420166  0.002094927476719022
   10443    -1.1781373023986816  1.6272116899490356  0.700432538986206
   10444    -0.215336412191391  0.9162167906761169  -0.5178948640823364
   10445    -1.689682126045227  0.7089934945106506  0.20898222923278809
   10446    -1.1801576614379883  0.7619941234588623  0.8677846193313599
   10447    -0.6014946103096008  0.7357059121131897  -0.17741413414478302
   10448    0.2830721437931061  0.21780367195606232  0.31657782196998596
   10449    0.8688368201255798  0.4679013788700104  0.3794253468513489
   10450    -0.3338122069835663  0.28422442078590393  0.9740397334098816
   10451    -0.14407703280448914  0.7779059410095215  -0.41940099000930786
   10452    -0.7257093191146851  0.5745047330856323  -0.3524528741836548
   10453    -1.4778773784637451  2.0242905616760254  -0.284996896982193
   10454    -0.5376062989234924  2.1535043716430664  -0.10509460419416428
   10455    -1.2378127574920654  1.213627576828003  0.591159462928772
   10456    -0.7268362641334534  -0.2151266187429428  0.20901696383953094
   10457    -1.3050260543823242  -0.23521457612514496  -0.032901063561439514
   10458    -0.2474004030227661  0.1937621533870697  0.925769031047821
   10459    0.319622665643692  0.06381980329751968  -0.48860758543014526
   10460    0.16616810858249664  1.033888816833496  -0.19347049295902252
   10461    0.15121109783649445  -0.15620966255664825  -0.17337189614772797
   10462    0.40995389223098755  -0.15657423436641693  0.461362361907959
   10463    -1.1786924600601196  0.23198716342449188  0.3654114902019501
   10464    -1.1813843250274658  -0.13197892904281616  0.7257823348045349
   10465    0.5170672535896301  -0.078831247985363  -0.08717834204435349
   10466    -1.7356654405593872  0.7549328804016113  0.2563921809196472
   10467    -0.7557241320610046  -0.16906605660915375  0.14578315615653992
   10468    0.10111833363771439  0.6521551609039307  -0.4028685688972473
   10469    -0.6166556477546692  1.0612889528274536  -0.32692772150039673
   10470    -1.6207399368286133  1.2498409748077393  0.7207102179527283
   10471    0.07220682501792908  0.5951574444770813  1.0698739290237427
   10472    -1.6062442064285278  1.2180222272872925  0.032505642622709274
   10473    -1.1761537790298462  0.22676442563533783  0.012655756436288357
   10474    -0.7310943603515625  0.1445799022912979  -0.17445284128189087
   10475    0.36503949761390686  -0.2122710645198822  -0.16375811398029327
   10476    1.0382544994354248  0.2574313282966614  0.013042372651398182
   10477    -1.472634196281433  2.058598756790161  -0.24219992756843567
   10478    -0.4321565628051758  0.8342292904853821  -0.5874307155609131
   10479    -1.7153234481811523  0.9970213770866394  0.20258547365665436
   10480    0.1213492751121521  -0.16626784205436707  0.3355790376663208
   10481    -0.5629260540008545  1.3731633424758911  -0.001760510727763176
   10482    -1.7234477996826172  1.7587165832519531  0.5300634503364563
   10483    -0.22951188683509827  -0.17693190276622772  0.869309663772583
   10484    -0.940655529499054  0.8131304979324341  0.8230029940605164
   10485    -0.1649257391691208  0.9034361839294434  -0.5529361367225647
   10486    -0.6528904438018799  0.6915023922920227  0.7223979234695435
   10487    0.022231733426451683  0.9567733407020569  -0.03909647837281227
   10488    -0.7722845673561096  0.5521280765533447  -0.31761667132377625
   10489    -1.149648666381836  1.7381104230880737  -0.02432151325047016
   10490    -0.6373521685600281  0.03357972577214241  0.7009329199790955
   10491    -1.598070502281189  0.5603533387184143  -0.024302233010530472
   10492    -1.8223868608474731  1.3538219928741455  0.404424250125885
   10493    -0.5756254196166992  -0.18848593533039093  0.18508481979370117
   10494    -1.6578614711761475  1.6504088640213013  0.545125424861908
   10495    -1.750510573387146  0.8542625904083252  0.22901110351085663
   10496    -1.0827491283416748  0.5944238901138306  0.8145416378974915
   10497    -1.0186303853988647  0.8379201292991638  -0.3708477020263672
   10498    -0.732429563999176  1.283322811126709  -0.13445869088172913
   10499    -1.4908581972122192  1.1296621561050415  0.4132656753063202
   10500    0.8118799328804016  0.17353393137454987  0.5641515851020813
   10501    -0.4373909533023834  0.7266901731491089  -0.6988595128059387
   10502    -1.3594151735305786  2.389674186706543  -1.006408929824829
   10503    0.8156042098999023  0.20636767148971558  0.5669811964035034
   10504    -0.7703317999839783  1.1988425254821777  -0.023533063009381294
   10505    0.4692879617214203  -0.06436225771903992  0.48274311423301697
   10506    0.4618590772151947  1.4093564748764038  0.45649510622024536
   10507    -1.2366684675216675  1.8492858409881592  0.6258475184440613
   10508    -1.6645705699920654  0.6201581954956055  0.26849478483200073
   10509    -1.4522022008895874  1.6352808475494385  0.9653428196907043
   10510    -0.7339097857475281  -0.11360625922679901  0.5197834372520447
   10511    -0.5703024864196777  0.27393585443496704  -0.2098059207201004
   10512    0.10871117562055588  0.8585672974586487  -0.5550112128257751
   10513    -1.3115252256393433  2.4276301860809326  -1.0047837495803833
   10514    -0.011418037116527557  -0.27854883670806885  -0.43522825837135315
   10515    0.46022653579711914  -0.0019901436753571033  -0.08105188608169556
   10516    0.11049866676330566  0.8459710478782654  0.5773413181304932
   10517    -1.1502981185913086  0.3952886462211609  0.692319929599762
   10518    0.8527001738548279  0.6793469190597534  0.2293180674314499
   10519    -0.8361380696296692  -0.17235024273395538  -0.31277212500572205
   10520    -0.6498201489448547  -0.174438938498497  0.021319756284356117
   10521    0.4989674687385559  1.2587523460388184  0.6542308926582336
   10522    0.003469779621809721  0.6874955296516418  1.091988205909729
   10523    -1.392856478691101  1.972514033317566  0.02500000223517418
   10524    0.4269087016582489  1.207739233970642  -0.03062700480222702
   10525    -1.3958556652069092  1.0696543455123901  0.018607772886753082
   10526    -1.232008457183838  1.462769865989685  0.49802035093307495
   10527    -0.4881293475627899  -0.25496023893356323  1.0332403182983398
   10528    -0.34895068407058716  -0.10817249119281769  -0.39864403009414673
   10529    0.858783483505249  0.40625476837158203  0.3607200086116791
   10530    0.4408906400203705  -0.2502100467681885  0.18847469985485077
   10531    0.13323625922203064  -0.25780826807022095  0.4526433050632477
   10532    -0.25983497500419617  0.3491666913032532  1.03303861618042
   10533    -1.0109527111053467  1.9478979110717773  0.10883992165327072
   10534    -1.1614208221435547  0.9362576603889465  0.8238838911056519
   10535    -1.302374005317688  1.9935386180877686  -0.3547919690608978
   10536    -1.1024316549301147  0.7861021161079407  0.7627480030059814
   10537    -1.3019078969955444  1.9147250652313232  0.6176965236663818
   10538    0.03813067823648453  0.9559212923049927  0.8879233002662659
   10539    -1.784639596939087  1.8868021965026855  0.36224034428596497
   10540    -1.1341639757156372  0.2151225507259369  -0.0116096381098032
   10541    -0.9301398396492004  1.0259015560150146  0.3465525209903717
   10542    -1.015204906463623  0.42152372002601624  0.7128010392189026
   10543    -0.8413745760917664  1.5149612426757812  0.2710058093070984
   10544    -0.0767376720905304  -0.08906710892915726  0.6013777256011963
   10545    0.6321485042572021  0.3373453915119171  0.4451400339603424
   10546    0.7699440121650696  0.371664434671402  0.363313227891922
   10547    0.2508954405784607  -0.03202297165989876  0.8497612476348877
   10548    -1.0355331897735596  0.4529300034046173  0.7551326155662537
   10549    0.27093377709388733  1.039601445198059  -0.29502636194229126
   10550    0.1309986114501953  -0.1639014184474945  -0.10022405534982681
   10551    -0.9674504399299622  -0.018905572593212128  0.3161884844303131
   10552    0.9453713297843933  0.07603280991315842  0.5653401613235474
   10553    0.3197433352470398  -0.13537918031215668  -0.19022706151008606
   10554    0.507779061794281  0.3327566683292389  0.8243528604507446
   10555    0.4202219843864441  0.023776184767484665  -0.4358547627925873
   10556    0.10380607098340988  0.9115166068077087  -0.14919523894786835
   10557    -0.08608430624008179  0.22890375554561615  1.0733712911605835
   10558    -1.627227544784546  1.4795554876327515  -0.035350967198610306
   10559    -1.265232801437378  0.4488511383533478  -0.13836775720119476
   10560    -0.9846063852310181  1.958884835243225  0.05491485819220543
   10561    0.02269308641552925  1.1254651546478271  0.8057588338851929
   10562    -1.3584309816360474  2.130176305770874  -1.0017085075378418
   10563    -0.5358331799507141  1.2685905694961548  0.4912087321281433
   10564    0.7891672849655151  0.23924465477466583  0.5310832858085632
   10565    0.12219676375389099  1.428737998008728  -0.11405725032091141
   10566    0.14428822696208954  0.9381488561630249  -0.32073795795440674
   10567    -0.6514394879341125  1.152948260307312  -0.3390285074710846
   10568    -1.0506219863891602  1.9494578838348389  0.12798553705215454
   10569    -1.1035183668136597  1.9809731245040894  0.1641828417778015
   10570    -0.24193720519542694  1.1244367361068726  0.8061261773109436
   10571    0.22354498505592346  0.888736367225647  -0.27474716305732727
   10572    -0.19064314663410187  0.3968810439109802  -0.6720415353775024
   10573    0.6727067828178406  1.1830084323883057  0.2967963218688965
   10574    0.18063528835773468  -0.2555249035358429  -0.08281243592500687
   10575    0.32053548097610474  0.06357816606760025  -0.07991018146276474
   10576    0.949492871761322  -0.01924959011375904  0.03568169102072716
   10577    -0.5958366394042969  0.7475636601448059  0.8274884223937988
   10578    -0.8914888501167297  1.2486668825149536  -0.26970183849334717
   10579    0.319743275642395  1.512790560722351  0.4324707090854645
   10580    -0.4706955552101135  0.8869953155517578  0.8524239659309387
   10581    -1.337630033493042  2.0552992820739746  0.04412553831934929
   10582    -0.7801923751831055  0.06538938730955124  -0.010687723755836487
   10583    -1.29543936252594  1.6285364627838135  0.7754256129264832
   10584    0.28930866718292236  1.4955583810806274  0.13467442989349365
   10585    -0.9279670119285583  -0.2955936789512634  -0.25507912039756775
   10586    -0.7234196662902832  0.677710771560669  0.7466583251953125
   10587    -0.9529023170471191  0.6349838972091675  -0.22245486080646515
   10588    -0.554419219493866  0.8314999938011169  -0.49912557005882263
   10589    -0.6599887609481812  0.5690599679946899  -0.3785910904407501
   10590    -1.3270820379257202  1.3773164749145508  0.9193302989006042
   10591    -0.7791092395782471  1.4197379350662231  0.3047190010547638
   10592    -1.0783898830413818  1.4988243579864502  0.3142072856426239
   10593    -0.9963934421539307  -0.005909782834351063  0.2374766767024994
   10594    -1.294166922569275  2.4423460960388184  -1.1002460718154907
   10595    -0.12872320413589478  1.2212557792663574  -0.1663510650396347
   10596    0.06958005577325821  1.5550892353057861  0.1200447678565979
   10597    -0.7415651082992554  1.4622316360473633  -0.037981629371643066
   10598    -0.1307174265384674  1.3057074546813965  -0.2295146882534027
   10599    -0.5197458863258362  1.1048656702041626  -0.1510937362909317
   10600    -1.2517986297607422  0.5581393241882324  0.7946737408638
   10601    -1.30829918384552  0.5640031099319458  0.7496544122695923
   10602    -0.9275297522544861  0.1519256979227066  -0.15394669771194458
   10603    -1.3067783117294312  1.420051097869873  0.876954197883606
   10604    -0.19428764283657074  1.2383267879486084  -0.27979403734207153
   10605    -1.2922356128692627  -0.28113120794296265  0.5806825160980225
   10606    -0.557793378829956  1.0732343196868896  0.7672485709190369
   10607    0.06525459885597229  1.0800682306289673  0.6679385304450989
   10608    -1.7573915719985962  1.6040208339691162  0.7046697735786438
   10609    0.018080919981002808  1.1832009553909302  -0.3652550280094147
   10610    -0.9785993099212646  1.0516620874404907  0.6702347993850708
   10611    -1.0777225494384766  0.2647762894630432  0.538037121295929
   10612    -0.7272119522094727  0.6833404302597046  0.6202630996704102
   10613    -0.9312620162963867  -0.20992223918437958  -0.21162600815296173
   10614    0.15522295236587524  -0.26631757616996765  -0.03975338116288185
   10615    -1.115562081336975  2.0522499084472656  0.2987641394138336
   10616    -0.8950968384742737  -0.13303588330745697  0.11707095801830292
   10617    -1.5054529905319214  1.5510057210922241  1.0001531839370728
   10618    -0.6518945097923279  0.9893592000007629  0.8015344738960266
   10619    0.24008898437023163  0.1683822125196457  -0.3074711859226227
   10620    -1.2741036415100098  1.3553990125656128  -0.1307419389486313
   10621    -1.7184194326400757  1.6198639869689941  0.07361573725938797
   10622    0.6310003995895386  0.2543661892414093  0.7483517527580261
   10623    -1.4770764112472534  1.158963680267334  -0.10763584077358246
   10624    -1.1863890886306763  0.9140514731407166  -0.3262034058570862
   10625    -1.0946780443191528  -0.15436959266662598  0.05516578257083893
   10626    -1.275917887687683  0.25670015811920166  0.0975743904709816
   10627    -0.41242510080337524  0.9618721008300781  0.0014960082480683923
   10628    -0.31923848390579224  0.11819091439247131  -0.21920964121818542
   10629    0.22363191843032837  1.5250376462936401  0.3422696590423584
   10630    -0.5644907355308533  -0.16437071561813354  0.951833963394165
   10631    -1.6943413019180298  1.2995589971542358  0.2210312783718109
   10632    -1.0018322467803955  1.0540711879730225  0.7733364701271057
   10633    -0.6243099570274353  -0.23151148855686188  0.43974438309669495
   10634    -1.7097407579421997  1.2791686058044434  0.8172318935394287
   10635    1.1321128606796265  0.14426319301128387  0.3387773633003235
   10636    -1.1945658922195435  1.5426042079925537  0.6621113419532776
   10637    -0.6313692927360535  -0.119574174284935  0.20816372334957123
   10638    0.17359784245491028  1.0443974733352661  0.8080779314041138
   10639    0.2250455766916275  0.3858208954334259  1.0216201543807983
   10640    0.7865885496139526  0.17353901267051697  0.5079402327537537
   10641    -1.0309350490570068  1.3016599416732788  0.5910762548446655
   10642    0.2573080360889435  -0.029040014371275902  -0.46149078011512756
   10643    -0.8713473081588745  1.4993664026260376  0.36598071455955505
   10644    -0.49384841322898865  -0.20639245212078094  1.0401114225387573
   10645    -0.6052600145339966  0.5570223331451416  -0.5877969861030579
   10646    -0.9074769020080566  1.3403289318084717  0.5285961627960205
   10647    -1.1377800703048706  0.8712466955184937  -0.28147798776626587
   10648    -1.415844202041626  1.3871395587921143  0.23767967522144318
   10649    -1.1087855100631714  0.3214181661605835  0.48707956075668335
   10650    -0.3573748767375946  0.8693886995315552  0.9778958559036255
   10651    -1.6919020414352417  0.7246031761169434  0.3959682285785675
   10652    -0.03831629827618599  0.11933436244726181  1.0122013092041016
   10653    -0.22106893360614777  0.4378075897693634  1.0635870695114136
   10654    -1.1129311323165894  0.9112996459007263  -0.38253381848335266
   10655    0.388202965259552  0.7193422913551331  -0.4590481221675873
   10656    -0.9854001998901367  0.8155843019485474  0.7496655583381653
   10657    -0.806625485420227  -0.18898439407348633  0.7854713201522827
   10658    0.8016749024391174  0.2710692584514618  0.5544086694717407
   10659    -0.5302850008010864  -0.19861645996570587  0.9142075181007385
   10660    0.11897449940443039  0.26409223675727844  -0.46732568740844727
   10661    0.9258379340171814  0.1647818684577942  -0.06504004448652267
   10662    -1.3653203248977661  1.203497290611267  -0.14474928379058838
   10663    0.9358077049255371  -0.06031913310289383  0.4523828625679016
   10664    -0.9759016036987305  0.8937744498252869  0.6306625604629517
   10665    -1.0471242666244507  1.133643627166748  0.7426947951316833
   10666    -0.5169255137443542  0.8164375424385071  -0.550536572933197
   10667    -0.7674973011016846  1.4024512767791748  0.5366725325584412
   10668    -0.3199709951877594  0.10546988248825073  0.9563247561454773
   10669    -0.0797731876373291  1.2906341552734375  0.7629580497741699
   10670    0.29058873653411865  0.7799081206321716  0.8133354187011719
   10671    0.6845128536224365  0.9711909294128418  0.6175646185874939
   10672    -0.6107796430587769  -0.14310936629772186  0.958599865436554
   10673    0.4138363003730774  1.13865065574646  0.744136393070221
   10674    -1.2664614915847778  0.28938376903533936  0.03591712564229965
   10675    0.07229005545377731  -0.2258022278547287  -0.4373491108417511
   10676    -0.15506932139396667  0.910736083984375  0.8279671669006348
   10677    0.20403170585632324  0.07186637073755264  -0.5271754860877991
   10678    -0.21084760129451752  0.37272804975509644  -0.5760003328323364
   10679    -0.02101774327456951  -0.20854410529136658  0.389934241771698
   10680    -0.9352492690086365  0.46715524792671204  -0.21062204241752625
   10681    -0.5582482814788818  0.07743345946073532  -0.31021198630332947
   10682    -1.2811245918273926  0.6935368776321411  0.8287150263786316
   10683    -1.0875486135482788  1.5947842597961426  0.627488911151886
   10684    0.6134924292564392  0.9075255990028381  -0.2654140293598175
   10685    -0.9495424628257751  0.31217023730278015  -0.18809592723846436
   10686    -1.357538104057312  1.1532987356185913  -0.04724938049912453
   10687    -0.9510725140571594  -0.2750084102153778  0.10396653413772583
   10688    -1.0205587148666382  -0.28172895312309265  0.15400227904319763
   10689    -0.4685542583465576  1.2735685110092163  0.5002771615982056
   10690    -0.047670383006334305  -0.19805806875228882  -0.33228033781051636
   10691    0.11702868342399597  0.8928064107894897  -0.47500374913215637
   10692    -0.5759838819503784  0.5694015026092529  -0.639053463935852
   10693    -1.6551334857940674  1.3319534063339233  0.8112325072288513
   10694    0.7078971266746521  0.020103145390748978  -0.09629949927330017
   10695    -1.5355857610702515  0.9103468060493469  0.3273792862892151
   10696    -0.38184481859207153  0.027209969237446785  -0.1569523811340332
   10697    -0.8945086002349854  -0.08802051842212677  0.7572427988052368
   10698    0.4301666021347046  -0.24267975986003876  0.3691405951976776
   10699    -1.6663763523101807  1.3666718006134033  0.9403185844421387
   10700    0.5541519522666931  1.3092550039291382  0.350394070148468
   10701    -0.9437488913536072  1.0106112957000732  0.11410533636808395
   10702    0.44510143995285034  0.9193241000175476  0.6669952869415283
   10703    -1.5284851789474487  2.4825026988983154  -0.8994749784469604
   10704    -0.9856032133102417  -0.044459931552410126  0.7044491171836853
   10705    -0.18617691099643707  0.7256070971488953  -0.6175431609153748
   10706    -0.5870360732078552  0.5788776874542236  -0.37350165843963623
   10707    0.7361763715744019  -0.03959176316857338  0.5893060564994812
   10708    -1.259239912033081  0.835704505443573  -0.1867845356464386
   10709    -0.008918467909097672  1.0122944116592407  0.8556948900222778
   10710    -0.2575651705265045  0.9714422225952148  -0.4553420841693878
   10711    -1.3132636547088623  1.4071764945983887  -0.11662785708904266
   10712    0.9437391757965088  -0.062397297471761703  0.178585484623909
   10713    -0.7377586364746094  0.6192858219146729  -0.37934544682502747
   10714    -1.0277937650680542  -0.20366980135440826  0.15873274207115173
   10715    -0.5876740217208862  2.55208420753479  -0.1571083515882492
   10716    -0.344434916973114  0.8166442513465881  0.8986586928367615
   10717    -0.4570879638195038  0.7033172845840454  1.0180702209472656
   10718    -0.0995858684182167  1.3856117725372314  -0.13673263788223267
   10719    -0.49388736486434937  -0.12222985178232193  -0.144163116812706
   10720    -0.7206809520721436  -0.10970053821802139  -0.44232678413391113
   10721    -0.35917672514915466  0.05107467994093895  -0.5554831624031067
   10722    -0.7100855708122253  0.755014181137085  -0.43749892711639404
   10723    1.0254364013671875  0.17018556594848633  0.4674154818058014
   10724    -1.01842200756073  -0.11434338241815567  0.43111205101013184
   10725    -1.369844913482666  1.946677565574646  -0.04149709641933441
   10726    0.021619699895381927  -0.2581596076488495  0.17751874029636383
   10727    -1.1258429288864136  1.205062985420227  0.6806275844573975
   10728    -1.492457389831543  1.7683905363082886  0.9184107184410095
   10729    0.7905136346817017  0.9816254377365112  0.1466326117515564
   10730    -0.9880340695381165  0.3361913859844208  -0.15182887017726898
   10731    -0.5560108423233032  0.1704389899969101  -0.3764427900314331
   10732    -0.3373464345932007  -0.2461499124765396  0.9256733655929565
   10733    -1.0178278684616089  0.3703264594078064  -0.22432340681552887
   10734    -0.5463324189186096  -0.03367053344845772  -0.44225263595581055
   10735    -0.9848148822784424  0.9033346176147461  0.8560299277305603
   10736    -0.7474150061607361  0.7028700113296509  -0.40954238176345825
   10737    0.01396737527102232  -0.15240998566150665  -0.25411632657051086
   10738    0.6897953748703003  0.16127042472362518  0.5018926858901978
   10739    -1.155368447303772  0.22410893440246582  0.17297524213790894
   10740    -1.1092826128005981  1.5099461078643799  -0.017488688230514526
   10741    -1.3393263816833496  2.140385389328003  -0.2693784236907959
   10742    -1.522092342376709  1.4709900617599487  0.9039763808250427
   10743    -0.19426564872264862  -0.06200871244072914  0.9223487377166748
   10744    -0.714877724647522  -0.23598632216453552  0.3522348403930664
   10745    0.6760692000389099  1.142076849937439  -0.05333394929766655
   10746    0.3171226680278778  1.4982553720474243  0.06770142912864685
   10747    0.6542959213256836  1.1967142820358276  -0.019449429586529732
   10748    0.2021772265434265  0.027374986559152603  -0.3987588882446289
   10749    -1.6081178188323975  1.2177881002426147  0.5484068989753723
   10750    -1.0197968482971191  -0.038642920553684235  0.6704659461975098
   10751    -1.7297815084457397  1.886007308959961  0.5630952715873718
   10752    0.03730963543057442  0.5150690674781799  0.9643741250038147
   10753    -0.44364577531814575  1.3569817543029785  -0.16863305866718292
   10754    -1.4101887941360474  0.34028300642967224  0.4045298099517822
   10755    -0.9420878887176514  0.7880240082740784  0.5873252749443054
   10756    -0.9610387682914734  1.112459659576416  -0.1319904625415802
   10757    0.518694281578064  0.7879847884178162  -0.4026409387588501
   10758    -0.4822695553302765  1.1637400388717651  0.4068464934825897
   10759    0.36477959156036377  1.4617959260940552  0.4400167763233185
   10760    -0.5663421750068665  1.374998927116394  0.4292845129966736
   10761    0.5120998620986938  1.191353440284729  -0.15500950813293457
   10762    -0.6426903605461121  0.1466321051120758  -0.19968736171722412
   10763    -1.395564317703247  1.442047119140625  -0.11505679041147232
   10764    0.46784618496894836  1.038313865661621  0.7815358638763428
   10765    0.06280785799026489  0.8832862973213196  -0.5863666534423828
   10766    0.8387557864189148  0.6023592948913574  0.4139522910118103
   10767    -1.1406439542770386  1.4095611572265625  0.7183278203010559
   10768    -0.21574367582798004  -0.2628549337387085  -0.38786542415618896
   10769    -1.2670060396194458  1.8925371170043945  0.7169644832611084
   10770    -1.081681489944458  0.07557685673236847  -0.01846504956483841
   10771    -0.35478273034095764  -0.17328664660453796  0.8964279890060425
   10772    -1.4136971235275269  0.31011196970939636  0.3687397241592407
   10773    0.39215463399887085  0.5726874470710754  -0.4744813144207001
   10774    0.872268557548523  0.5489383339881897  0.37880995869636536
   10775    -1.0391831398010254  -0.12932933866977692  0.30892181396484375
   10776    -0.2879162132740021  1.1050292253494263  0.8176022171974182
   10777    -1.4956449270248413  0.4632437527179718  0.4709247052669525
   10778    -0.48318469524383545  0.1288095861673355  -0.34969663619995117
   10779    0.9530616402626038  0.13787446916103363  0.45038485527038574
   10780    -1.1262274980545044  0.49429407715797424  0.1308865249156952
   10781    0.044952940195798874  -0.11278048157691956  0.8552327752113342
   10782    -0.8935467600822449  0.3186448812484741  -0.16359998285770416
   10783    -0.6728292107582092  2.165870189666748  -0.028959516435861588
   10784    0.21865881979465485  0.6108123660087585  -0.5904244780540466
   10785    -0.12365894764661789  1.3563745021820068  -0.18949688971042633
   10786    -1.5619785785675049  0.5213025808334351  0.026768460869789124
   10787    -1.1415256261825562  0.32971060276031494  0.5955820083618164
   10788    -1.4707632064819336  1.4550328254699707  0.812271237373352
   10789    -0.7127498984336853  2.138146162033081  -0.15748363733291626
   10790    0.4162379503250122  0.5977512001991272  -0.5005213022232056
   10791    -1.250819444656372  1.231858253479004  -0.18629144132137299
   10792    0.12325645983219147  -0.04791092127561569  0.9402750730514526
   10793    -1.4693182706832886  1.2602787017822266  0.9063355922698975
   10794    0.17409774661064148  0.9872709512710571  0.8273147940635681
   10795    -0.827846348285675  0.18869243562221527  -0.18481044471263885
   10796    0.4655739367008209  -0.23380936682224274  0.47806423902511597
   10797    -0.34352216124534607  -0.26559385657310486  -0.4776168763637543
   10798    0.6972284913063049  0.592881441116333  0.6223620772361755
   10799    -1.7672133445739746  1.398621916770935  0.8581444025039673
   10800    -0.5838878154754639  -0.20992624759674072  0.9257170557975769
   10801    -1.3750308752059937  0.42065855860710144  -0.09936418384313583
   10802    -1.0053409337997437  0.12628600001335144  0.42228391766548157
   10803    -1.3242137432098389  0.27510905265808105  0.07756614685058594
   10804    -0.8136081695556641  1.257811427116394  -0.1505333036184311
   10805    -1.2949037551879883  1.7890230417251587  0.056795891374349594
   10806    -0.10679852962493896  -0.18822132050991058  -0.4320763945579529
   10807    0.10754489153623581  0.9371798634529114  -0.44010573625564575
   10808    -0.42275941371917725  0.19561810791492462  -0.3386339545249939
   10809    -0.9247224926948547  0.390014111995697  -0.11799806356430054
   10810    -1.2461439371109009  0.2585091292858124  -0.037043340504169464
   10811    -1.4587597846984863  0.8704549074172974  -0.16293363273143768
   10812    0.11843898892402649  0.1194789856672287  0.9379628896713257
   10813    -0.606016218662262  0.04834076017141342  0.7102339863777161
   10814    0.08806154876947403  1.187025547027588  -0.3522838056087494
   10815    -1.0078840255737305  0.508877694606781  0.8064190149307251
   10816    -0.6255201101303101  -0.21691851317882538  0.975679874420166
   10817    -0.6578760147094727  -0.2595904469490051  0.9420683979988098
   10818    -0.9656381607055664  0.05737223103642464  0.416791707277298
   10819    0.38012877106666565  1.4431648254394531  0.5439555644989014
   10820    -0.7207238078117371  2.1966359615325928  -0.12978632748126984
   10821    0.8283711671829224  -0.11893022805452347  0.43447887897491455
   10822    -1.4919469356536865  2.368346691131592  -0.6327456831932068
   10823    -1.229408860206604  0.30247247219085693  -0.07209796458482742
   10824    -0.34981784224510193  0.3144580125808716  -0.3990398347377777
   10825    -0.5264009833335876  -0.25660011172294617  0.9009954333305359
   10826    -0.7696144580841064  2.1407103538513184  0.0516476146876812
   10827    -1.7327443361282349  0.7640799283981323  0.35758858919143677
   10828    -0.5677615404129028  -0.11131319403648376  0.9578592777252197
   10829    -0.9823557138442993  0.2965620756149292  0.5377569198608398
   10830    -1.0475876331329346  -0.1426493227481842  -0.015044355764985085
   10831    -0.9393330216407776  -0.11950676143169403  0.5461215376853943
   10832    -1.0707952976226807  0.9154843091964722  0.831713855266571
   10833    -0.924632728099823  1.5673511028289795  0.0753699466586113
   10834    -1.3039872646331787  1.2824318408966064  0.7630941271781921
   10835    -1.0159502029418945  1.97709059715271  0.10214094072580338
   10836    -0.5650169253349304  2.4668850898742676  -0.24548809230327606
   10837    -0.2538588047027588  1.3355532884597778  0.6087176203727722
   10838    -0.3566216826438904  0.5605391263961792  0.8559089303016663
   10839    -0.975692093372345  0.12410802394151688  0.48697057366371155
   10840    -0.3796409070491791  1.3467967510223389  0.5573233962059021
   10841    0.11073288321495056  -0.15761908888816833  0.7047064900398254
   10842    -1.105085849761963  1.7069112062454224  0.5466369986534119
   10843    -1.1758438348770142  1.6687707901000977  0.4789743423461914
   10844    0.08872416615486145  0.9557464718818665  0.8341895341873169
   10845    -0.9579295516014099  -0.21923169493675232  0.1527479887008667
   10846    -0.14097660779953003  -0.13479897379875183  -0.47768351435661316
   10847    -1.2464027404785156  0.7886167764663696  -0.3115569055080414
   10848    1.141140103340149  0.26321518421173096  0.17248088121414185
   10849    0.34981217980384827  -0.23641186952590942  0.7842525243759155
   10850    0.4121572971343994  0.8789172768592834  0.47261929512023926
   10851    -0.5179809927940369  0.13501231372356415  -0.3902149796485901
   10852    -1.1936063766479492  1.8357114791870117  -0.018959499895572662
   10853    -1.002103328704834  1.9987908601760864  0.11007627844810486
   10854    -1.3868595361709595  0.5618986487388611  0.6827624440193176
   10855    -0.16191402077674866  0.8706451654434204  -0.6069673299789429
   10856    0.08593424409627914  0.8354958891868591  0.8251856565475464
   10857    -0.22347499430179596  -0.15826289355754852  0.937578558921814
   10858    -0.8083744049072266  0.05978216975927353  0.7377563714981079
   10859    -0.8233636021614075  0.16900239884853363  0.7361541986465454
   10860    -1.7210414409637451  1.6827794313430786  0.08227431774139404
   10861    -0.886040985584259  0.7568696141242981  0.398423433303833
   10862    -1.0712239742279053  0.4135309159755707  -0.1862991899251938
   10863    -1.399233102798462  1.0439039468765259  0.7102690935134888
   10864    -1.2986162900924683  2.3078410625457764  -0.9483493566513062
   10865    -0.1968975067138672  0.1681915819644928  -0.636421799659729
   10866    -0.5532945394515991  0.026808353140950203  -0.393168181180954
   10867    0.38044726848602295  0.07045087963342667  0.32738611102104187
   10868    -0.23311777412891388  0.1794724017381668  -0.6544169783592224
   10869    -0.8678668141365051  0.8994020819664001  -0.40287789702415466
   10870    -0.9601231217384338  0.0942893847823143  -0.14522838592529297
   10871    -0.9721301198005676  1.5428123474121094  0.10648862272500992
   10872    -0.8988128304481506  1.5182936191558838  0.03983732685446739
   10873    -0.9237298965454102  1.563924789428711  0.12125550955533981
   10874    0.1711864173412323  1.2903225421905518  0.698695957660675
   10875    -1.5562306642532349  0.6006064414978027  -0.10039149969816208
   10876    -0.5707603096961975  -0.15796007215976715  0.06073261797428131
   10877    0.3087061941623688  0.2308569997549057  0.9443002939224243
   10878    -0.28766360878944397  1.2783784866333008  0.7146950364112854
   10879    -1.5019625425338745  1.5972799062728882  0.0018281778320670128
   10880    -1.3953115940093994  0.5849712491035461  -0.1569952666759491
   10881    0.07259510457515717  -0.25255531072616577  -0.3910364508628845
   10882    -0.022800249978899956  1.5112191438674927  -0.027873679995536804
   10883    -1.0736204385757446  1.2370045185089111  0.37176963686943054
   10884    -0.8414787650108337  -0.1450461596250534  -0.1878870725631714
   10885    -1.1697282791137695  -0.18320268392562866  -0.0766487643122673
   10886    -1.2368401288986206  -0.28075623512268066  -0.0819682702422142
   10887    -1.665510892868042  0.6854606866836548  0.03718672692775726
   10888    0.22146357595920563  1.0113624334335327  -0.24267151951789856
   10889    -0.25676974654197693  0.7244025468826294  1.0906047821044922
   10890    -0.773565948009491  2.1149673461914062  -0.006572990212589502
   10891    -0.6183902025222778  -0.26168757677078247  0.9661867022514343
   10892    -1.179773211479187  -0.27098220586776733  0.1377803385257721
   10893    -0.31311503052711487  1.2130049467086792  0.4805644154548645
   10894    -1.15108323097229  0.2860099673271179  0.1639287918806076
   10895    -1.7616450786590576  1.9047503471374512  0.29447656869888306
   10896    -0.10692261159420013  -0.20699536800384521  -0.3292725384235382
   10897    -0.406367689371109  -0.11740971356630325  0.02275995723903179
   10898    0.6013190150260925  0.9308353662490845  -0.18709136545658112
   10899    -1.3995038270950317  1.6153738498687744  0.09145010262727737
   10900    -0.9029921293258667  0.10811443626880646  -0.17252573370933533
   10901    0.04459245875477791  0.8589536547660828  -0.6112629175186157
   10902    -1.2370631694793701  0.228099063038826  0.24502688646316528
   10903    -1.0006099939346313  1.9967975616455078  0.06720154732465744
   10904    -1.3384929895401  1.4121267795562744  0.7855738997459412
   10905    0.5897769927978516  -0.03722725808620453  0.5855193138122559
   10906    0.16556531190872192  0.14365632832050323  0.7775049805641174
   10907    0.2654134929180145  -0.08778485655784607  0.7540079355239868
   10908    0.03641317039728165  0.829433262348175  -0.2452312409877777
   10909    -1.147344708442688  1.793233871459961  0.5962957739830017
   10910    -1.2099941968917847  0.5671807527542114  -0.2946101129055023
   10911    -1.2053159475326538  1.7875899076461792  0.0557156577706337
   10912    -0.5124803781509399  0.5620977878570557  -0.28716757893562317
   10913    -0.7374534010887146  0.6770614385604858  0.8332302570343018
   10914    -0.9510983228683472  1.4435088634490967  0.2580326795578003
   10915    -0.769655704498291  -0.07346703857183456  0.662563145160675
   10916    -1.768552541732788  1.3290878534317017  0.47776341438293457
   10917    -0.9775846600532532  1.4506137371063232  0.12809482216835022
   10918    -1.2649365663528442  0.5925058126449585  -0.31363198161125183
   10919    -0.35743871331214905  -0.1943267434835434  -0.3718063533306122
   10920    -1.117445707321167  0.4410892724990845  -0.27237164974212646
   10921    0.2656336724758148  0.35075506567955017  1.0140409469604492
   10922    -0.609634518623352  2.5361855030059814  -0.23200121521949768
   10923    0.06132935732603073  0.84868323802948  -0.5524596571922302
   10924    -0.19398128986358643  -0.009267657063901424  0.8723999857902527
   10925    -0.16805706918239594  -0.018649622797966003  0.7625377774238586
   10926    -0.4777333736419678  -0.14434440433979034  1.0392602682113647
   10927    0.3934658467769623  0.2609032988548279  -0.45330706238746643
   10928    0.3266572654247284  0.24713760614395142  -0.518956184387207
   10929    0.6755150556564331  -0.15851150453090668  0.006299055181443691
   10930    -0.60841965675354  0.639400839805603  0.7730870246887207
   10931    -0.708938717842102  -0.09366095811128616  0.029207611456513405
   10932    -0.75  -0.07550326734781265  0.11653678864240646
   10933    -1.2170006036758423  0.3439217507839203  0.20125386118888855
   10934    0.5453482866287231  -0.04011823236942291  0.6420249342918396
   10935    0.14765483140945435  -0.21322505176067352  0.0534987635910511
   10936    -0.5119735598564148  -0.14257067441940308  0.929789662361145
   10937    -0.4413960874080658  -0.07247895747423172  -0.48697715997695923
   10938    0.3048010766506195  1.236775279045105  -0.037726741284132004
   10939    -1.0396090745925903  1.9949127435684204  0.14040814340114594
   10940    -0.9029449820518494  -0.2672700881958008  0.7825150489807129
   10941    0.05010537430644035  0.07227284461259842  -0.416719526052475
   10942    -0.9019936323165894  1.4302749633789062  0.3439573645591736
   10943    0.07467767596244812  1.0217393636703491  0.8410857915878296
   10944    -0.3949679434299469  1.3480831384658813  0.6316812038421631
   10945    1.071060299873352  0.20599322021007538  0.43116843700408936
   10946    0.43239814043045044  1.2283185720443726  0.5361858606338501
   10947    -1.4093587398529053  1.4874991178512573  0.9951366782188416
   10948    -1.6438689231872559  0.7991560101509094  0.14495520293712616
   10949    0.13642092049121857  0.9646342992782593  0.8614450097084045
   10950    0.38114500045776367  0.03894934803247452  0.8168070912361145
   10951    -0.5365259647369385  0.9481995105743408  -0.43370378017425537
   10952    -0.4648805260658264  0.9392918348312378  -0.45215022563934326
   10953    -1.0887386798858643  0.47460442781448364  -0.2693033516407013
   10954    -0.8876493573188782  0.3400230407714844  0.7456570267677307
   10955    -0.29767972230911255  1.0506176948547363  -0.4037105143070221
   10956    -1.6468580961227417  1.3047572374343872  0.028419971466064453
   10957    -1.1727721691131592  1.354640007019043  0.7186450958251953
   10958    0.042257584631443024  -0.06416405737400055  -0.44086796045303345
   10959    -0.5285138487815857  1.435792088508606  0.09666546434164047
   10960    -0.2473725825548172  1.2269704341888428  0.5731819272041321
   10961    -1.536794662475586  1.2293835878372192  0.7646414637565613
   10962    -1.1021524667739868  -0.186828151345253  0.47531819343566895
   10963    -1.6466026306152344  0.6603308320045471  0.5246962308883667
   10964    -1.5149050951004028  1.2519327402114868  0.8615508675575256
   10965    -0.18383949995040894  1.0913174152374268  0.4778445363044739
   10966    -0.2466076910495758  0.6989142894744873  1.1145511865615845
   10967    -0.24048279225826263  1.1991233825683594  0.7444029450416565
   10968    -0.14034335315227509  1.2585231065750122  0.7641584873199463
   10969    -0.7853701114654541  0.21003086864948273  -0.2015354037284851
   10970    -1.1185035705566406  0.8122418522834778  0.6256508231163025
   10971    -0.62177574634552  -0.27900245785713196  0.898073136806488
   10972    -0.04215965047478676  -0.13539385795593262  -0.4659316837787628
   10973    -1.101423978805542  0.2310018241405487  -0.04399707168340683
   10974    0.046237748116254807  -0.1716388761997223  0.8641184568405151
   10975    -0.6217507123947144  1.2729876041412354  0.6237021684646606
   10976    0.17474056780338287  0.3531278967857361  -0.5886675119400024
   10977    0.29203295707702637  0.5195364356040955  -0.5423977375030518
   10978    -1.1656835079193115  0.3609882593154907  -0.12320726364850998
   10979    0.5451797842979431  0.4330027997493744  0.8213512897491455
   10980    0.564044177532196  0.05902094393968582  -0.23274610936641693
   10981    -1.6703780889511108  0.841625452041626  0.3679201900959015
   10982    -1.6709762811660767  1.76872718334198  0.8102407455444336
   10983    -0.531224250793457  -0.17860297858715057  0.26955094933509827
   10984    -0.46341559290885925  -0.10484719276428223  0.9974150657653809
   10985    0.23586709797382355  0.4803013503551483  -0.549164354801178
   10986    -0.007704976946115494  1.3958008289337158  0.6910306811332703
   10987    -1.4740535020828247  1.248173475265503  0.7213965654373169
   10988    -0.3991032838821411  0.11820271611213684  -0.3726138174533844
   10989    -1.274436354637146  0.7249095439910889  -0.11652573943138123
   10990    0.20919273793697357  0.9454495310783386  -0.4249877333641052
   10991    -0.9168172478675842  1.5241577625274658  0.19818323850631714
   10992    0.4131464958190918  -0.08172614872455597  0.7571733593940735
   10993    -0.9445362687110901  -0.036638807505369186  0.38476040959358215
   10994    0.706987738609314  -0.1804494708776474  0.09893140941858292
   10995    0.153811514377594  -0.1956777721643448  -0.1370326280593872
   10996    -1.593703031539917  1.3223609924316406  0.3987071216106415
   10997    -1.6512930393218994  1.5810389518737793  0.9723218083381653
   10998    -0.8296774625778198  1.0299166440963745  0.7812305688858032
   10999    -0.5900282263755798  0.8068632483482361  0.8264073729515076
   11000    -1.4405287504196167  1.4743975400924683  0.9192746877670288
   11001    0.3652922809123993  1.2516891956329346  0.44831326603889465
   11002    0.11393819004297256  0.374904066324234  -0.5888214707374573
   11003    1.131952166557312  0.23908600211143494  0.42213723063468933
   11004    -1.0339528322219849  0.3667950928211212  0.3988042175769806
   11005    -0.735977292060852  -0.2006634622812271  0.773041307926178
   11006    -1.6288707256317139  1.610589861869812  0.07205405086278915
   11007    -1.1713471412658691  2.012258291244507  0.2934158742427826
   11008    0.4384710192680359  0.5460546612739563  0.6183822154998779
   11009    -0.5425508618354797  1.4190596342086792  0.4073251485824585
   11010    -0.600434422492981  1.3001950979232788  0.37307706475257874
   11011    0.5511252880096436  1.011666178703308  -0.28424933552742004
   11012    -1.1551836729049683  0.3524979054927826  0.6498903036117554
   11013    -0.29941532015800476  -0.03451043739914894  0.8733842372894287
   11014    -0.2739327549934387  -0.07412044703960419  0.9236152768135071
   11015    -0.7711374163627625  0.6027217507362366  0.8179008364677429
   11016    0.8493741750717163  0.5744386315345764  0.02831222489476204
   11017    -0.8887138366699219  -0.280795693397522  -0.21947623789310455
   11018    -1.0251976251602173  2.0513672828674316  0.04304273799061775
   11019    -1.6715508699417114  1.1612441539764404  0.1951906979084015
   11020    -1.225834846496582  0.29014313220977783  0.5213835835456848
   11021    -0.47527554631233215  -0.03802702575922012  -0.21764270961284637
   11022    -0.9091218113899231  1.4462324380874634  -0.16516050696372986
   11023    -0.9000934362411499  1.3489781618118286  -0.09271851927042007
   11024    -0.558148980140686  1.3080925941467285  -0.22640666365623474
   11025    -0.45118170976638794  0.9796468615531921  0.2920694947242737
   11026    -0.4427163302898407  0.002476638415828347  0.831579864025116
   11027    0.44049420952796936  1.3233031034469604  0.6032362580299377
   11028    -1.087807059288025  -0.25318968296051025  0.5485252141952515
   11029    -0.2848791778087616  0.19343240559101105  -0.3888082504272461
   11030    -0.38672176003456116  0.2804422676563263  0.8684947490692139
   11031    0.3845919966697693  -0.12390999495983124  -0.22263947129249573
   11032    0.020869500935077667  0.9713620543479919  0.3646216094493866
   11033    -1.2862627506256104  -0.2679586410522461  0.5528916716575623
   11034    0.7569483518600464  1.0842567682266235  0.04958612844347954
   11035    -0.1323225051164627  1.3917728662490845  0.6692556142807007
   11036    0.2949710786342621  0.22623375058174133  -0.4841543436050415
   11037    0.19326910376548767  -0.27406030893325806  0.04848175495862961
   11038    0.18060791492462158  1.1683372259140015  -0.24451817572116852
   11039    -1.372605562210083  1.33259117603302  0.9495136141777039
   11040    -1.3430869579315186  1.01556396484375  0.7542501091957092
   11041    0.4903707504272461  0.052348777651786804  0.7286458015441895
   11042    -0.0756237804889679  -0.08208732306957245  0.47783374786376953
   11043    -0.6284777522087097  0.37949106097221375  -0.3219399154186249
   11044    0.46784090995788574  0.7721124887466431  0.9041877388954163
   11045    0.5607264041900635  0.6858587265014648  0.5668821930885315
   11046    -1.4869121313095093  1.2058745622634888  0.16808649897575378
   11047    -1.186360478401184  1.608365535736084  -0.06928800791501999
   11048    0.3837791383266449  -0.008521887473762035  -0.26470381021499634
   11049    0.236556738615036  0.3474651873111725  -0.5789905190467834
   11050    0.17752444744110107  0.5516287088394165  0.5122089982032776
   11051    -1.4580861330032349  1.7114593982696533  -0.09163500368595123
   11052    -1.2045352458953857  1.4621986150741577  0.010779216885566711
   11053    -1.5795780420303345  1.180933952331543  0.34315580129623413
   11054    -1.689897894859314  1.1368876695632935  0.34704333543777466
   11055    0.3844994902610779  0.9365134835243225  -0.37978747487068176
   11056    0.3798495829105377  1.345748782157898  -0.154860720038414
   11057    0.3901999592781067  0.5828261971473694  0.9585244655609131
   11058    -0.07463456690311432  1.3742884397506714  0.7064875364303589
   11059    0.564782440662384  0.7524099349975586  -0.3512885272502899
   11060    -0.7553374171257019  0.18041099607944489  -0.18629013001918793
   11061    0.2633267641067505  0.804746150970459  -0.5012832283973694
   11062    -0.3931676745414734  0.7355440258979797  1.0108904838562012
   11063    0.4539755582809448  0.024953871965408325  0.757421612739563
   11064    0.3717682957649231  0.35485318303108215  0.8713576197624207
   11065    0.3668869435787201  0.43810248374938965  0.9508686661720276
   11066    -0.6731485724449158  -0.29403215646743774  0.26919808983802795
   11067    0.21997250616550446  1.2734777927398682  0.5986363291740417
   11068    -0.3324061334133148  0.6848751902580261  0.9818099737167358
   11069    -0.3485782742500305  0.9975084066390991  -0.4259107708930969
   11070    -0.2592613399028778  0.2022530436515808  -0.678297758102417
   11071    -0.44983580708503723  0.41244828701019287  0.8301252126693726
   11072    -0.17314372956752777  1.1300270557403564  0.5952398777008057
   11073    -1.6223232746124268  0.5358088612556458  0.211659237742424
   11074    -1.3154826164245605  1.3589216470718384  0.8587372303009033
   11075    -1.0840984582901  -0.2150501012802124  0.9035255312919617
   11076    -1.5376335382461548  1.2881323099136353  0.641398549079895
   11077    -0.20637986063957214  0.9152566194534302  -0.584718644618988
   11078    -0.1256006509065628  -0.19553568959236145  0.8262079358100891
   11079    -0.04990403726696968  0.9794453382492065  0.8249158263206482
   11080    -0.3537138104438782  0.36329787969589233  0.9968839883804321
   11081    -0.7296891212463379  0.7672164440155029  0.8132262825965881
   11082    0.598272979259491  0.4650048017501831  0.747427761554718
   11083    -0.07481610029935837  1.5502759218215942  0.3548744022846222
   11084    -0.044551584869623184  1.1895605325698853  0.8054191470146179
   11085    -0.387977659702301  0.1517946869134903  0.8556543588638306
   11086    0.1800050437450409  0.8209883570671082  -0.5745149850845337
   11087    -0.15071463584899902  0.4441639184951782  -0.6669300198554993
   11088    0.17073382437229156  -0.0631653219461441  0.23595775663852692
   11089    -0.22782625257968903  0.6474120020866394  -0.5300848484039307
   11090    -1.0097869634628296  1.5754375457763672  -0.01619984768331051
   11091    -0.36322537064552307  1.0520635843276978  -0.3898669481277466
   11092    -1.3619056940078735  1.8562891483306885  -0.15953460335731506
   11093    0.03691503778100014  0.15528267621994019  -0.576176643371582
   11094    -1.1471346616744995  2.041499137878418  0.46590474247932434
   11095    -1.6880784034729004  1.0771973133087158  0.2997053861618042
   11096    -0.6785242557525635  0.6260384321212769  -0.4212982952594757
   11097    -0.6854519844055176  0.17846906185150146  -0.1793513149023056
   11098    -1.0375778675079346  -0.2660568654537201  0.5233063101768494
   11099    -1.7454028129577637  0.8511409759521484  0.3420739769935608
   11100    -0.49705466628074646  0.961792528629303  0.7840973734855652
   11101    -0.42163288593292236  0.4497096836566925  0.9604211449623108
   11102    -1.1077390909194946  2.1092560291290283  0.0337592288851738
   11103    -0.85685795545578  2.192945718765259  0.05151116102933884
   11104    -0.8683457374572754  2.2268497943878174  0.02451764978468418
   11105    -0.5063160061836243  0.7236038446426392  0.7806527018547058
   11106    0.8051032423973083  0.8288343548774719  0.31281977891921997
   11107    -0.16757312417030334  -0.06907795369625092  -0.46651679277420044
   11108    -1.0573675632476807  1.3582326173782349  0.20716901123523712
   11109    -0.46792787313461304  0.3337123394012451  -0.22751034796237946
   11110    0.5079053640365601  0.48825588822364807  0.6854985952377319
   11111    -0.14172977209091187  0.43243715167045593  1.0574499368667603
   11112    0.026845024898648262  0.1472601443529129  1.0267966985702515
   11113    -0.8014323711395264  0.2566302418708801  0.7790008783340454
   11114    0.8610042333602905  0.20561394095420837  0.09187186509370804
   11115    -1.2211940288543701  -0.18429023027420044  -0.09648118168115616
   11116    -0.8196862936019897  0.6430957317352295  0.7666246891021729
   11117    -0.40204480290412903  0.9991751909255981  -0.4397256672382355
   11118    -1.363871693611145  0.8099494576454163  0.7970988750457764
   11119    -1.7432575225830078  1.7591242790222168  0.24968498945236206
   11120    0.4193245470523834  -0.07753053307533264  -0.2568967044353485
   11121    1.115859866142273  0.07028292119503021  0.34351086616516113
   11122    -1.254352331161499  1.806052327156067  0.0015245580580085516
   11123    -0.8766800761222839  -0.2489335685968399  -0.32426953315734863
   11124    0.6592716574668884  0.06798381358385086  -0.0467812679708004
   11125    -0.8974075317382812  2.2209033966064453  -0.04065367579460144
   11126    -1.6369339227676392  1.6091309785842896  -0.0007819270831532776
   11127    -1.1367225646972656  1.9589872360229492  0.2916206419467926
   11128    -0.9047361612319946  0.03676970675587654  0.6271087527275085
   11129    0.37982144951820374  -0.00544237345457077  -0.4133075475692749
   11130    -1.0065323114395142  0.13043153285980225  -0.11012664437294006
   11131    -1.0888521671295166  0.4782091975212097  0.7674834728240967
   11132    -0.2611197531223297  2.292710781097412  -0.30781853199005127
   11133    0.5854761600494385  0.3061370253562927  -0.35387885570526123
   11134    -0.13657867908477783  1.20510995388031  0.7939178943634033
   11135    -0.9331207275390625  2.0930423736572266  -0.06811719387769699
   11136    -0.6355314254760742  -0.1176457330584526  -0.1770796924829483
   11137    -0.5118411183357239  0.1229904368519783  -0.36165305972099304
   11138    -1.3609570264816284  0.27107393741607666  0.17860837280750275
   11139    -0.6112664937973022  2.4903483390808105  -0.260463148355484
   11140    -1.4037914276123047  2.0635154247283936  -0.16159696877002716
   11141    0.3583514392375946  0.11734644323587418  -0.20523110032081604
   11142    -1.7452723979949951  1.7545363903045654  0.44415995478630066
   11143    -1.1033494472503662  0.5218887329101562  -0.22598953545093536
   11144    -0.616510808467865  1.3572298288345337  0.31587618589401245
   11145    -0.8168399930000305  0.182278573513031  -0.10627859830856323
   11146    0.05403946340084076  0.878710925579071  0.8889113664627075
   11147    -1.4502205848693848  1.4085434675216675  1.0277520418167114
   11148    -1.4131850004196167  1.5923165082931519  -0.016992786899209023
   11149    -1.1280478239059448  0.2573724389076233  0.0021988200023770332
   11150    -0.4465262293815613  0.8961173892021179  -0.40000614523887634
   11151    0.3990222215652466  0.9895234107971191  0.161623015999794
   11152    -0.31322744488716125  -0.12038800865411758  0.8945668935775757
   11153    -1.6900638341903687  0.7919503450393677  0.18302859365940094
   11154    -0.6416842937469482  0.6496497988700867  -0.36811521649360657
   11155    0.2214864045381546  -0.14868715405464172  -0.0964663028717041
   11156    0.9814513921737671  0.12657302618026733  0.544469952583313
   11157    -0.4132743775844574  1.0233662128448486  -0.2994512617588043
   11158    -0.2263900488615036  0.3324529826641083  -0.6742556691169739
   11159    0.25704285502433777  1.4960503578186035  -0.00980414915829897
   11160    -1.580584168434143  1.3673518896102905  0.8415429592132568
   11161    -0.2115950882434845  0.22264358401298523  -0.6216890811920166
   11162    -0.8521311283111572  -0.027623353525996208  0.39252039790153503
   11163    0.14079348742961884  1.5680716037750244  0.13032419979572296
   11164    -1.3792064189910889  1.3267015218734741  0.8253147006034851
   11165    -0.24532487988471985  0.7342086434364319  -0.7186196446418762
   11166    -1.7647510766983032  1.8015718460083008  0.4385708272457123
   11167    0.027473438531160355  0.19884289801120758  -0.49249976873397827
   11168    -0.04483048990368843  0.9287102818489075  0.7479895949363708
   11169    -0.34740620851516724  0.6164583563804626  1.002543330192566
   11170    -0.5101406574249268  1.3097134828567505  -0.24232074618339539
   11171    -1.0723527669906616  0.30131784081459045  0.1582125872373581
   11172    -1.292220950126648  0.30498820543289185  0.20643748342990875
   11173    -0.40394875407218933  0.8668717741966248  -0.29010698199272156
   11174    -0.8785020112991333  1.3481181859970093  0.2598658800125122
   11175    -0.8440576791763306  -0.24793116748332977  -0.3573888838291168
   11176    -0.37876662611961365  0.04391481354832649  0.8889896273612976
   11177    -0.9407249689102173  2.2124502658843994  -0.09057401120662689
   11178    0.16563503444194794  -0.286285936832428  0.05055791139602661
   11179    -0.47690850496292114  0.0637250542640686  -0.37479791045188904
   11180    -1.6677790880203247  1.2064251899719238  0.39662161469459534
   11181    -0.7317268252372742  1.3025438785552979  0.3530246913433075
   11182    -1.0853474140167236  1.9124706983566284  0.30361688137054443
   11183    -0.04121149331331253  0.9293179512023926  -0.1693880409002304
   11184    0.7188937664031982  0.2532092332839966  0.6462956666946411
   11185    -0.09863395243883133  0.2563684284687042  1.0427639484405518
   11186    -0.8738400936126709  1.5405752658843994  0.23180361092090607
   11187    -0.45397472381591797  0.9910783171653748  -0.3532795011997223
   11188    0.3849278688430786  0.7238502502441406  0.2809971868991852
   11189    -0.5317974090576172  0.09329447150230408  -0.31973057985305786
   11190    -0.7231717705726624  2.241265058517456  -0.1089203953742981
   11191    -0.5300711393356323  0.16049699485301971  -0.3363439440727234
   11192    -1.3042993545532227  1.4006544351577759  0.8271059989929199
   11193    -0.9985341429710388  0.11636435985565186  0.5304692387580872
   11194    -0.9972140192985535  0.7299085259437561  -0.00841555930674076
   11195    0.6007754802703857  0.6721298694610596  -0.3497142493724823
   11196    -0.5083180069923401  0.11044786870479584  -0.334203839302063
   11197    0.01981683075428009  1.4118647575378418  -0.17441660165786743
   11198    -1.5148138999938965  1.185572862625122  0.26426127552986145
   11199    -1.5666061639785767  1.0978968143463135  0.37691807746887207
   11200    -0.7028640508651733  -0.1787949800491333  0.8893762826919556
   11201    0.3756215274333954  1.0979217290878296  0.7796982526779175
   11202    0.3387880027294159  1.0330181121826172  0.7506942749023438
   11203    -0.03911373391747475  0.8964250683784485  1.0352410078048706
   11204    -0.6687784790992737  0.8748071193695068  -0.41079404950141907
   11205    -1.680173635482788  1.9455184936523438  0.20121081173419952
   11206    -0.19449415802955627  0.2922091782093048  1.0430870056152344
   11207    -0.08213379979133606  0.8134393692016602  0.6646029949188232
   11208    -1.1652146577835083  2.084818124771118  0.05368375778198242
   11209    -0.017992476001381874  -0.035863544791936874  -0.36256301403045654
   11210    -1.0810905694961548  0.5515540242195129  0.3827410042285919
   11211    -0.8714112639427185  0.7758078575134277  -0.4044148325920105
   11212    -0.8019821047782898  0.7214903235435486  -0.3716542422771454
   11213    -0.71868896484375  0.3159847557544708  -0.04954003170132637
   11214    0.4228561520576477  1.4100760221481323  0.5553034543991089
   11215    0.4111224114894867  0.9587308168411255  -0.2607823610305786
   11216    -1.36381995677948  2.0228614807128906  -0.6389908194541931
   11217    -1.33786940574646  2.356161117553711  -0.8392099142074585
   11218    -0.15698303282260895  0.2468138486146927  0.9994432330131531
   11219    0.3777761459350586  1.0362911224365234  0.8346284031867981
   11220    -1.6945204734802246  0.7118870615959167  0.3455406129360199
   11221    0.16652579605579376  -0.2543698251247406  0.02941334992647171
   11222    -0.009025395847856998  0.8449600338935852  -0.630149245262146
   11223    -1.7787818908691406  1.7763044834136963  0.3856021463871002
   11224    -0.5013518929481506  0.0548136830329895  -0.3315488398075104
   11225    -0.49492347240448  -0.171605184674263  0.20167744159698486
   11226    0.4484730362892151  0.1924309879541397  -0.173548623919487
   11227    0.267116516828537  -0.07145112752914429  0.5330899953842163
   11228    -0.3146539032459259  0.6068815588951111  -0.6930099725723267
   11229    -1.6497797966003418  0.7244357466697693  0.49913865327835083
   11230    -0.5879520773887634  -0.16270895302295685  -0.4216676354408264
   11231    -0.7831355929374695  0.3236830234527588  0.5614159107208252
   11232    -1.0001513957977295  1.4128085374832153  -0.14535853266716003
   11233    0.741660475730896  0.76997971534729  0.642388105392456
   11234    -1.091888427734375  1.2225967645645142  0.6903938055038452
   11235    -1.7881628274917603  1.5391029119491577  0.618803083896637
   11236    -0.5562707185745239  0.13338077068328857  -0.3044373393058777
   11237    -1.1340065002441406  0.3392582833766937  0.020787319168448448
   11238    -0.6404468417167664  0.22673282027244568  -0.26538407802581787
   11239    -1.5008748769760132  0.48916012048721313  -0.06753528863191605
   11240    -1.6070014238357544  0.5202609300613403  0.12854892015457153
   11241    0.6389316916465759  0.7631775140762329  0.6626198887825012
   11242    -0.5567000508308411  0.09168824553489685  -0.33688244223594666
   11243    -0.5038906335830688  0.015726078301668167  -0.3861388862133026
   11244    0.49840691685676575  0.06557509303092957  -0.39945974946022034
   11245    -0.6497326493263245  0.7242701053619385  -0.29338639974594116
   11246    -1.340326189994812  2.1109299659729004  -0.20893870294094086
   11247    0.2520653009414673  1.0765975713729858  -0.17731702327728271
   11248    -0.5798553228378296  0.49646899104118347  0.7713754177093506
   11249    -0.5902730822563171  -0.061574917286634445  -0.41276225447654724
   11250    -0.49728119373321533  0.14631913602352142  -0.3043486177921295
   11251    -0.1120978444814682  0.22343376278877258  1.0884884595870972
   11252    -0.5220611095428467  0.5364377498626709  0.7874414920806885
   11253    -0.5794984102249146  0.5481851696968079  0.7891098260879517
   11254    -0.584135115146637  0.10585522651672363  -0.3024624288082123
   11255    -0.9848586320877075  1.329071044921875  0.5930277109146118
   11256    -0.7329212427139282  0.06671015918254852  -0.16160160303115845
   11257    0.4926857352256775  -0.23724475502967834  0.37530237436294556
   11258    0.3577682375907898  -0.20241060853004456  0.3500674068927765
   11259    -0.5392305254936218  0.11847726255655289  -0.37513577938079834
   11260    -1.341601014137268  1.7421890497207642  0.39801955223083496
   11261    -1.5632691383361816  1.2010698318481445  0.6013877391815186
   11262    -0.8692408204078674  1.1980502605438232  -0.30290693044662476
   11263    0.2763141095638275  0.28620460629463196  -0.13906261324882507
   11264    0.45928099751472473  0.31869882345199585  -0.2048286646604538
   11265    -1.7442368268966675  1.8461569547653198  0.46203047037124634
   11266    -0.5240402817726135  1.1338543891906738  -0.2983131408691406
   11267    -0.7679351568222046  0.5873188972473145  -0.34648072719573975
   11268    0.15868589282035828  1.5261248350143433  0.07685742527246475
   11269    -1.31173837184906  1.8861359357833862  0.7505918741226196
   11270    -0.03061566688120365  1.4797720909118652  0.3365010917186737
   11271    -0.6392878293991089  -0.222741037607193  0.3335370421409607
   11272    -1.2699408531188965  1.2534903287887573  0.4583432078361511
   11273    0.2577701210975647  0.08155069500207901  -0.43523672223091125
   11274    -0.9623674154281616  0.40029796957969666  0.01761031709611416
   11275    -0.33260396122932434  1.038926124572754  -0.15059831738471985
   11276    -0.4198358356952667  0.8690303564071655  -0.5432245135307312
   11277    0.638420045375824  0.6777779459953308  0.6755040287971497
   11278    -0.4669705033302307  0.039152566343545914  -0.43378499150276184
   11279    -1.70248544216156  1.62021005153656  0.6525086164474487
   11280    0.026978371664881706  0.6348941922187805  1.074033498764038
   11281    0.04666154831647873  -0.17502716183662415  0.1603708565235138
   11282    -0.44334205985069275  -0.24346548318862915  1.0395913124084473
   11283    0.14744408428668976  -0.18265140056610107  0.415044367313385
   11284    0.15941905975341797  -0.2137952595949173  0.49844518303871155
   11285    -0.3372833728790283  0.9684392809867859  -0.23779349029064178
   11286    -0.9617174863815308  1.4832782745361328  0.06327979266643524
   11287    -1.002602219581604  1.0877480506896973  0.7678232789039612
   11288    0.09953723102807999  -0.004688545595854521  0.884492039680481
   11289    -1.1999341249465942  0.8964398503303528  -0.25907662510871887
   11290    -0.1280795782804489  1.1647406816482544  -0.25217995047569275
   11291    0.09300518035888672  1.0251384973526  0.7349288463592529
   11292    -0.44542673230171204  0.1795598566532135  -0.23703919351100922
   11293    -0.55525803565979  0.07386332750320435  -0.3833407163619995
   11294    -0.443832665681839  1.2843348979949951  -0.145207479596138
   11295    0.5914130210876465  0.2727196514606476  0.7808045148849487
   11296    -1.0444509983062744  1.3025660514831543  0.6364341974258423
   11297    -0.0017761415801942348  0.9962223768234253  0.8846394419670105
   11298    -1.332659125328064  1.1360431909561157  -0.18715614080429077
   11299    -0.17830859124660492  -0.004764105658978224  0.9300644993782043
   11300    -0.5559186935424805  0.7817318439483643  -0.5467113852500916
   11301    0.30905598402023315  0.7571242451667786  0.8850839734077454
   11302    -0.9709699153900146  -0.2714957296848297  0.03660402446985245
   11303    -0.4092344343662262  -0.1424705684185028  0.12659870088100433
   11304    0.31721872091293335  -0.1928732842206955  0.2505398392677307
   11305    -0.7253801226615906  1.0428422689437866  0.1265389323234558
   11306    -1.08799409866333  2.1528208255767822  0.03538218140602112
   11307    0.4648294150829315  -0.25683459639549255  0.3525736331939697
   11308    -1.0488710403442383  -0.12658841907978058  0.48528146743774414
   11309    0.7860967516899109  1.0178195238113403  0.08961130678653717
   11310    0.39513662457466125  1.3161029815673828  0.37512820959091187
   11311    0.16110281646251678  -0.012620531022548676  -0.44133323431015015
   11312    -0.5563035607337952  0.10395900905132294  -0.3606039583683014
   11313    0.1357802003622055  0.5381537079811096  0.9038645029067993
   11314    -1.380109429359436  0.49236953258514404  -0.05611789971590042
   11315    -1.0439597368240356  1.0413846969604492  -0.19342303276062012
   11316    -0.8764861822128296  0.7569071054458618  -0.362929105758667
   11317    -1.726984977722168  1.7936079502105713  0.21936684846878052
   11318    -0.12662170827388763  1.2918944358825684  -0.16004179418087006
   11319    -1.5229074954986572  1.547876000404358  0.720848023891449
   11320    0.7587310075759888  1.0854942798614502  0.010050555691123009
   11321    -0.5366110801696777  0.06153586879372597  -0.33649665117263794
   11322    -0.15288199484348297  -0.21851880848407745  -0.4528508484363556
   11323    -0.39977607131004333  1.1585888862609863  -0.1078774556517601
   11324    -1.2524263858795166  0.34521734714508057  -0.10787677764892578
   11325    -0.7510535717010498  0.589918851852417  -0.3045552372932434
   11326    0.12172495573759079  -0.1660781055688858  0.6587223410606384
   11327    -1.152755618095398  1.8457465171813965  0.009810984134674072
   11328    -0.19870471954345703  -0.11507522314786911  0.9182425737380981
   11329    -1.7033426761627197  1.164108395576477  0.34016716480255127
   11330    -0.6972021460533142  0.6353715658187866  -0.27472901344299316
   11331    -0.7837757468223572  0.5566264390945435  -0.2292238026857376
   11332    -0.5588748455047607  -0.06444744020700455  0.016659894958138466
   11333    -0.2424074411392212  1.3228697776794434  0.7169522047042847
   11334    -1.1644188165664673  1.3658026456832886  0.34070858359336853
   11335    -1.0329326391220093  1.3301820755004883  0.41262272000312805
   11336    -0.9705098271369934  1.065371036529541  0.7323196530342102
   11337    -1.1253582239151  1.8100814819335938  0.5780367851257324
   11338    0.05693482980132103  0.34575268626213074  -0.6008093953132629
   11339    -0.2527962625026703  0.7309885025024414  0.9493417143821716
   11340    -0.3731759786605835  0.6035515666007996  -0.6490526795387268
   11341    0.2906039357185364  0.30306538939476013  0.9783120155334473
   11342    -0.7396140098571777  -0.06086990237236023  -0.06123354285955429
   11343    -0.5157690644264221  0.8693196773529053  -0.24730081856250763
   11344    0.5573111772537231  -0.05046948790550232  0.6841375827789307
   11345    -0.49526447057724  -0.12209326773881912  -0.48460596799850464
   11346    0.02960493601858616  1.0027821063995361  0.8165194988250732
   11347    0.10102347284555435  1.0560394525527954  0.8333974480628967
   11348    -1.458579659461975  1.5162674188613892  1.0129486322402954
   11349    0.1190122738480568  1.0028278827667236  0.8858166337013245
   11350    0.15425457060337067  0.8840848207473755  0.8402500748634338
   11351    -0.5944490432739258  0.9476616978645325  -0.42779824137687683
   11352    -1.64218270778656  2.0067062377929688  0.22749502956867218
   11353    0.009885967709124088  -0.036672141402959824  -0.4920874834060669
   11354    -0.4463305175304413  1.4175844192504883  0.09557035565376282
   11355    -0.20170220732688904  0.7168111205101013  1.0868498086929321
   11356    0.2119545042514801  1.1852202415466309  0.6386947631835938
   11357    0.5723733305931091  0.10654966533184052  -0.16203388571739197
   11358    -0.4251321256160736  0.04724626615643501  -0.3194804787635803
   11359    -0.45496684312820435  0.12114589661359787  -0.4107778072357178
   11360    -1.2362357378005981  0.6286388039588928  -0.026211198419332504
   11361    0.23755742609500885  0.9525877237319946  -0.4364253878593445
   11362    -0.9518991112709045  0.019717460498213768  0.3633032739162445
   11363    -1.6817024946212769  1.3658649921417236  0.3826405107975006
   11364    -1.6184628009796143  1.551576018333435  1.0024667978286743
   11365    -0.8685284852981567  0.981836199760437  0.7906739711761475
   11366    -0.7728303074836731  1.0193159580230713  0.7498695850372314
   11367    -1.056588053703308  1.0677376985549927  0.7587978839874268
   11368    -1.5434585809707642  1.0024957656860352  0.3630872666835785
   11369    -0.6423344612121582  1.1368488073349  0.358961284160614
   11370    -0.388791561126709  0.9979861974716187  -0.3806905746459961
   11371    -1.0331741571426392  2.0527243614196777  -0.018479295074939728
   11372    -0.8729743361473083  1.2861297130584717  0.0392153337597847
   11373    -0.38059842586517334  0.003674088977277279  0.773098349571228
   11374    -0.30392494797706604  0.08970934897661209  -0.4193176329135895
   11375    -0.28232264518737793  0.27351513504981995  0.8567882776260376
   11376    0.0834975466132164  1.0082314014434814  0.5166290402412415
   11377    0.09851395338773727  1.1633496284484863  -0.2679065763950348
   11378    0.6548184752464294  0.6694932579994202  0.5492705702781677
   11379    -1.1327502727508545  1.6292104721069336  -0.05966583639383316
   11380    -1.4422707557678223  1.7712239027023315  -0.08734620362520218
   11381    -0.7876883149147034  0.13356176018714905  -0.17687220871448517
   11382    -0.428699254989624  0.773824155330658  1.0303218364715576
   11383    0.4576147794723511  0.08300463110208511  0.7668453454971313
   11384    0.30999407172203064  0.3266536593437195  0.8796879649162292
   11385    -0.31431809067726135  0.21286611258983612  -0.6698946356773376
   11386    0.10853361338376999  1.247033715248108  -0.19517585635185242
   11387    -1.5854727029800415  1.3119237422943115  0.5905933380126953
   11388    -1.4924671649932861  1.296635627746582  0.6849935054779053
   11389    -1.419480323791504  1.3919470310211182  0.630527138710022
   11390    -0.08526351302862167  -0.1693267673254013  0.8761066198348999
   11391    0.7618436217308044  1.030347228050232  0.04230298101902008
   11392    -0.9999294877052307  1.5165495872497559  0.0028413929976522923
   11393    -1.1556601524353027  2.0008134841918945  0.43395721912384033
   11394    -0.5738357305526733  0.7382442951202393  0.7590952515602112
   11395    -1.1454315185546875  1.1809275150299072  0.14366678893566132
   11396    -0.5048834681510925  0.2759454846382141  -0.2811814844608307
   11397    -0.7978029847145081  0.6754598617553711  0.6814227104187012
   11398    -0.8317794799804688  0.607270359992981  0.8018285036087036
   11399    -0.9491319060325623  0.18425484001636505  -0.0749555453658104
   11400    -0.2713838219642639  -0.11769910901784897  0.8426976203918457
   11401    -1.446533441543579  2.0943398475646973  -0.1644451767206192
   11402    0.3223962187767029  0.0744047537446022  -0.2961035966873169
   11403    -1.124874234199524  0.4727199673652649  -0.22950494289398193
   11404    0.02126072719693184  0.7645212411880493  0.9077807664871216
   11405    -1.4276015758514404  1.3702335357666016  1.0231149196624756
   11406    -1.3895013332366943  1.6806756258010864  0.018767835572361946
   11407    0.2348598837852478  1.4706480503082275  -0.07237041741609573
   11408    -1.592979073524475  1.3519500494003296  0.7625124454498291
   11409    -0.2517569065093994  0.28316161036491394  -0.5672347545623779
   11410    -0.26249241828918457  0.7118222117424011  -0.6428295969963074
   11411    -0.06594068557024002  0.18542680144309998  -0.3472577929496765
   11412    0.0779249295592308  0.17778900265693665  -0.5280206203460693
   11413    -0.4881734848022461  0.20468272268772125  -0.38216400146484375
   11414    -0.5804378986358643  0.1880582869052887  -0.326600581407547
   11415    -0.9984450936317444  0.8638992309570312  0.07962016016244888
   11416    -1.5574557781219482  1.271820306777954  0.23049543797969818
   11417    -1.5920898914337158  1.3030694723129272  0.7264925837516785
   11418    -0.0812138020992279  0.8513467311859131  1.0612901449203491
   11419    -0.004164599347859621  -0.11100958287715912  -0.32583847641944885
   11420    -0.7436172962188721  0.27073922753334045  0.12411876767873764
   11421    -1.7098875045776367  0.7488259077072144  0.3164754807949066
   11422    0.11332638561725616  -0.1846293807029724  0.6852112412452698
   11423    -0.4680684506893158  0.08710962533950806  -0.335491418838501
   11424    -1.0720956325531006  1.3691740036010742  -0.16102559864521027
   11425    -1.0204930305480957  1.349348545074463  -0.048702362924814224
   11426    -1.0674664974212646  1.213709831237793  0.7123222947120667
   11427    -1.090369701385498  1.2110222578048706  0.6312886476516724
   11428    -1.1165670156478882  0.2877810001373291  0.06253424286842346
   11429    -0.6334355473518372  0.4897597134113312  0.7584487795829773
   11430    -0.15317508578300476  0.2447589486837387  1.0829472541809082
   11431    -0.6958045959472656  0.05317874625325203  -0.17198029160499573
   11432    -0.9323049187660217  1.2064247131347656  -0.2952917814254761
   11433    -0.5010062456130981  1.1884468793869019  -0.32978859543800354
   11434    -0.5848982334136963  1.1474453210830688  -0.3256659507751465
   11435    -0.047711558640003204  1.31694495677948  0.3071342706680298
   11436    -0.362201452255249  1.1284950971603394  -0.2128879278898239
   11437    -0.2371559888124466  1.0369324684143066  -0.22632217407226562
   11438    -1.0039939880371094  1.3065513372421265  0.6237083673477173
   11439    0.4792479872703552  -0.2224286049604416  0.3287220001220703
   11440    0.09796269983053207  -0.0707516074180603  0.8662797212600708
   11441    -0.5035347938537598  0.14536581933498383  -0.23722337186336517
   11442    -1.3944463729858398  1.081801414489746  -0.1344727873802185
   11443    -0.18347413837909698  0.012408427894115448  0.9712992906570435
   11444    -0.9486013650894165  -0.19592410326004028  0.07064909487962723
   11445    -0.3973488211631775  -0.16896748542785645  0.06554887443780899
   11446    0.3124704658985138  1.365123987197876  0.3967806398868561
   11447    -0.8906654119491577  0.7943754196166992  -0.295466810464859
   11448    -0.5682054758071899  0.14229846000671387  -0.3448910415172577
   11449    -1.366884708404541  0.5784118175506592  -0.07321389764547348
   11450    -0.9969139099121094  0.798489511013031  -0.228645458817482
   11451    -0.17459812760353088  1.2488616704940796  -0.061206478625535965
   11452    0.7131969332695007  1.1190129518508911  0.028873981907963753
   11453    -0.5080078840255737  1.146844506263733  0.005416399799287319
   11454    -1.6895511150360107  1.1426417827606201  0.29868265986442566
   11455    -0.6994549036026001  0.7107535004615784  -0.20278967916965485
   11456    -0.7293343544006348  0.5160160064697266  -0.23974163830280304
   11457    -0.7867367267608643  0.5542382597923279  -0.0957145094871521
   11458    -0.6706265211105347  0.6599358916282654  -0.05006911978125572
   11459    -0.6099957823753357  0.023014841601252556  0.11107497662305832
   11460    -1.2490967512130737  1.4657738208770752  0.3657652735710144
   11461    -0.007016981951892376  0.29189860820770264  -0.6103035807609558
   11462    -0.534628689289093  -0.09005642682313919  -0.49879226088523865
   11463    -1.4577528238296509  1.5614352226257324  0.9931373596191406
   11464    -0.5670345425605774  0.9102281332015991  -0.3769330382347107
   11465    -0.22787611186504364  0.7498090267181396  1.0496314764022827
   11466    0.626399040222168  0.08586092293262482  -0.14468121528625488
   11467    0.6085793375968933  0.118485227227211  -0.21437998116016388
   11468    -0.3946079909801483  -0.008310115896165371  -0.25200530886650085
   11469    -0.9278782606124878  0.04621539264917374  0.33115577697753906
   11470    -1.552236795425415  0.9462073445320129  0.4680606722831726
   11471    -1.6102713346481323  1.0131280422210693  0.40557998418807983
   11472    -1.4902169704437256  1.0681394338607788  0.3547128140926361
   11473    -0.7929314374923706  1.0992382764816284  0.3483078181743622
   11474    -0.8910796642303467  1.1684401035308838  -0.0027225047815591097
   11475    0.45470017194747925  0.15392592549324036  0.7076641321182251
   11476    0.3426765203475952  0.2835613489151001  0.8790395259857178
   11477    -1.2254605293273926  1.9269814491271973  0.45940229296684265
   11478    -1.4397778511047363  2.147243022918701  -0.16154278814792633
   11479    -0.03063798137009144  0.8272227048873901  0.953981339931488
   11480    -1.3900789022445679  1.768462061882019  0.06111065298318863
   11481    -0.4787158966064453  0.214734748005867  -0.4457371234893799
   11482    -0.4230472445487976  0.2638704180717468  -0.3958474397659302
   11483    -1.08937668800354  1.2517201900482178  -0.07085470855236053
   11484    -1.0748268365859985  1.1300617456436157  0.636582612991333
   11485    -0.6969599723815918  0.52176833152771  0.6767180562019348
   11486    -0.9612792134284973  1.260947823524475  -0.26449882984161377
   11487    -0.12418879568576813  1.073026418685913  -0.13023699820041656
   11488    -0.5151445865631104  0.21730948984622955  -0.239101380109787
   11489    -0.8294692635536194  0.7813308835029602  -0.32017427682876587
   11490    -0.6810587644577026  -0.02496202662587166  0.10973901301622391
   11491    -0.7114490866661072  0.8403377532958984  -0.06987065076828003
   11492    -0.719976544380188  0.4561009109020233  -0.13158735632896423
   11493    -0.7825937271118164  0.4943868815898895  -0.20734891295433044
   11494    -0.6258375644683838  0.6636359095573425  -0.22661156952381134
   11495    0.5962868332862854  0.10530886054039001  -0.25755685567855835
   11496    0.5967763662338257  0.06158652529120445  -0.18650636076927185
   11497    -0.4322991669178009  -0.028292734175920486  -0.3149208724498749
   11498    -0.8660284280776978  0.05021996796131134  0.38013768196105957
   11499    -0.8909457921981812  0.03217022493481636  0.26838308572769165
   11500    -1.4902503490447998  1.0163968801498413  0.5109569430351257
   11501    -1.4350517988204956  1.1521573066711426  0.3286391794681549
   11502    -0.8478304147720337  1.2074652910232544  -0.07768478244543076
   11503    0.5157780647277832  0.21276172995567322  0.6241365671157837
   11504    -1.4402352571487427  2.155085325241089  -0.12536372244358063
   11505    -0.0279790461063385  0.847665011882782  0.8656147122383118
   11506    -1.2012056112289429  1.219658374786377  -0.05985455960035324
   11507    -0.4577402174472809  0.238981232047081  -0.25804924964904785
   11508    -0.8204715251922607  0.8521625399589539  -0.24370118975639343
   11509    -0.6905516982078552  0.06202958524227142  0.23725661635398865
   11510    -0.6859847903251648  0.8394219875335693  -0.1968473196029663
   11511    -0.8611116409301758  0.8108961582183838  -0.024358602240681648
   11512    -0.9239684343338013  -0.032828353345394135  0.2534961402416229
   11513    -0.8309779167175293  0.0005334794986993074  0.3169313669204712
   11514    -0.902237594127655  0.004572725854814053  0.39248570799827576
   11515    -0.8289015293121338  0.1377463936805725  0.4149244725704193
   11516    -0.8573176264762878  0.019477002322673798  0.4703877866268158
   11517    -0.9448263049125671  1.2010630369186401  -0.07686363160610199
   11518    0.3597123920917511  0.20535817742347717  0.5002420544624329
   11519    -1.1848279237747192  1.3022278547286987  -0.07960245758295059
   11520    -0.8518208265304565  -0.07701022922992706  0.27961859107017517
   11521    -0.8608413338661194  0.13243503868579865  0.511107861995697
   11522    -1.1368523836135864  1.3371524810791016  -0.13073758780956268
   11523    -1.2058751583099365  1.3695263862609863  -0.0700303465127945
   11524    -1.1652119159698486  1.2846251726150513  0.052350036799907684
   11525    -1.2219451665878296  1.302238941192627  0.19132044911384583
