5263  4  0
   0    1265  1083  1246  1026
   1    1227  696  1122  508
   2    843  233  49  333
   3    1124  622  677  31
   4    1168  281  1009  199
   5    1192  886  1151  786
   6    1072  814  820  694
   7    843  290  49  233
   8    163  1184  384  186
   9    1355  1070  1197  713
   10    843  368  546  125
   11    1259  1113  1161  1085
   12    1307  1030  1105  1074
   13    362  832  181  427
   14    1071  182  1010  282
   15    1212  585  1083  192
   16    1039  303  201  703
   17    1107  153  755  939
   18    1040  206  86  314
   19    819  682  954  827
   20    1286  1101  1151  1030
   21    1107  1016  1034  939
   22    1180  829  94  453
   23    1171  1044  1164  1046
   24    844  387  642  789
   25    707  124  311  519
   26    1063  358  1017  357
   27    1107  939  1034  63
   28    1277  849  1243  1236
   29    1003  246  552  7
   30    807  416  1177  971
   31    254  882  1082  255
   32    1259  1085  1159  1113
   33    1251  1011  1183  1134
   34    590  159  756  532
   35    310  14  627  431
   36    1060  46  1020  478
   37    1233  109  1166  865
   38    407  1145  1344  810
   39    1150  590  335  902
   40    1281  425  647  961
   41    1040  205  206  404
   42    1341  1185  1209  1011
   43    163  284  600  247
   44    1114  1028  1073  1033
   45    1224  913  1029  599
   46    1292  224  1223  641
   47    1061  144  1055  523
   48    1268  613  1198  309
   49    859  900  186  386
   50    1157  282  1124  1010
   51    1014  479  177  512
   52    1240  240  779  711
   53    1197  768  1196  301
   54    1286  1210  1270  1077
   55    1029  913  252  800
   56    1140  162  1092  558
   57    234  83  1339  885
   58    1321  1015  1307  1024
   59    1264  1087  1135  864
   60    1020  892  269  46
   61    1260  906  1244  171
   62    1174  237  1152  499
   63    1150  591  851  410
   64    979  39  576  1218
   65    901  324  774  47
   66    1122  1012  1117  1089
   67    843  333  175  233
   68    1305  215  643  595
   69    775  633  953  973
   70    107  300  379  220
   71    1071  420  677  772
   72    311  290  125  124
   73    1280  201  1039  303
   74    1165  930  757  102
   75    1273  1085  1261  299
   76    1221  790  196  280
   77    1037  869  118  706
   78    1217  1022  1087  1051
   79    119  872  884  775
   80    119  775  884  183
   81    1111  300  107  442
   82    471  35  722  253
   83    1336  515  956  8
   84    1226  981  894  854
   85    1344  860  1145  407
   86    232  186  898  900
   87    1072  111  375  794
   88    235  749  202  272
   89    1226  115  675  854
   90    45  186  739  270
   91    465  488  190  771
   92    327  19  391  1158
   93    1060  742  351  117
   94    1297  932  1213  194
   95    1317  952  1253  1139
   96    1238  33  269  892
   97    1082  51  275  848
   98    1059  1015  1051  1022
   99    1120  213  834  917
   100    1221  250  822  110
   101    232  186  900  503
   102    1213  1068  1182  1069
   103    571  13  1099  62
   104    1274  966  1106  877
   105    1157  461  1124  943
   106    1294  501  570  340
   107    1096  822  418  626
   108    174  175  951  383
   109    1125  854  116  115
   110    1048  659  342  656
   111    520  611  767  71
   112    1180  945  725  355
   113    402  390  738  37
   114    722  159  35  471
   115    1178  241  435  436
   116    1203  286  984  395
   117    900  188  707  774
   118    951  383  175  955
   119    1167  1053  1116  697
   120    1336  956  1333  957
   121    1303  1081  1289  1119
   122    1329  220  928  70
   123    1054  296  86  910
   124    1228  217  1216  1156
   125    1279  11  1083  1036
   126    1280  1039  1148  303
   127    1147  491  920  586
   128    145  386  859  343
   129    1058  452  1052  461
   130    1228  669  1156  476
   131    354  725  726  918
   132    1241  574  1098  1067
   133    1188  99  1181  1073
   134    1166  529  315  564
   135    343  384  247  456
   136    1170  1120  1122  1056
   137    756  346  749  532
   138    1065  754  1016  52
   139    1264  512  1135  513
   140    1301  1179  1266  1046
   141    311  124  125  519
   142    983  468  108  787
   143    1102  283  312  796
   144    1186  1091  1128  1059
   145    105  294  1267  181
   146    1207  1030  1192  1118
   147    1280  1188  1222  1189
   148    526  471  335  722
   149    1058  813  671  187
   150    1333  1056  1330  1005
   151    376  811  392  289
   152    634  103  247  456
   153    1069  1048  620  747
   154    91  451  748  948
   155    93  758  354  832
   156    583  343  386  55
   157    1158  19  108  468
   158    590  532  756  235
   159    1167  736  1002  321
   160    1138  209  470  422
   161    1063  560  374  116
   162    1309  630  1175  1133
   163    1307  341  1094  42
   164    1241  372  87  288
   165    1097  662  944  836
   166    1150  235  202  272
   167    1256  909  421  142
   168    1096  687  505  65
   169    1025  139  349  867
   170    1122  325  834  508
   171    1132  978  120  516
   172    1091  712  408  934
   173    343  384  186  247
   174    1117  683  1111  81
   175    790  280  1221  701
   176    1169  358  486  559
   177    1288  985  692  555
   178    1339  1007  1082  1043
   179    1312  1088  1232  1067
   180    1160  1008  1075  1042
   181    35  722  803  225
   182    1155  1016  1075  405
   183    1252  240  1137  779
   184    1300  570  1153  1099
   185    1061  56  919  268
   186    1352  1322  1329  1311
   187    1259  237  1116  1108
   188    427  758  93  832
   189    1323  1156  1278  1216
   190    1128  656  1048  264
   191    590  756  159  335
   192    471  335  159  756
   193    202  328  152  126
   194    367  251  749  992
   195    55  298  386  145
   196    1086  497  1063  897
   197    1228  575  139  867
   198    902  328  524  773
   199    1050  618  10  594
   200    496  667  284  911
   201    1209  1011  1185  1066
   202    1054  444  86  296
   203    1059  71  408  319
   204    1139  356  495  128
   205    1063  1  1060  708
   206    1350  121  1121  540
   207    1167  710  1116  1113
   208    832  705  176  41
   209    1133  148  1110  24
   210    1261  770  1206  15
   211    183  775  627  310
   212    1200  730  1134  170
   213    1129  506  70  379
   214    1282  652  1174  936
   215    1240  378  779  467
   216    1217  1059  1135  1087
   217    1066  962  315  529
   218    963  682  92  945
   219    1198  170  1023  309
   220    1050  832  431  594
   221    1091  712  320  167
   222    1087  1022  1059  1051
   223    1327  1278  1326  1064
   224    298  145  921  247
   225    1233  95  744  580
   226    1116  697  1053  291
   227    225  782  35  722
   228    92  566  1180  832
   229    1172  1291  910  404
   230    1189  433  98  615
   231    616  731  1147  414
   232    1282  409  308  366
   233    1036  150  294  788
   234    1301  1046  1243  516
   235    1128  728  934  656
   236    1356  469  198  510
   237    1107  153  63  452
   238    327  1009  787  19
   239    1255  744  1233  1066
   240    1150  851  335  590
   241    1338  1067  1232  1004
   242    902  727  253  335
   243    494  450  901  323
   244    1163  741  183  702
   245    1334  517  1002  680
   246    436  10  824  549
   247    1053  291  697  322
   248    1084  385  1072  794
   249    1113  366  25  710
   250    374  1060  1063  116
   251    1231  801  1084  776
   252    1272  723  1154  1041
   253    627  445  185  872
   254    529  566  945  819
   255    161  405  423  856
   256    1166  569  429  78
   257    1048  620  657  389
   258    1082  882  848  643
   259    973  183  741  97
   260    1037  397  1000  297
   261    1217  209  1175  514
   262    1343  17  1181  768
   263    1289  1081  1242  1119
   264    1173  507  1155  549
   265    546  233  175  48
   266    1031  456  634  247
   267    1224  618  1001  119
   268    1047  455  370  165
   269    1221  250  969  701
   270    311  49  843  290
   271    832  705  41  668
   272    1058  461  648  452
   273    1143  334  994  136
   274    661  445  229  1097
   275    1028  305  306  541
   276    1273  1153  1261  1085
   277    1200  1066  1185  1011
   278    453  256  431  832
   279    1337  1006  1335  1325
   280    1228  669  867  879
   281    831  234  885  611
   282    305  149  1156  596
   283    1043  611  885  260
   284    1167  1002  1053  321
   285    1086  1020  1063  1060
   286    1345  416  171  875
   287    338  107  220  3
   288    1189  942  1188  433
   289    1078  792  280  75
   290    1346  1021  1326  1144
   291    9  231  1271  439
   292    1140  558  347  162
   293    1052  452  63  461
   294    1106  389  1048  967
   295    1168  1009  1049  490
   296    1301  645  1230  862
   297    395  59  959  544
   298    312  587  1080  16
   299    1016  168  405  52
   300    687  733  721  505
   301    1095  1040  1063  314
   302    818  62  1294  584
   303    1254  79  419  401
   304    1002  736  881  517
   305    1117  248  804  604
   306    1220  1183  1191  341
   307    1197  998  352  768
   308    1029  549  436  824
   309    1257  613  601  258
   310    1254  1072  619  959
   311    1320  134  1210  1105
   312    1151  1024  1118  1030
   313    1084  801  1057  536
   314    202  749  152  272
   315    1088  29  326  242
   316    49  955  333  765
   317    195  374  739  103
   318    1357  1146  1356  1195
   319    1088  169  114  977
   320    471  35  225  782
   321    498  386  583  186
   322    1214  517  1165  1002
   323    1223  224  753  641
   324    1314  1155  1287  1016
   325    1161  743  236  9
   326    1033  606  821  373
   327    1344  1273  1321  860
   328    1337  1017  1193  1146
   329    1090  405  1075  1016
   330    504  258  601  613
   331    1340  1308  1318  1038
   332    617  21  1286  84
   333    823  189  933  662
   334    1151  1101  1145  1024
   335    1320  1105  1210  1207
   336    1312  666  1088  242
   337    1161  472  112  308
   338    1230  978  1132  785
   339    1162  74  474  825
   340    226  21  617  84
   341    159  35  471  782
   342    202  235  756  749
   343    1114  1008  1042  1026
   344    1105  555  1074  988
   345    933  58  661  189
   346    1080  606  605  283
   347    1304  1072  1254  1104
   348    673  42  729  506
   349    1235  1170  1201  1173
   350    1112  923  938  306
   351    1228  669  879  44
   352    506  309  1023  1115
   353    1351  204  88  806
   354    1159  1062  1108  1027
   355    765  844  49  955
   356    1100  1051  1059  1007
   357    1014  177  430  791
   358    1242  1053  1081  530
   359    1269  976  1148  1039
   360    1267  94  1050  929
   361    1031  384  739  456
   362    1095  448  894  18
   363    1357  1342  1355  1070
   364    817  1204  763  556
   365    1294  1162  1206  1153
   366    1147  327  586  465
   367    274  505  721  733
   368    1256  421  1118  572
   369    1097  823  302  189
   370    1117  70  365  379
   371    1321  1108  1284  1159
   372    1050  94  1023  1001
   373    1356  277  1205  1070
   374    1037  293  706  960
   375    125  290  368  124
   376    60  451  239  782
   377    1061  268  919  980
   378    1321  1284  1285  1159
   379    1357  1070  1337  1250
   380    1075  982  39  482
   381    188  494  901  774
   382    1297  1322  737  473
   383    42  309  170  792
   384    1007  1100  1043  260
   385    724  592  346  91
   386    1323  1039  1062  1027
   387    3  928  737  220
   388    338  379  928  70
   389    1311  194  1297  737
   390    1099  571  62  502
   391    1343  1073  1258  1080
   392    1053  388  291  965
   393    1038  1074  1207  1030
   394    843  368  125  290
   395    427  758  832  668
   396    1217  1014  1135  1059
   397    1292  805  1223  1199
   398    1129  210  816  441
   399    1200  613  924  170
   400    1110  84  595  140
   401    832  732  400  752
   402    1295  488  731  61
   403    1094  341  802  42
   404    1053  965  291  286
   405    832  594  400  732
   406    726  624  354  918
   407    1184  163  1031  284
   408    1103  293  582  357
   409    832  873  565  752
   410    1325  1245  1041  1154
   411    1221  1078  701  280
   412    391  327  1291  96
   413    1354  1137  1240  1122
   414    1264  883  513  950
   415    1091  167  320  479
   416    14  185  627  445
   417    481  898  163  667
   418    1189  1028  1073  1013
   419    1179  812  1171  550
   420    933  661  58  1097
   421    106  914  824  549
   422    1104  563  1053  395
   423    1257  310  601  702
   424    282  795  1071  182
   425    873  431  627  14
   426    1221  75  1096  1078
   427    953  229  1097  81
   428    14  661  185  445
   429    119  775  183  973
   430    1230  1126  1179  1044
   431    1086  1020  1060  46
   432    1271  493  1161  439
   433    1129  379  1117  1089
   434    1255  716  371  64
   435    1332  550  812  975
   436    336  156  1229  348
   437    1243  1045  1204  1132
   438    1188  437  99  588
   439    1054  296  547  363
   440    1116  172  228  697
   441    1304  1115  1263  1121
   442    1106  90  793  967
   443    1063  195  374  560
   444    1098  574  372  835
   445    863  52  405  168
   446    1112  597  66  923
   447    961  56  1160  393
   448    1107  553  452  926
   449    1049  780  839  398
   450    1236  1083  1164  449
   451    1237  1115  1235  1028
   452    1098  1042  1067  1004
   453    743  9  1271  439
   454    1333  1034  1330  1065
   455    212  170  861  924
   456    1098  614  1067  574
   457    1265  1243  1246  1191
   458    1063  708  1060  374
   459    1257  702  1127  310
   460    1063  314  195  560
   461    1132  120  1045  516
   462    1106  389  1069  1048
   463    1110  140  275  941
   464    1274  877  1106  1005
   465    1355  276  352  998
   466    243  990  1204  817
   467    775  872  633  973
   468    97  229  953  633
   469    1167  578  1141  406
   470    1164  326  1088  29
   471    1217  514  1135  610
   472    1118  572  693  197
   473    1196  628  1126  811
   474    137  883  512  513
   475    1190  356  128  777
   476    932  747  1213  194
   477    1257  309  504  613
   478    1294  122  1162  825
   479    1112  606  1033  373
   480    1147  488  465  771
   481    933  300  97  944
   482    1351  1093  1281  426
   483    741  683  97  379
   484    1347  1064  1216  1062
   485    93  354  758  999
   486    732  431  310  627
   487    1223  641  994  67
   488    1302  1017  1169  1131
   489    1098  835  464  781
   490    40  973  953  683
   491    1082  848  275  643
   492    1175  950  514  422
   493    141  511  1186  735
   494    1226  591  1150  675
   495    1352  1012  1068  1022
   496    884  872  185  775
   497    775  633  97  953
   498    14  310  627  185
   499    884  185  627  775
   500    1063  708  374  195
   501    1337  1017  1146  1000
   502    212  170  924  613
   503    1098  12  574  835
   504    1260  171  1219  687
   505    1280  799  201  303
   506    872  633  445  185
   507    1309  950  1264  1175
   508    1103  357  1086  1017
   509    775  953  97  973
   510    1176  521  328  773
   511    944  662  933  189
   512    612  424  614  1067
   513    1282  936  1062  236
   514    933  633  445  1097
   515    159  471  756  782
   516    1048  342  659  887
   517    1315  1045  1299  1204
   518    97  683  953  81
   519    1354  1056  1333  1137
   520    1098  835  751  464
   521    1037  118  191  61
   522    775  183  973  97
   523    1195  1131  1158  1017
   524    1048  227  967  342
   525    1095  478  1063  1020
   526    1112  1033  1090  542
   527    565  627  873  732
   528    391  271  1158  108
   529    1331  1045  1299  1202
   530    40  973  97  953
   531    40  973  741  97
   532    40  953  97  683
   533    40  97  741  683
   534    367  992  749  126
   535    185  310  627  775
   536    1221  822  1096  626
   537    1298  24  1110  179
   538    1167  406  680  578
   539    1295  780  1147  1049
   540    107  338  1111  442
   541    427  668  705  758
   542    661  933  185  445
   543    1251  1011  1212  1183
   544    884  872  627  185
   545    1244  797  1118  907
   546    1053  286  563  965
   547    884  775  627  183
   548    1334  477  840  218
   549    972  328  202  126
   550    1231  1084  1119  330
   551    884  183  627  310
   552    884  310  627  732
   553    119  872  775  973
   554    1266  157  193  812
   555    1191  77  849  557
   556    884  445  627  872
   557    1257  184  1127  258
   558    1172  205  1040  404
   559    843  233  368  290
   560    1080  605  101  964
   561    594  732  884  618
   562    725  832  427  93
   563    1217  209  762  441
   564    997  817  1204  990
   565    1111  683  97  81
   566    119  973  633  872
   567    484  618  824  10
   568    1125  18  894  369
   569    1330  1235  1324  1056
   570    1095  560  1063  155
   571    1263  935  1104  138
   572    1200  730  861  714
   573    1114  1033  1080  1008
   574    507  598  106  599
   575    1182  1012  1137  1068
   576    1255  716  962  480
   577    1085  308  112  76
   578    1186  408  1091  1059
   579    1252  937  1069  826
   580    484  914  599  824
   581    1095  136  994  223
   582    1176  675  1150  272
   583    1242  259  375  694
   584    1057  540  801  341
   585    1040  991  608  837
   586    1306  1012  1068  1032
   587    1163  506  1089  741
   588    1075  982  1218  39
   589    1313  422  1175  1138
   590    599  914  106  549
   591    1250  1079  1245  1049
   592    1158  1009  1147  190
   593    1268  309  1163  702
   594    1101  1015  1051  1007
   595    564  566  829  529
   596    1203  1072  1104  820
   597    599  549  824  914
   598    1043  767  520  611
   599    1223  1018  1199  1143
   600    1355  277  713  469
   601    1071  31  677  420
   602    1348  1162  1296  1025
   603    1251  94  1185  1023
   604    1313  830  1175  422
   605    1055  106  144  549
   606    1020  46  269  478
   607    1090  542  1033  833
   608    558  85  1140  347
   609    338  220  107  379
   610    1182  1068  1137  1069
   611    1162  896  474  74
   612    1278  1027  1064  1062
   613    1353  459  28  852
   614    1288  1094  1260  65
   615    1347  734  1216  245
   616    1311  670  816  210
   617    1291  391  1158  327
   618    1172  910  86  205
   619    1138  135  470  266
   620    1116  366  710  228
   621    1208  151  960  297
   622    939  168  1034  143
   623    379  1111  338  928
   624    1331  1121  1304  1263
   625    1241  751  372  288
   626    1286  595  1101  84
   627    1171  1088  1164  1044
   628    69  1003  1270  761
   629    1286  1030  1210  1077
   630    1173  1155  1055  549
   631    1107  153  1090  755
   632    1037  191  1000  61
   633    1125  136  381  334
   634    1259  1152  1174  237
   635    1170  1120  1149  508
   636    1061  268  144  523
   637    1306  1010  1137  1032
   638    1307  341  1121  1094
   639    1155  1008  1114  1026
   640    1264  513  137  512
   641    1203  694  820  0
   642    504  601  212  309
   643    1272  1004  1041  1006
   644    1140  255  947  130
   645    1168  983  509  178
   646    1328  1002  1214  1165
   647    1090  542  833  755
   648    1112  606  1080  1033
   649    1113  25  308  76
   650    1088  977  29  242
   651    709  708  1063  443
   652    405  833  863  168
   653    538  271  404  1291
   654    1063  357  897  358
   655    1302  845  1063  551
   656    1214  1310  653  477
   657    345  868  830  761
   658    1255  480  744  716
   659    1163  40  1089  913
   660    1209  1011  1066  95
   661    813  575  1228  669
   662    982  833  1218  39
   663    1315  817  1243  1204
   664    1111  300  97  379
   665    1258  1080  1142  587
   666    1308  1038  1303  1024
   667    1344  809  1334  1141
   668    1330  1016  1065  1034
   669    1227  1089  1122  804
   670    1122  804  1117  248
   671    1298  455  1047  165
   672    1121  1057  1094  341
   673    1122  325  248  846
   674    1345  1219  1260  171
   675    982  405  833  863
   676    1288  1074  1260  1094
   677    561  197  1118  329
   678    1124  1005  1071  877
   679    1328  1165  1214  1024
   680    1217  610  1135  210
   681    1249  1051  1133  1007
   682    833  39  373  821
   683    436  549  1178  241
   684    1227  252  1170  1029
   685    1280  99  1188  942
   686    1158  190  1147  488
   687    423  405  1075  856
   688    482  405  982  863
   689    520  866  1047  113
   690    1286  617  1192  1151
   691    1103  293  960  20
   692    1302  314  1195  1172
   693    392  811  1123  289
   694    1193  223  510  686
   695    1227  683  252  40
   696    1086  117  1060  497
   697    1255  280  196  790
   698    419  817  997  990
   699    1215  1170  1201  1056
   700    929  181  1050  1267
   701    1251  1011  1134  1023
   702    416  720  180  987
   703    647  961  425  56
   704    1110  84  941  535
   705    1336  917  1122  846
   706    1047  370  1043  113
   707    1230  978  785  273
   708    1332  550  1171  812
   709    1227  696  1170  252
   710    1229  336  1045  120
   711    1009  19  327  1158
   712    1129  70  1117  379
   713    546  48  368  233
   714    1029  824  484  599
   715    1232  22  759  784
   716    1349  778  1138  133
   717    1276  1044  1187  1088
   718    1140  130  681  255
   719    1173  1055  1109  1029
   720    1211  581  940  580
   721    1165  102  757  909
   722    790  719  196  1255
   723    437  336  1229  348
   724    1235  1056  1201  1170
   725    93  999  132  918
   726    725  832  93  354
   727    1073  99  475  433
   728    1065  754  1034  168
   729    1132  785  978  516
   730    1096  274  721  43
   731    1050  832  453  431
   732    670  194  1311  737
   733    1110  275  179  941
   734    1138  266  209  441
   735    163  859  774  494
   736    1135  319  1059  479
   737    1233  95  1066  744
   738    1264  514  1175  950
   739    1346  1058  1326  1156
   740    1054  995  444  296
   741    1289  572  1256  1118
   742    1300  1048  1106  1032
   743    1220  1134  1183  341
   744    1043  113  611  520
   745    1212  192  674  585
   746    855  154  614  612
   747    1147  222  616  414
   748    1243  1132  1204  516
   749    1047  71  520  767
   750    967  389  1048  342
   751    1174  640  1062  53
   752    1063  497  1060  1
   753    1107  1016  1090  1028
   754    1063  551  195  314
   755    1238  33  1125  115
   756    1255  790  1066  280
   757    1057  536  801  540
   758    1338  1004  1232  1041
   759    427  999  93  758
   760    1218  460  203  979
   761    1047  113  1043  520
   762    1158  391  1291  271
   763    755  833  1090  168
   764    1037  706  118  960
   765    1138  133  470  750
   766    1113  308  1085  76
   767    1340  1094  1308  1057
   768    1194  1095  1146  686
   769    1138  441  135  266
   770    1208  20  960  151
   771    1160  850  961  393
   772    1097  633  97  933
   773    428  705  176  758
   774    391  108  1158  19
   775    1139  698  1103  952
   776    1254  1072  385  619
   777    1095  155  1063  116
   778    1296  1085  1271  896
   779    1174  499  1152  703
   780    1317  73  1272  399
   781    1095  136  223  686
   782    1140  558  1082  85
   783    1279  242  1088  326
   784    1089  1023  1220  1115
   785    400  594  41  732
   786    400  732  41  752
   787    1181  1073  1114  1013
   788    400  41  968  752
   789    427  705  999  758
   790    1273  1206  1261  1153
   791    1279  326  1164  449
   792    1101  1030  1077  1015
   793    1206  285  265  533
   794    707  774  188  324
   795    174  48  175  233
   796    1354  1120  1336  1333
   797    188  898  494  900
   798    103  709  708  1
   799    1208  949  73  151
   800    1146  608  510  198
   801    1102  925  128  203
   802    298  247  343  145
   803    1060  374  1031  45
   804    1142  597  304  66
   805    1325  1006  1234  1079
   806    1061  1160  56  665
   807    1075  856  1155  423
   808    1128  1068  1069  1032
   809    1101  1015  1077  1051
   810    1143  67  892  16
   811    1357  1195  1283  1158
   812    1221  250  110  969
   813    951  955  764  383
   814    722  159  471  335
   815    844  386  503  49
   816    434  221  346  34
   817    600  284  634  247
   818    186  384  163  247
   819    462  34  870  36
   820    1131  486  678  191
   821    1050  431  1001  310
   822    60  91  346  592
   823    1155  1016  1090  1075
   824    1112  1090  1107  306
   825    1333  1056  1120  1065
   826    1286  595  1145  1101
   827    900  859  188  774
   828    844  789  642  765
   829    1356  713  1355  277
   830    503  233  49  290
   831    1265  1114  1246  1013
   832    1200  170  1134  1023
   833    1002  736  517  102
   834    1276  114  392  289
   835    1166  529  829  355
   836    1254  536  1057  540
   837    859  386  583  343
   838    1352  37  1322  1240
   839    1016  52  754  168
   840    1305  84  1110  1101
   841    450  911  163  667
   842    1242  530  1203  1053
   843    1086  644  279  356
   844    1198  453  1127  94
   845    1106  877  1071  1005
   846    163  898  450  667
   847    724  36  34  462
   848    359  221  871  462
   849    1252  1106  1137  966
   850    1200  518  1066  257
   851    49  503  311  774
   852    1330  1005  1052  1035
   853    583  859  343  186
   854    1244  573  798  797
   855    145  386  343  298
   856    1147  190  465  488
   857    1298  179  1110  275
   858    600  145  343  247
   859    1259  1108  1159  1062
   860    343  247  163  600
   861    343  247  186  163
   862    600  145  859  343
   863    343  163  859  600
   864    343  163  186  859
   865    1311  1022  1068  1059
   866    1226  675  1176  854
   867    901  47  774  323
   868    1257  601  1127  184
   869    898  481  163  186
   870    898  186  232  593
   871    367  871  359  699
   872    163  898  186  859
   873    859  900  188  494
   874    1274  1035  1124  1005
   875    707  503  900  774
   876    1246  1115  1235  1220
   877    96  190  363  547
   878    951  173  764  955
   879    174  333  175  383
   880    174  233  175  333
   881    498  49  844  503
   882    900  774  386  859
   883    333  49  843  175
   884    843  233  546  368
   885    1055  161  523  695
   886    1105  1030  1207  1074
   887    1184  117  1060  351
   888    175  383  333  955
   889    202  152  749  126
   890    1147  465  586  27
   891    1155  1033  1114  1008
   892    498  386  55  583
   893    764  765  955  642
   894    764  642  955  173
   895    764  765  333  955
   896    764  955  333  383
   897    764  383  333  765
   898    764  765  642  789
   899    764  642  173  789
   900    537  364  1104  852
   901    531  359  749  152
   902    1354  1333  1336  1225
   903    1140  255  1082  947
   904    1239  1043  1092  307
   905    1295  562  1245  1154
   906    1281  961  647  56
   907    1203  322  1053  530
   908    1268  506  1163  309
   909    1150  381  958  591
   910    1298  1007  1133  1047
   911    1343  1181  1196  768
   912    707  47  324  124
   913    1198  258  1127  453
   914    481  186  593  270
   915    91  717  748  782
   916    909  142  1289  857
   917    1296  1085  1261  1153
   918    311  290  843  125
   919    1252  1182  1240  1137
   920    707  774  311  503
   921    498  765  49  333
   922    843  175  546  233
   923    1298  370  1092  1043
   924    1343  1004  1114  1008
   925    1332  1164  1171  975
   926    37  688  1240  603
   927    498  49  503  333
   928    1313  208  1077  629
   929    498  765  844  49
   930    1272  1093  986  890
   931    1235  1026  1173  1155
   932    707  290  311  124
   933    503  333  49  233
   934    1141  82  200  810
   935    298  55  386  343
   936    498  765  55  844
   937    1274  655  700  956
   938    283  821  460  925
   939    1257  702  601  309
   940    498  503  386  186
   941    55  789  844  765
   942    901  324  188  774
   943    1306  1021  1285  1284
   944    494  900  898  859
   945    707  47  774  324
   946    1156  305  541  476
   947    47  519  707  774
   948    1002  321  736  102
   949    1210  134  543  411
   950    748  717  346  532
   951    1292  1080  1258  587
   952    642  844  765  955
   953    503  707  900  290
   954    503  49  311  290
   955    55  765  764  789
   956    386  774  900  503
   957    503  311  707  290
   958    55  145  789  921
   959    55  921  789  298
   960    55  298  145  921
   961    55  145  386  387
   962    55  387  789  145
   963    1306  1015  1032  1022
   964    55  386  844  387
   965    55  387  844  789
   966    498  844  55  386
   967    498  503  844  386
   968    1075  856  1055  1155
   969    1295  731  1147  211
   970    749  126  992  251
   971    1200  924  861  170
   972    36  724  34  870
   973    871  462  221  870
   974    1107  306  1090  542
   975    972  328  126  992
   976    1255  716  744  371
   977    1118  1024  1038  1030
   978    567  724  238  34
   979    221  34  434  870
   980    1354  1005  1333  1225
   981    748  532  782  717
   982    346  717  221  532
   983    1355  713  352  469
   984    1254  663  419  79
   985    1333  1035  1330  1034
   986    1270  1003  7  761
   987    1191  192  1183  1083
   988    1210  1003  1207  329
   989    1155  1042  1075  1008
   990    1155  1075  1090  1033
   991    1226  981  1176  773
   992    235  531  749  272
   993    367  251  359  749
   994    335  902  590  756
   995    1273  285  1206  533
   996    367  699  359  251
   997    1041  104  230  1154
   998    462  34  221  870
   999    900  186  386  503
   1000    1120  213  632  834
   1001    1345  988  1320  692
   1002    1106  90  1071  877
   1003    1117  365  1111  379
   1004    152  272  749  531
   1005    481  270  739  186
   1006    1155  1055  1075  1042
   1007    367  126  749  152
   1008    851  335  526  727
   1009    1253  495  1139  88
   1010    1083  11  449  585
   1011    1256  1151  1165  1024
   1012    1156  476  149  305
   1013    1157  1010  1124  1052
   1014    255  1140  1082  254
   1015    1298  165  1133  24
   1016    367  251  992  699
   1017    208  69  543  1270
   1018    1286  1101  1110  84
   1019    36  462  871  870
   1020    992  328  126  367
   1021    1327  1021  1285  1144
   1022    759  22  1187  639
   1023    367  152  749  359
   1024    1311  670  737  816
   1025    722  526  878  568
   1026    1100  318  1047  866
   1027    235  756  590  202
   1028    948  225  803  782
   1029    1034  80  545  143
   1030    1323  1062  1216  1064
   1031    1281  424  1098  647
   1032    1254  401  1104  841
   1033    1357  1070  1356  1337
   1034    531  532  756  749
   1035    531  749  756  235
   1036    531  235  756  532
   1037    1333  1005  1330  1035
   1038    1147  465  27  771
   1039    1316  576  1160  1075
   1040    1324  1005  1306  1010
   1041    1250  1049  1158  1009
   1042    362  427  725  832
   1043    359  221  434  870
   1044    359  870  699  871
   1045    359  221  531  532
   1046    359  532  531  749
   1047    1037  118  397  297
   1048    1355  469  352  889
   1049    1320  1207  1210  1177
   1050    359  434  749  251
   1051    359  870  251  699
   1052    359  434  251  870
   1053    1002  881  680  517
   1054    359  532  346  221
   1055    359  346  434  221
   1056    359  532  749  346
   1057    359  346  749  434
   1058    590  159  722  335
   1059    1168  492  57  199
   1060    1292  805  1080  587
   1061    1324  1056  1235  1115
   1062    1126  628  978  412
   1063    1160  56  1098  1061
   1064    1160  1067  1093  1004
   1065    1160  1067  1098  1093
   1066    1233  1166  1211  1066
   1067    1233  78  940  865
   1068    1157  282  648  943
   1069    1111  97  1097  81
   1070    1324  1284  1306  1115
   1071    1116  1019  1108  1053
   1072    1188  99  1073  433
   1073    1334  680  840  517
   1074    1151  421  653  886
   1075    374  1060  116  45
   1076    1103  20  582  293
   1077    748  782  948  451
   1078    568  722  35  878
   1079    1157  1052  1144  1010
   1080    1184  911  284  667
   1081    1319  398  1187  104
   1082    466  1157  1144  349
   1083    335  590  851  591
   1084    1336  545  956  129
   1085    1267  1029  1220  1036
   1086    1117  123  1111  365
   1087    722  526  568  335
   1088    1324  1021  1284  1237
   1089    878  253  722  35
   1090    526  253  471  722
   1091    819  827  865  109
   1092    1316  979  203  394
   1093    1221  822  418  110
   1094    1111  836  1097  944
   1095    1345  1074  1260  1219
   1096    1199  1076  1190  1018
   1097    1071  420  772  182
   1098    1231  1057  1084  801
   1099    1243  243  1204  691
   1100    1254  959  619  841
   1101    1204  997  419  817
   1102    1229  1181  1196  1132
   1103    1308  1072  1304  1019
   1104    1262  303  1148  537
   1105    1270  208  1077  543
   1106    1112  923  66  101
   1107    1336  834  1122  917
   1108    1215  507  1201  904
   1109    673  42  1307  729
   1110    1063  709  897  1
   1111    1236  449  1164  916
   1112    1130  1076  1102  1008
   1113    1107  671  541  926
   1114    450  323  163  911
   1115    1166  569  963  355
   1116    1185  1023  1134  1011
   1117    1111  379  107  300
   1118    1219  625  692  985
   1119    1034  143  858  80
   1120    1014  479  512  864
   1121    724  592  238  717
   1122    1236  849  1191  77
   1123    1014  177  791  670
   1124    86  910  296  444
   1125    494  188  901  324
   1126    1243  1204  817  556
   1127    1302  486  845  487
   1128    1168  787  1009  509
   1129    1171  975  29  417
   1130    1285  1099  1144  1010
   1131    591  334  958  851
   1132    1230  1044  1132  1126
   1133    1147  414  261  222
   1134    1298  275  1082  637
   1135    1156  217  149  669
   1136    774  859  188  494
   1137    1023  309  1134  1115
   1138    859  900  898  186
   1139    1285  1010  1144  1021
   1140    1208  952  1139  1103
   1141    1107  541  1028  306
   1142    1298  455  179  637
   1143    1169  1037  1131  1017
   1144    818  244  1025  349
   1145    1343  1080  1114  1073
   1146    1344  1024  1328  1214
   1147    1116  291  1053  388
   1148    323  774  901  494
   1149    1033  373  833  542
   1150    1248  754  970  858
   1151    1055  161  695  423
   1152    1122  1012  1089  1056
   1153    1180  256  362  832
   1154    1215  508  1170  1149
   1155    494  898  450  163
   1156    450  323  494  163
   1157    163  859  494  898
   1158    1298  1082  1092  637
   1159    1344  1002  1334  1214
   1160    1277  691  849  915
   1161    1200  1185  1198  1023
   1162    1256  930  421  909
   1163    1066  257  315  962
   1164    1031  284  634  1
   1165    1339  166  1007  974
   1166    1037  960  118  297
   1167    1357  1146  1195  1000
   1168    1128  728  1091  934
   1169    1003  1270  543  69
   1170    1185  518  924  564
   1171    1302  86  551  314
   1172    1169  293  1017  559
   1173    494  651  667  898
   1174    1164  623  326  29
   1175    1233  580  940  78
   1176    1184  1031  1060  1
   1177    1306  1285  1300  1032
   1178    1149  745  1065  216
   1179    724  592  717  346
   1180    1312  242  1088  684
   1181    1267  1023  1251  1029
   1182    1215  904  1201  800
   1183    1142  964  1080  101
   1184    1257  258  1198  613
   1185    1061  268  665  56
   1186    1061  463  1055  144
   1187    1212  95  1183  1011
   1188    481  739  1184  186
   1189    1180  726  354  725
   1190    582  20  1103  279
   1191    1113  25  76  874
   1192    1086  777  46  742
   1193    1106  1005  1071  1010
   1194    1219  687  171  733
   1195    203  979  460  394
   1196    1111  123  81  836
   1197    1343  1004  1196  1114
   1198    1072  544  820  814
   1199    1100  262  318  866
   1200    1307  1015  1030  1024
   1201    1085  76  112  299
   1202    1096  43  418  822
   1203    1218  982  1075  1033
   1204    1127  362  94  453
   1205    1164  623  449  326
   1206    922  626  1221  280
   1207    1092  554  4  455
   1208    1254  1072  1057  1084
   1209    1292  1076  1258  1080
   1210    1271  1062  1161  1064
   1211    1172  1291  404  271
   1212    1097  662  823  933
   1213    1209  1066  1185  315
   1214    1096  626  180  75
   1215    829  529  566  355
   1216    1339  234  1239  83
   1217    20  279  698  952
   1218    1242  1019  1203  1072
   1219    551  26  487  845
   1220    356  279  1139  495
   1221    1125  334  381  591
   1222    1320  1074  1219  692
   1223    211  263  1295  731
   1224    1354  1056  1122  1120
   1225    1157  943  1124  282
   1226    1101  1024  1030  1015
   1227    1277  691  1243  849
   1228    1202  121  663  540
   1229    1112  606  938  101
   1230    1031  247  634  284
   1231    1162  158  474  896
   1232    1242  694  1203  0
   1233    1107  926  541  306
   1234    1124  1005  1035  461
   1235    1173  800  1029  252
   1236    1066  790  249  280
   1237    26  296  444  995
   1238    353  746  30  991
   1239    1301  862  785  516
   1240    958  381  525  727
   1241    771  414  1147  731
   1242    1050  400  832  594
   1243    106  549  1155  507
   1244    1286  1192  1270  1210
   1245    1208  952  1103  20
   1246    181  668  832  400
   1247    1193  1095  1146  1017
   1248    1047  520  1043  767
   1249    1188  942  99  433
   1250    1257  310  1127  601
   1251    1234  127  811  927
   1252    1270  329  1210  1192
   1253    1294  122  1206  1162
   1254    1129  1022  1089  1012
   1255    1089  683  40  741
   1256    407  396  1145  810
   1257    845  709  897  358
   1258    910  1291  538  404
   1259    1271  9  1161  1062
   1260    453  832  362  256
   1261    1175  1087  1133  1051
   1262    1325  1154  1272  1130
   1263    1207  561  131  875
   1264    1168  491  1147  586
   1265    1150  727  525  902
   1266    1288  42  1094  802
   1267    1228  669  476  813
   1268    1287  1016  1155  405
   1269    509  787  1009  468
   1270    1111  944  300  442
   1271    1349  133  1138  750
   1272    1280  1148  1222  1188
   1273    1061  781  463  980
   1274    1282  308  1161  1113
   1275    1168  509  1009  178
   1276    1086  742  1060  117
   1277    1157  466  1058  648
   1278    1267  150  1023  94
   1279    1053  697  321  322
   1280    894  18  448  369
   1281    217  596  1156  149
   1282    1086  497  897  357
   1283    1270  761  1077  208
   1284    1078  792  729  42
   1285    963  945  92  819
   1286    468  108  1158  271
   1287    1176  521  981  272
   1288    1264  950  513  514
   1289    1184  351  1060  270
   1290    1258  1073  1142  1080
   1291    1135  864  1014  512
   1292    1221  1078  250  701
   1293    1315  817  1202  663
   1294    1289  1119  1242  375
   1295    715  971  1177  416
   1296    328  272  202  152
   1297    1125  18  381  136
   1298    1302  1172  1195  1054
   1299    1066  518  315  257
   1300    1166  865  819  569
   1301    832  41  400  668
   1302    986  612  1281  425
   1303    1184  270  1060  45
   1304    1271  337  1064  158
   1305    87  527  1312  666
   1306    1212  192  1183  674
   1307    1286  226  1270  617
   1308    1138  266  470  209
   1309    1212  360  1183  95
   1310    1296  1159  1161  1085
   1311    2  635  676  827
   1312    778  133  411  607
   1313    1091  167  408  712
   1314    1273  860  1141  407
   1315    1334  218  1141  810
   1316    1126  646  1123  811
   1317    1289  1081  1256  1242
   1318    1213  1069  1128  1068
   1319    1155  1008  1075  1033
   1320    1334  680  1141  406
   1321    1050  10  105  181
   1322    1091  319  167  479
   1323    1224  119  1163  973
   1324    1055  144  463  549
   1325    1020  679  892  777
   1326    1160  1004  1098  1067
   1327    1092  162  554  558
   1328    1053  291  984  286
   1329    1050  594  1001  618
   1330    1207  561  1118  131
   1331    1050  618  1029  10
   1332    1080  964  587  312
   1333    1228  139  1025  867
   1334    1327  1064  1326  1025
   1335    1313  607  208  629
   1336    827  682  278  92
   1337    787  327  19  586
   1338    1272  1006  1130  1004
   1339    1177  875  715  416
   1340    1009  19  1158  468
   1341    1267  1220  1251  150
   1342    983  19  787  108
   1343    1337  1070  1205  1006
   1344    1050  181  929  362
   1345    1200  257  1066  280
   1346    1145  860  50  407
   1347    1220  1115  1170  1089
   1348    1177  1003  552  131
   1349    1296  1153  1285  1159
   1350    1107  939  63  153
   1351    1199  796  16  679
   1352    1050  929  94  362
   1353    239  346  717  592
   1354    1124  877  677  622
   1355    1310  903  809  1145
   1356    1292  641  805  587
   1357    1179  689  157  812
   1358    108  468  19  787
   1359    1178  241  463  781
   1360    1200  280  730  257
   1361    1319  392  1187  398
   1362    1009  787  19  468
   1363    249  280  701  760
   1364    1150  202  902  272
   1365    1106  227  772  993
   1366    588  799  303  853
   1367    1249  830  345  868
   1368    1100  866  864  262
   1369    1150  727  851  958
   1370    1336  129  1120  545
   1371    1211  164  744  480
   1372    1291  382  391  96
   1373    1306  1012  1137  1056
   1374    1094  802  801  65
   1375    1235  1170  1220  1115
   1376    1069  620  937  747
   1377    688  846  1240  604
   1378    310  431  1127  601
   1379    147  895  317  635
   1380    1166  962  1066  529
   1381    417  29  1171  114
   1382    1220  1083  1191  1183
   1383    1274  267  700  655
   1384    1209  829  1185  94
   1385    1248  858  1034  754
   1386    1313  607  778  411
   1387    1103  357  279  644
   1388    1128  656  264  728
   1389    1243  1046  1132  516
   1390    946  902  524  773
   1391    1292  1102  1199  1076
   1392    1140  989  347  681
   1393    1307  1284  1306  1015
   1394    595  84  1286  21
   1395    1295  488  1147  731
   1396    1332  975  193  623
   1397    538  108  271  391
   1398    1163  119  1001  183
   1399    1128  1059  1068  1032
   1400    1001  618  594  884
   1401    1295  263  211  562
   1402    1080  821  1033  606
   1403    1107  542  1090  153
   1404    1281  426  1093  986
   1405    1303  1119  1289  1244
   1406    1086  644  356  742
   1407    1160  1061  1098  1042
   1408    1180  832  725  354
   1409    1328  1307  1321  1019
   1410    1315  1191  1246  1243
   1411    1227  252  1029  913
   1412    1119  375  331  888
   1413    1031  284  163  247
   1414    1155  423  1055  695
   1415    1031  103  634  456
   1416    1142  1033  1112  1080
   1417    1158  1049  1147  1009
   1418    1184  739  1031  384
   1419    1216  415  245  734
   1420    1293  432  1039  783
   1421    1095  1018  1020  1017
   1422    1215  508  1149  904
   1423    1157  1010  1144  282
   1424    852  28  1262  454
   1425    1001  183  884  310
   1426    628  1229  156  768
   1427    1325  1006  1272  1041
   1428    1001  310  884  732
   1429    552  1003  329  131
   1430    280  249  1066  1200
   1431    1080  606  283  821
   1432    328  902  946  202
   1433    1305  1101  1145  595
   1434    328  521  902  272
   1435    328  152  521  272
   1436    1129  1089  1117  1012
   1437    1059  1022  1032  1015
   1438    1133  1087  1100  1051
   1439    1157  1058  1144  1052
   1440    1037  869  191  118
   1441    1040  353  404  30
   1442    1330  1052  1324  1107
   1443    1184  496  497  667
   1444    1063  1  708  709
   1445    1050  310  1001  732
   1446    1080  606  101  605
   1447    1248  52  970  754
   1448    1082  882  643  215
   1449    1272  723  219  949
   1450    805  16  1080  587
   1451    1170  508  1122  1120
   1452    396  21  1145  809
   1453    1001  884  594  732
   1454    763  556  1204  243
   1455    32  885  1339  83
   1456    239  592  60  346
   1457    456  739  1031  103
   1458    1135  319  1087  1059
   1459    1252  1069  1137  1106
   1460    1248  80  1120  1034
   1461    1020  777  1018  679
   1462    1009  327  787  586
   1463    1009  199  281  927
   1464    1184  384  1031  163
   1465    264  657  1048  747
   1466    623  975  29  1164
   1467    1086  46  1060  742
   1468    1151  1030  1101  1024
   1469    1332  916  1164  623
   1470    253  902  335  471
   1471    1269  976  138  303
   1472    1142  1033  1073  1028
   1473    1210  411  1105  134
   1474    1289  331  1119  375
   1475    1269  1039  1148  1027
   1476    1163  973  119  183
   1477    1332  1164  1266  1171
   1478    1217  1014  1059  1022
   1479    1331  1262  1275  1148
   1480    1255  257  962  64
   1481    1009  509  650  889
   1482    1176  675  981  854
   1483    1268  1023  1089  506
   1484    1050  10  181  400
   1485    1280  799  588  704
   1486    1150  235  272  675
   1487    1199  1102  1190  1076
   1488    1327  1159  1278  1064
   1489    1342  1079  1197  1070
   1490    1330  1235  1314  1016
   1491    1355  276  1342  889
   1492    1162  158  1025  880
   1493    1157  648  1058  461
   1494    1114  1004  1042  1008
   1495    767  260  1043  1100
   1496    253  526  727  958
   1497    1227  804  1122  696
   1498    1209  580  360  95
   1499    994  334  892  67
   1500    1168  199  57  281
   1501    1186  656  1128  934
   1502    1003  69  543  134
   1503    33  410  591  675
   1504    328  972  946  524
   1505    1142  769  587  304
   1506    1244  798  1118  797
   1507    1282  236  1161  409
   1508    1264  513  1135  514
   1509    1041  230  104  723
   1510    1331  537  1262  1148
   1511    1142  1033  1080  1073
   1512    1117  365  603  123
   1513    1272  399  73  426
   1514    1239  260  1043  885
   1515    1313  411  543  607
   1516    1116  1002  1108  1019
   1517    1302  845  551  487
   1518    18  136  1095  1194
   1519    202  590  1150  902
   1520    404  271  353  740
   1521    1100  866  1047  71
   1522    596  415  1189  98
   1523    1146  1017  1095  1063
   1524    230  949  1208  263
   1525    1226  854  1125  115
   1526    1040  740  404  353
   1527    1282  1116  1259  652
   1528    1287  1173  1201  507
   1529    1196  1123  1126  1044
   1530    1126  811  628  412
   1531    1191  192  449  77
   1532    1288  687  1219  413
   1533    253  335  526  471
   1534    1256  930  653  421
   1535    253  727  526  335
   1536    1206  770  440  15
   1537    1211  962  1166  529
   1538    1266  1171  1179  812
   1539    1248  632  1149  1120
   1540    1269  1027  1263  1152
   1541    851  958  727  526
   1542    615  98  1189  415
   1543    1191  557  192  77
   1544    328  202  946  972
   1545    1348  1025  1327  1144
   1546    1316  979  1218  203
   1547    1233  940  1211  109
   1548    1162  880  1025  244
   1549    1188  437  1181  99
   1550    996  548  614  154
   1551    946  972  202  126
   1552    1100  1043  1047  1007
   1553    473  737  1297  194
   1554    1215  800  1170  508
   1555    1192  421  1151  886
   1556    958  591  381  334
   1557    958  334  381  136
   1558    1142  587  1080  964
   1559    1124  795  1071  282
   1560    1193  223  753  510
   1561    1218  821  1102  283
   1562    1142  1028  1112  1033
   1563    1142  597  1112  1028
   1564    1192  332  617  329
   1565    1167  697  1116  228
   1566    18  773  369  381
   1567    195  708  103  456
   1568    551  443  1063  708
   1569    1116  1053  1108  388
   1570    1193  510  1146  686
   1571    981  854  675  272
   1572    1155  161  1055  423
   1573    848  85  1082  51
   1574    1242  1072  1119  1081
   1575    723  949  1154  230
   1576    1218  1080  1102  821
   1577    538  391  1291  910
   1578    1324  1028  1235  1016
   1579    429  569  1166  829
   1580    152  367  126  328
   1581    328  272  902  202
   1582    1035  622  361  316
   1583    1180  256  453  362
   1584    1221  196  922  280
   1585    328  524  946  902
   1586    1194  206  1040  560
   1587    686  746  350  136
   1588    18  136  350  746
   1589    1345  1177  1320  988
   1590    1035  129  316  143
   1591    1189  942  433  615
   1592    1124  31  621  622
   1593    1291  547  96  363
   1594    1302  1131  1169  486
   1595    1041  723  104  664
   1596    1131  995  363  191
   1597    1124  461  621  943
   1598    1297  320  1091  38
   1599    1228  867  1025  5
   1600    1037  293  1103  1017
   1601    1165  909  321  102
   1602    1278  1064  1216  1156
   1603    1323  1062  1064  1027
   1604    1288  802  1078  42
   1605    1187  104  639  292
   1606    1173  1029  1109  1026
   1607    1196  1044  1114  1004
   1608    1124  461  1052  1005
   1609    159  756  532  782
   1610    1271  439  896  493
   1611    1199  16  805  67
   1612    1196  1132  1181  1114
   1613    1158  1291  1172  271
   1614    845  1063  551  443
   1615    1066  95  1011  249
   1616    1186  891  408  511
   1617    1126  412  978  645
   1618    1273  76  1113  1085
   1619    1161  743  112  472
   1620    1270  543  1210  1003
   1621    1271  743  1161  9
   1622    292  1187  1232  22
   1623    1344  1214  1334  1310
   1624    1236  77  1191  449
   1625    1160  1004  1093  1008
   1626    1282  1113  1116  366
   1627    1092  637  1082  51
   1628    1343  1076  1258  1205
   1629    1302  444  1054  995
   1630    1035  939  1034  143
   1631    1251  94  1023  150
   1632    374  103  195  708
   1633    1299  817  1204  419
   1634    374  456  195  739
   1635    180  1096  413  987
   1636    1254  401  214  79
   1637    1160  1008  1042  1004
   1638    1061  523  665  268
   1639    1049  6  1009  927
   1640    1086  1017  1020  1018
   1641    1257  258  601  184
   1642    1336  467  1225  515
   1643    894  773  369  524
   1644    894  155  981  328
   1645    1309  883  1264  950
   1646    894  981  116  854
   1647    894  155  116  981
   1648    1309  262  1264  883
   1649    1316  850  576  394
   1650    691  243  1204  556
   1651    1229  628  1196  301
   1652    1345  1038  1244  1074
   1653    1116  237  172  291
   1654    748  225  948  782
   1655    1285  1159  1284  1021
   1656    1330  1005  1324  1052
   1657    1357  1337  1356  1193
   1658    734  100  1293  415
   1659    899  54  1171  417
   1660    1301  516  691  862
   1661    1302  86  1172  1054
   1662    1186  71  767  511
   1663    1178  241  908  435
   1664    918  354  999  132
   1665    1025  244  5  867
   1666    532  756  748  782
   1667    1086  1018  1020  777
   1668    1282  1062  1259  1161
   1669    428  758  999  705
   1670    832  176  968  41
   1671    1254  79  619  536
   1672    132  999  428  758
   1673    1179  646  1126  689
   1674    1092  51  554  637
   1675    1195  1017  1158  1000
   1676    1274  1035  1225  957
   1677    1341  78  1212  1209
   1678    1099  500  182  502
   1679    1167  321  228  736
   1680    1200  1011  1134  1066
   1681    1198  1023  1185  94
   1682    453  181  362  832
   1683    1192  131  1118  329
   1684    832  758  176  705
   1685    832  732  565  873
   1686    181  668  427  832
   1687    832  968  400  41
   1688    1172  382  1054  910
   1689    832  758  705  668
   1690    1083  577  1036  11
   1691    1139  495  698  88
   1692    1198  453  94  564
   1693    1215  1120  1170  1056
   1694    1323  615  783  942
   1695    1293  100  432  783
   1696    1344  1310  1334  809
   1697    1238  115  1125  116
   1698    1143  16  892  679
   1699    1203  820  1104  395
   1700    1265  1046  1164  1044
   1701    1200  924  1198  1185
   1702    832  752  400  968
   1703    832  752  565  732
   1704    1273  1085  1159  1153
   1705    1201  800  1173  252
   1706    544  111  1072  385
   1707    1350  540  1121  341
   1708    1111  442  836  662
   1709    1216  415  596  217
   1710    1325  1041  1245  1079
   1711    1181  1114  1132  1013
   1712    1288  65  1096  802
   1713    44  522  1064  231
   1714    1257  601  504  309
   1715    1047  113  318  165
   1716    1047  370  113  165
   1717    1053  965  563  935
   1718    1276  1123  1187  1044
   1719    1217  1022  1138  441
   1720    1322  1182  1240  37
   1721    1269  380  138  976
   1722    1346  1058  1156  671
   1723    1343  1006  1205  1197
   1724    1034  939  1016  168
   1725    1001  884  119  618
   1726    1303  1118  1289  1256
   1727    1061  523  1055  161
   1728    1107  939  755  168
   1729    1036  788  577  150
   1730    1335  1208  1317  1139
   1731    1090  542  755  153
   1732    1172  271  1040  740
   1733    819  865  827  954
   1734    1064  245  44  231
   1735    1028  305  597  306
   1736    278  827  954  682
   1737    1037  61  397  118
   1738    107  338  379  1111
   1739    1082  50  255  215
   1740    372  574  1241  527
   1741    1014  512  177  72
   1742    1274  267  655  877
   1743    1107  63  1052  452
   1744    1194  136  686  350
   1745    1183  42  931  341
   1746    1149  632  745  216
   1747    1227  1089  1170  1122
   1748    1351  88  1136  806
   1749    1233  744  1211  580
   1750    1288  729  985  555
   1751    819  569  954  963
   1752    819  963  954  682
   1753    1274  655  966  877
   1754    1315  1204  1243  1045
   1755    855  986  890  89
   1756    1168  1009  1147  1049
   1757    1205  713  1070  277
   1758    1037  61  1000  397
   1759    1299  663  1202  817
   1760    1253  1139  1190  1130
   1761    1107  452  1058  671
   1762    1212  360  1209  78
   1763    1198  564  1185  924
   1764    1061  268  463  144
   1765    1020  777  892  46
   1766    1233  580  1211  940
   1767    1232  664  104  292
   1768    1229  768  628  301
   1769    1166  529  564  829
   1770    1137  1012  1122  1056
   1771    1124  1005  1052  1010
   1772    1194  1040  1095  560
   1773    1254  1057  1121  540
   1774    1178  781  1098  464
   1775    1265  1013  1246  1045
   1776    1208  230  1154  949
   1777    1232  528  784  579
   1778    1040  740  353  837
   1779    1292  641  1223  805
   1780    1209  1166  1185  829
   1781    579  666  1312  527
   1782    1212  1011  1209  360
   1783    1109  436  1029  549
   1784    1031  456  247  384
   1785    1149  508  1120  834
   1786    1290  68  539  788
   1787    1176  902  328  521
   1788    996  219  1232  528
   1789    1142  597  1028  304
   1790    1273  660  200  299
   1791    1328  1307  1308  1024
   1792    872  185  775  633
   1793    1212  360  672  585
   1794    1152  380  388  935
   1795    1088  539  684  242
   1796    1200  714  861  924
   1797    1212  674  1183  360
   1798    1166  529  1066  315
   1799    1212  95  1011  360
   1800    151  263  1208  949
   1801    1049  490  1009  6
   1802    1210  329  1207  1192
   1803    1119  888  1084  794
   1804    1040  205  86  206
   1805    1097  662  836  302
   1806    1210  1192  1207  1030
   1807    1001  183  119  884
   1808    1310  477  1334  809
   1809    1316  1075  1160  1008
   1810    1127  310  1001  431
   1811    550  417  1171  54
   1812    1226  525  1176  1150
   1813    1194  1040  1146  1095
   1814    1167  1113  1141  578
   1815    1294  340  1206  122
   1816    1323  615  1189  415
   1817    1296  1064  1161  1159
   1818    1207  1030  1118  1038
   1819    1289  573  1119  331
   1820    1214  517  840  653
   1821    1124  621  1035  622
   1822    1094  341  801  802
   1823    1308  1081  1303  1119
   1824    819  865  954  569
   1825    1288  413  1219  985
   1826    1149  834  632  904
   1827    1106  993  1071  90
   1828    202  756  590  902
   1829    1129  506  1089  673
   1830    1311  816  1129  210
   1831    1311  1068  1297  1059
   1832    1264  1087  1175  514
   1833    1147  414  27  261
   1834    802  760  250  1078
   1835    1229  768  1196  1181
   1836    1050  362  453  181
   1837    827  278  954  865
   1838    1295  1154  1245  1000
   1839    1318  1038  1094  1074
   1840    1149  834  904  508
   1841    1111  81  1097  836
   1842    114  289  1276  417
   1843    1341  1209  1212  1011
   1844    819  92  963  682
   1845    1180  362  94  829
   1846    1304  1202  1254  1121
   1847    1217  1022  1051  1015
   1848    1199  67  1143  16
   1849    1184  667  481  163
   1850    1352  1068  1129  1022
   1851    1259  1085  1161  1159
   1852    1180  92  354  624
   1853    1217  514  1175  1087
   1854    1216  415  1189  596
   1855    978  516  785  156
   1856    1124  795  621  31
   1857    1212  78  672  360
   1858    407  1344  1141  810
   1859    676  278  827  109
   1860    1194  608  1040  991
   1861    1194  991  30  746
   1862    1218  1008  1136  1102
   1863    1156  305  1028  541
   1864    1224  40  1163  913
   1865    1210  1177  1207  1003
   1866    1292  805  1199  16
   1867    1148  303  1039  976
   1868    1050  400  181  832
   1869    1224  1001  1163  119
   1870    1092  162  4  554
   1871    1256  1081  1165  909
   1872    1128  1032  1069  1048
   1873    1050  10  400  594
   1874    1050  594  431  732
   1875    1095  136  686  1194
   1876    1218  1033  1080  821
   1877    1180  453  94  362
   1878    453  256  1180  564
   1879    490  222  839  876
   1880    646  289  1123  811
   1881    944  662  1097  933
   1882    1284  1159  1278  1021
   1883    480  635  164  317
   1884    1351  806  1136  1093
   1885    1295  780  1245  562
   1886    1168  586  1009  787
   1887    1254  536  1084  1057
   1888    1068  1032  1059  1022
   1889    1335  1017  1086  1018
   1890    1301  516  1230  1046
   1891    1279  539  1088  242
   1892    1234  301  1197  1196
   1893    1295  1049  1245  780
   1894    689  54  1179  646
   1895    1295  1049  1250  1245
   1896    1323  1027  1222  1039
   1897    1348  1025  1144  818
   1898    1357  1355  1356  1070
   1899    1205  17  753  224
   1900    1194  746  30  350
   1901    451  782  803  722
   1902    819  682  827  92
   1903    1337  1000  1335  1017
   1904    1036  11  577  788
   1905    1280  704  1039  201
   1906    1107  153  306  542
   1907    1350  1202  1275  1121
   1908    1194  686  746  350
   1909    1244  1118  1207  561
   1910    280  760  730  1078
   1911    401  459  1104  59
   1912    1035  143  361  63
   1913    1286  1077  1101  1030
   1914    1168  509  983  787
   1915    1067  1241  574  614
   1916    1267  1029  1050  1001
   1917    1273  533  1206  1153
   1918    1343  1181  1258  1073
   1919    758  132  999  354
   1920    711  390  1182  240
   1921    480  164  716  317
   1922    215  255  1082  882
   1923    1167  1116  1141  1113
   1924    1014  479  430  177
   1925    979  39  1218  821
   1926    1000  191  363  61
   1927    1212  585  674  360
   1928    895  676  2  635
   1929    676  278  2  827
   1930    1252  1069  1182  1137
   1931    1212  11  1083  585
   1932    1123  646  899  289
   1933    1317  1093  1253  399
   1934    1084  536  776  801
   1935    1220  341  1121  1115
   1936    819  827  676  635
   1937    1168  1049  1147  491
   1938    1124  31  1071  795
   1939    1330  1107  1324  1016
   1940    1127  94  1050  1001
   1941    1177  807  971  808
   1942    1211  580  744  581
   1943    1119  794  1084  1072
   1944    164  635  147  317
   1945    1226  18  1125  369
   1946    317  2  635  895
   1947    1284  1108  1278  1159
   1948    116  854  1125  894
   1949    1357  1250  1342  1070
   1950    1138  422  470  778
   1951    1212  1083  1183  192
   1952    1352  1068  1311  1129
   1953    1247  927  376  6
   1954    1256  1024  1165  1081
   1955    674  360  585  192
   1956    1221  110  719  969
   1957    1168  983  178  447
   1958    1256  653  1165  1151
   1959    1238  116  1095  478
   1960    1212  585  672  11
   1961    1307  1121  1304  1057
   1962    1231  1057  1094  1084
   1963    1222  1013  1189  1188
   1964    1125  136  1095  18
   1965    1124  282  943  795
   1966    1223  994  1193  1143
   1967    1180  355  725  362
   1968    1252  826  1137  240
   1969    1120  80  213  8
   1970    962  64  480  716
   1971    1287  423  1155  695
   1972    1256  1118  1192  1151
   1973    744  716  480  164
   1974    1217  210  1135  1014
   1975    829  1180  566  564
   1976    1135  864  1087  319
   1977    1179  1123  1126  646
   1978    875  131  1207  1177
   1979    1306  1032  1137  1012
   1980    1256  421  1192  1118
   1981    1155  1026  1042  1008
   1982    1075  39  838  482
   1983    1187  1044  1123  1004
   1984    1199  796  1190  1102
   1985    1167  578  680  881
   1986    1167  680  1002  881
   1987    1167  736  228  881
   1988    1251  150  1036  577
   1989    1312  1088  1241  684
   1990    1227  508  1170  696
   1991    1325  1130  1272  1006
   1992    1218  925  1102  203
   1993    1247  6  1049  927
   1994    1267  1036  1220  150
   1995    1352  1022  1129  1012
   1996    566  945  355  529
   1997    672  78  585  360
   1998    1194  448  1095  18
   1999    1150  851  591  958
   2000    1054  995  296  363
   2001    1280  942  1189  1039
   2002    1040  404  206  30
   2003    1226  854  1176  981
   2004    1345  171  1244  907
   2005    1271  158  896  337
   2006    1259  237  1174  652
   2007    60  346  91  717
   2008    1234  127  1197  301
   2009    1351  1136  1316  1093
   2010    1302  1063  1169  1017
   2011    355  829  1166  569
   2012    1331  1254  1304  1202
   2013    1082  51  637  275
   2014    295  557  674  192
   2015    1286  617  1270  329
   2016    1264  1087  1217  1135
   2017    212  309  170  613
   2018    1295  1000  1208  1154
   2019    993  90  1106  227
   2020    1197  998  301  127
   2021    504  613  212  924
   2022    1321  1186  260  735
   2023    714  257  315  518
   2024    1194  206  560  448
   2025    1323  415  1293  615
   2026    674  42  1183  249
   2027    1217  1087  1175  1051
   2028    1347  1062  1323  1039
   2029    1117  604  81  123
   2030    1167  710  1113  578
   2031    1167  321  1053  697
   2032    1213  847  390  473
   2033    1053  322  321  530
   2034    1171  29  1088  977
   2035    196  257  1255  719
   2036    75  280  1221  626
   2037    1097  302  485  58
   2038    1288  692  1219  1074
   2039    1295  61  731  397
   2040    1226  894  1125  854
   2041    1246  1083  1220  1026
   2042    794  385  1072  111
   2043    1184  667  163  911
   2044    1288  729  413  985
   2045    1201  252  1170  800
   2046    1252  826  1069  793
   2047    1331  1148  1269  537
   2048    1112  373  1033  542
   2049    1169  486  1131  869
   2050    931  42  674  249
   2051    1344  1214  1328  1002
   2052    1341  1011  1251  1185
   2053    1137  826  966  654
   2054    719  790  969  64
   2055    619  1072  544  959
   2056    1152  237  1108  388
   2057    1100  1059  1087  319
   2058    64  719  1255  257
   2059    1224  119  484  618
   2060    1170  800  696  508
   2061    1288  65  1260  687
   2062    1135  72  610  514
   2063    1174  499  703  53
   2064    1174  703  1152  1039
   2065    1270  1003  1210  329
   2066    309  792  42  506
   2067    1308  1024  1307  1038
   2068    1274  622  316  700
   2069    1082  1140  85  254
   2070    1165  930  909  757
   2071    1065  168  1034  1016
   2072    1239  885  234  1339
   2073    873  431  732  627
   2074    1200  170  861  730
   2075    1040  991  353  30
   2076    423  695  1287  507
   2077    1029  824  599  549
   2078    1158  1017  1131  1000
   2079    1190  495  1136  128
   2080    482  856  1075  405
   2081    1168  490  1049  491
   2082    1270  344  1077  761
   2083    1260  687  906  171
   2084    1253  88  698  806
   2085    1270  1077  1210  543
   2086    1354  1240  1336  1122
   2087    1221  250  1096  822
   2088    1302  486  1169  358
   2089    1321  1019  1284  1108
   2090    1124  943  621  795
   2091    1124  282  1071  1010
   2092    1175  514  209  422
   2093    1315  663  1202  121
   2094    1143  223  1095  994
   2095    1124  877  1071  677
   2096    1224  40  913  973
   2097    1194  686  1146  608
   2098    1206  265  1153  533
   2099    1351  828  1316  1136
   2100    1346  1156  1237  1028
   2101    1179  689  812  54
   2102    1198  613  170  309
   2103    1168  447  57  983
   2104    1192  421  886  786
   2105    1347  446  438  100
   2106    1150  235  675  410
   2107    1168  586  1147  1009
   2108    1118  797  197  561
   2109    1256  1151  1192  421
   2110    1165  530  1081  321
   2111    1157  461  1058  1052
   2112    931  42  1183  674
   2113    1040  271  404  740
   2114    776  536  385  619
   2115    1231  794  160  776
   2116    1180  624  725  945
   2117    1208  151  297  263
   2118    92  819  945  566
   2119    1206  285  15  690
   2120    1356  277  1070  713
   2121    1095  560  1040  314
   2122    1206  690  265  285
   2123    1217  1059  1087  1022
   2124    1258  769  224  641
   2125    1317  399  1208  73
   2126    1274  316  1035  700
   2127    1170  252  696  800
   2128    1112  1028  1090  1033
   2129    1145  50  215  396
   2130    1293  415  1216  734
   2131    1337  1154  1335  1000
   2132    1163  183  1001  702
   2133    1347  1216  1323  1062
   2134    1162  474  880  244
   2135    1226  381  369  773
   2136    1291  363  1158  1054
   2137    1234  1123  1196  1041
   2138    159  782  451  722
   2139    1343  768  1197  17
   2140    1305  595  1145  215
   2141    1192  332  693  421
   2142    899  646  1179  54
   2143    1191  557  912  295
   2144    1084  385  776  536
   2145    1039  201  432  640
   2146    397  731  1295  263
   2147    1228  879  867  880
   2148    1345  907  1244  875
   2149    1091  319  408  167
   2150    1090  405  1016  168
   2151    1216  596  1156  217
   2152    1274  957  1225  956
   2153    1203  1019  1104  1072
   2154    1276  977  1171  1088
   2155    1217  762  210  441
   2156    1227  1122  1170  508
   2157    1086  897  1063  357
   2158    1230  862  645  273
   2159    1073  348  475  99
   2160    1105  808  134  411
   2161    1146  207  1040  837
   2162    1317  1253  1272  1130
   2163    1297  1059  1091  1014
   2164    1230  785  1132  516
   2165    1080  605  312  283
   2166    1284  1021  1278  1237
   2167    1294  1099  1153  570
   2168    1107  553  306  153
   2169    1217  1138  1175  209
   2170    1178  1061  1098  781
   2171    1111  662  944  442
   2172    1127  453  184  431
   2173    1240  604  1117  603
   2174    1124  461  1035  621
   2175    1127  702  1001  183
   2176    1274  956  700  957
   2177    1150  202  235  590
   2178    1274  966  1225  1005
   2179    1160  1042  1098  1004
   2180    1297  38  1128  932
   2181    1277  1236  1243  1046
   2182    757  102  857  909
   2183    1314  216  1065  745
   2184    1127  453  258  184
   2185    1107  1052  1058  452
   2186    1225  467  1137  654
   2187    1167  710  578  228
   2188    1225  957  1035  956
   2189    768  348  1229  156
   2190    1226  381  1125  18
   2191    1197  768  301  998
   2192    1194  350  206  448
   2193    1110  140  941  84
   2194    1063  708  195  551
   2195    1294  825  1162  584
   2196    1097  81  97  953
   2197    1208  151  73  952
   2198    626  720  1096  180
   2199    1226  33  1125  591
   2200    1107  168  1090  1016
   2201    538  271  1291  391
   2202    354  92  1180  832
   2203    1213  1322  1297  473
   2204    1122  834  1120  508
   2205    817  763  912  556
   2206    1240  779  1137  467
   2207    1090  1033  1075  982
   2208    1035  143  63  939
   2209    1086  1017  1063  1020
   2210    1009  178  509  889
   2211    1322  738  402  390
   2212    1232  1004  1187  1041
   2213    1226  773  894  981
   2214    1192  786  1151  617
   2215    1100  71  1047  767
   2216    1116  652  172  237
   2217    566  564  1180  256
   2218    1052  63  1035  461
   2219    1202  663  1121  540
   2220    521  328  981  155
   2221    1118  197  798  572
   2222    549  1029  1173  507
   2223    599  549  106  507
   2224    1254  401  841  214
   2225    1167  881  1002  736
   2226    431  732  832  873
   2227    1112  101  1080  606
   2228    1170  1089  1115  1056
   2229    1300  1153  1285  1099
   2230    1164  1044  1088  1004
   2231    573  649  1119  888
   2232    1014  72  670  210
   2233    431  594  832  732
   2234    1349  1030  1210  1105
   2235    1167  406  1141  680
   2236    525  773  1176  902
   2237    1295  363  1158  488
   2238    1199  1018  1190  679
   2239    504  309  212  613
   2240    1169  869  706  559
   2241    94  829  564  453
   2242    1324  1016  1107  1028
   2243    1199  16  1143  679
   2244    1096  65  250  802
   2245    1350  1275  1315  1246
   2246    1344  1214  1310  1145
   2247    1053  935  388  965
   2248    1292  587  1258  769
   2249    1169  869  1037  706
   2250    1053  395  563  286
   2251    1167  228  578  881
   2252    1333  1065  1330  1056
   2253    1017  358  559  293
   2254    1116  388  1108  237
   2255    1091  712  38  320
   2256    1183  341  1134  42
   2257    1301  862  691  893
   2258    1253  1130  1136  1093
   2259    504  714  924  212
   2260    504  184  601  258
   2261    909  1289  1242  857
   2262    760  249  1011  42
   2263    733  721  987  1096
   2264    89  986  425  612
   2265    1071  182  772  502
   2266    1221  626  418  822
   2267    1309  950  1175  766
   2268    1200  613  1198  924
   2269    1332  1236  1266  1164
   2270    413  1096  733  987
   2271    1315  1045  1265  1246
   2272    1164  623  916  449
   2273    1312  684  87  666
   2274    861  714  730  257
   2275    184  601  1127  431
   2276    1106  966  793  90
   2277    1226  773  1176  525
   2278    1319  398  1247  376
   2279    1178  1042  1061  1055
   2280    1348  1285  1296  1153
   2281    861  212  924  714
   2282    1198  564  924  613
   2283    1090  833  1033  982
   2284    1202  540  1121  121
   2285    1096  687  413  733
   2286    1249  830  1077  345
   2287    1105  555  988  411
   2288    1142  1080  1112  101
   2289    729  506  42  792
   2290    1090  833  982  405
   2291    1112  306  1107  1028
   2292    1353  401  28  459
   2293    1236  449  916  77
   2294    1100  767  1047  1043
   2295    1276  899  1179  1171
   2296    819  676  895  635
   2297    1357  1283  1342  1009
   2298    1307  1094  1288  42
   2299    1160  647  1098  56
   2300    1169  869  1131  1037
   2301    934  656  728  891
   2302    1097  485  302  836
   2303    1031  374  1  103
   2304    1272  890  73  219
   2305    259  857  1289  142
   2306    842  7  329  226
   2307    842  344  761  7
   2308    1144  1157  282  349
   2309    1302  487  678  486
   2310    1137  966  1106  1005
   2311    1298  637  554  455
   2312    1222  1027  1148  1039
   2313    535  84  842  344
   2314    1314  216  1287  1215
   2315    762  441  209  266
   2316    1184  284  496  667
   2317    941  140  535  84
   2318    1289  573  1244  1119
   2319    1063  478  1060  1020
   2320    1281  986  204  426
   2321    1340  1119  1308  1303
   2322    589  670  177  72
   2323    1237  1028  1222  1013
   2324    458  240  1182  390
   2325    1035  621  361  622
   2326    209  514  610  422
   2327    562  1154  230  104
   2328    1302  995  26  444
   2329    1061  980  463  268
   2330    408  319  71  167
   2331    1100  866  71  319
   2332    1194  608  1146  1040
   2333    1350  121  1315  1202
   2334    1232  1187  759  22
   2335    1186  934  408  891
   2336    1092  162  831  4
   2337    470  266  762  209
   2338    1158  488  1147  1049
   2339    1052  461  1035  1005
   2340    1238  1095  1125  136
   2341    470  135  133  266
   2342    1227  804  696  683
   2343    1239  307  1092  4
   2344    470  750  133  135
   2345    1353  1202  1331  1299
   2346    1091  1014  1059  479
   2347    933  185  445  633
   2348    1194  30  206  350
   2349    1063  1060  478  116
   2350    1168  492  983  57
   2351    466  648  1157  349
   2352    1105  555  411  750
   2353    1093  806  399  426
   2354    1266  1046  1179  1171
   2355    1276  289  1123  899
   2356    1289  142  1256  572
   2357    1256  909  1242  1081
   2358    867  349  1025  244
   2359    1276  899  1171  417
   2360    803  568  722  35
   2361    1144  1010  1052  1021
   2362    1249  630  1175  830
   2363    1240  738  37  603
   2364    1138  750  470  135
   2365    1112  101  938  923
   2366    1034  545  129  143
   2367    1224  973  913  484
   2368    1301  1243  1277  691
   2369    1350  121  1202  1121
   2370    255  681  1140  254
   2371    1050  732  431  310
   2372    338  70  928  220
   2373    1323  783  1039  942
   2374    1344  1024  1214  1145
   2375    1252  779  1240  240
   2376    1233  95  1209  1066
   2377    1133  165  1047  318
   2378    349  139  244  867
   2379    1097  953  97  229
   2380    1203  984  820  395
   2381    544  1072  1104  959
   2382    1095  1020  1063  1017
   2383    1142  66  1112  597
   2384    1236  815  849  77
   2385    1313  422  1138  778
   2386    1229  1013  1181  1132
   2387    1077  344  345  761
   2388    1294  570  501  62
   2389    1308  1057  1307  1304
   2390    1243  516  243  691
   2391    1035  63  1034  939
   2392    1035  957  700  129
   2393    1171  417  550  975
   2394    1113  710  25  874
   2395    1191  192  1083  449
   2396    1340  1119  1303  1038
   2397    346  434  724  91
   2398    858  143  1034  168
   2399    1331  537  1269  138
   2400    1242  909  1165  1081
   2401    886  786  421  332
   2402    1168  787  983  492
   2403    1035  621  461  63
   2404    1179  54  1171  899
   2405    1231  649  905  160
   2406    1279  242  326  539
   2407    1350  341  1191  121
   2408    218  809  1334  477
   2409    1243  556  849  691
   2410    1264  137  1135  512
   2411    1138  441  1022  135
   2412    1274  700  1035  957
   2413    1345  171  1260  1244
   2414    1211  819  1166  865
   2415    820  544  1104  395
   2416    1176  328  902  773
   2417    1097  944  97  300
   2418    1301  516  1243  691
   2419    1243  516  1204  243
   2420    1278  1062  1159  1027
   2421    1287  507  695  1155
   2422    1088  977  242  666
   2423    1117  379  1111  683
   2424    1073  433  769  98
   2425    1247  398  1049  6
   2426    1281  986  425  204
   2427    1314  1155  1235  1201
   2428    1206  440  570  690
   2429    1314  1201  1287  1155
   2430    865  109  827  278
   2431    1276  417  1171  114
   2432    1175  209  1138  422
   2433    1097  944  933  97
   2434    1261  15  1206  285
   2435    1308  1094  1307  1057
   2436    1290  1098  1178  1042
   2437    1043  767  611  260
   2438    254  85  1082  882
   2439    1179  689  1126  645
   2440    1213  473  390  1322
   2441    1248  754  1065  52
   2442    1327  1021  1326  1278
   2443    1033  821  833  373
   2444    1223  1143  1199  67
   2445    377  905  160  801
   2446    1343  1114  1181  1073
   2447    1297  1059  1128  1091
   2448    1096  180  413  75
   2449    1179  1044  1171  1046
   2450    1097  229  97  633
   2451    1227  913  1089  40
   2452    1138  778  470  133
   2453    1338  1232  1272  1041
   2454    1273  660  533  860
   2455    1261  299  1085  493
   2456    1209  315  1166  1066
   2457    1149  904  632  216
   2458    330  888  1119  649
   2459    131  552  1177  875
   2460    246  715  1177  552
   2461    715  339  416  875
   2462    1155  423  405  1075
   2463    1219  987  985  733
   2464    1251  1023  1220  1029
   2465    163  774  323  494
   2466    1252  793  1106  826
   2467    1254  536  663  79
   2468    208  69  1270  761
   2469    1181  348  437  1229
   2470    1297  1068  1213  1128
   2471    1226  115  33  675
   2472    1229  301  1196  768
   2473    1144  349  139  466
   2474    171  875  339  733
   2475    171  875  416  339
   2476    171  339  416  733
   2477    1174  1039  1062  640
   2478    1357  1000  1337  1146
   2479    1254  540  1121  663
   2480    424  425  1281  612
   2481    768  348  1181  1229
   2482    413  733  985  987
   2483    602  728  932  747
   2484    987  733  339  721
   2485    180  720  1096  987
   2486    339  987  721  720
   2487    339  720  416  987
   2488    1253  1130  1190  1136
   2489    1155  695  1055  106
   2490    1303  1256  1289  1081
   2491    807  988  1177  625
   2492    275  595  643  140
   2493    1025  880  5  244
   2494    385  1072  544  619
   2495    1287  405  1155  423
   2496    1167  697  228  321
   2497    1275  1045  1246  1013
   2498    625  416  987  339
   2499    625  339  987  733
   2500    625  733  416  339
   2501    1084  888  330  794
   2502    718  3  791  737
   2503    1071  31  420  795
   2504    1354  1225  1336  467
   2505    69  246  1003  761
   2506    1045  454  120  336
   2507    1196  301  628  811
   2508    1265  1114  1132  1044
   2509    7  761  1003  246
   2510    1313  607  1077  208
   2511    871  221  359  870
   2512    1312  684  1241  87
   2513    909  857  1165  321
   2514    1331  1045  1275  1262
   2515    1194  991  1040  30
   2516    1107  153  452  553
   2517    1253  806  1136  88
   2518    842  84  226  344
   2519    1312  527  1241  1067
   2520    85  254  1140  681
   2521    1345  1074  1320  1207
   2522    190  96  1291  327
   2523    1348  1153  1294  1099
   2524    1230  1126  1132  978
   2525    1356  650  1283  207
   2526    1333  1065  1120  1034
   2527    1297  430  1014  479
   2528    1039  703  976  303
   2529    1291  488  1158  363
   2530    701  1078  250  760
   2531    1248  1120  1149  1065
   2532    1158  327  1009  190
   2533    1292  1076  1223  224
   2534    1154  230  1041  723
   2535    1297  320  430  479
   2536    1286  535  1077  344
   2537    1286  535  1249  1077
   2538    1273  285  533  660
   2539    836  442  1111  928
   2540    1144  282  1099  349
   2541    477  218  809  903
   2542    1162  158  1064  1025
   2543    1339  609  32  83
   2544    131  561  1118  329
   2545    1055  856  161  1155
   2546    1328  1019  1308  1307
   2547    1091  319  1059  408
   2548    506  1023  1089  1115
   2549    1041  1154  1245  104
   2550    1080  605  964  312
   2551    1122  325  508  804
   2552    1131  486  191  869
   2553    1174  53  703  640
   2554    1141  810  200  407
   2555    1134  249  1066  1011
   2556    331  142  1289  798
   2557    1297  1128  1213  747
   2558    1297  670  791  194
   2559    1050  181  105  1267
   2560    1357  1000  1195  1158
   2561    598  695  423  507
   2562    1331  138  1104  537
   2563    552  226  329  7
   2564    1173  800  507  1029
   2565    338  928  1111  442
   2566    626  720  418  1096
   2567    1268  309  1257  613
   2568    738  390  1322  37
   2569    1253  88  1136  495
   2570    1223  67  1199  805
   2571    1112  923  306  597
   2572    1312  242  684  666
   2573    1022  673  135  441
   2574    146  403  1153  265
   2575    1150  525  958  381
   2576    791  718  670  177
   2577    1116  1019  1053  1002
   2578    1144  349  1025  139
   2579    1222  1028  1189  1013
   2580    1173  1042  1155  1026
   2581    1222  1013  1188  1148
   2582    21  226  617  786
   2583    1291  382  1172  910
   2584    1102  312  1080  16
   2585    1137  1032  1068  1012
   2586    1131  191  678  995
   2587    1105  411  988  808
   2588    629  761  830  868
   2589    1096  822  274  43
   2590    1230  645  1179  1126
   2591    1116  366  228  172
   2592    1242  0  1203  530
   2593    1180  726  725  624
   2594    1340  1072  1308  1119
   2595    1254  540  663  536
   2596    1338  890  996  855
   2597    698  495  1139  279
   2598    1203  395  1053  286
   2599    643  215  882  595
   2600    1136  203  88  828
   2601    1140  636  347  989
   2602    1118  797  798  197
   2603    1194  560  1095  448
   2604    1096  65  505  250
   2605    1336  1120  1122  834
   2606    1106  826  793  966
   2607    1265  1036  1164  1083
   2608    1280  1189  1222  1039
   2609    1232  664  1041  104
   2610    1271  896  1085  493
   2611    1040  314  560  206
   2612    1074  555  692  988
   2613    1096  733  721  687
   2614    1356  650  1355  1283
   2615    365  1111  379  928
   2616    1111  944  1097  300
   2617    903  809  1145  21
   2618    1290  1042  1178  1036
   2619    1346  1021  1237  1156
   2620    1060  46  351  742
   2621    1219  987  625  985
   2622    1086  777  1020  46
   2623    1178  1042  1109  1036
   2624    1175  830  630  422
   2625    1203  984  1053  0
   2626    1107  553  926  306
   2627    1102  283  1080  312
   2628    530  321  1165  857
   2629    1206  146  265  690
   2630    1220  1183  1212  1083
   2631    1184  667  497  117
   2632    1223  1193  1205  1076
   2633    1334  680  1167  1141
   2634    1292  641  1258  224
   2635    681  347  1140  85
   2636    1097  662  302  823
   2637    848  882  1082  85
   2638    1208  297  1037  1000
   2639    558  51  1082  85
   2640    1289  142  331  375
   2641    1286  1077  1270  344
   2642    1348  1099  1294  818
   2643    1047  520  71  866
   2644    660  860  1273  200
   2645    1192  1030  1151  1118
   2646    670  194  1297  1311
   2647    402  1322  390  473
   2648    1111  379  97  683
   2649    256  832  1180  566
   2650    1248  632  970  52
   2651    1235  1026  1155  1114
   2652    1240  37  1182  711
   2653    43  721  1096  418
   2654    1273  285  1261  1206
   2655    1207  131  329  1003
   2656    1248  1065  1149  745
   2657    1177  69  134  971
   2658    1168  586  787  491
   2659    1035  63  361  621
   2660    1301  1179  1230  645
   2661    1323  1064  1278  1027
   2662    1150  335  851  727
   2663    1316  394  576  979
   2664    1245  780  398  562
   2665    1255  962  1211  480
   2666    1328  1002  1165  1081
   2667    1194  991  746  686
   2668    1248  213  1120  80
   2669    1094  801  377  65
   2670    1140  166  609  130
   2671    1216  44  1064  245
   2672    1194  350  448  18
   2673    345  148  941  535
   2674    512  72  1135  514
   2675    1290  1036  1279  1164
   2676    878  253  526  722
   2677    1233  78  1209  580
   2678    1260  906  377  905
   2679    1220  1029  1173  1026
   2680    1194  30  1040  206
   2681    1103  357  582  279
   2682    1141  1344  809  810
   2683    1330  1056  1324  1005
   2684    489  262  950  513
   2685    1340  1038  1318  1119
   2686    1135  479  864  319
   2687    1276  1088  1171  1044
   2688    1116  366  172  652
   2689    1135  72  210  610
   2690    1106  967  793  389
   2691    1035  316  361  143
   2692    1264  1135  1217  514
   2693    1242  857  1165  909
   2694    386  503  49  774
   2695    262  766  489  950
   2696    883  513  950  262
   2697    1196  978  1126  628
   2698    1097  58  933  189
   2699    1353  28  1262  852
   2700    630  868  148  489
   2701    1221  922  418  626
   2702    1289  375  1242  259
   2703    1249  1007  1133  1110
   2704    1086  742  356  777
   2705    1231  776  160  801
   2706    1095  448  560  155
   2707    1233  1066  1209  1166
   2708    914  599  106  598
   2709    1291  363  96  190
   2710    1206  340  570  440
   2711    1275  1013  1262  1045
   2712    1229  1013  1132  1045
   2713    1256  142  421  572
   2714    1061  161  856  523
   2715    1303  1118  1244  798
   2716    1048  656  657  264
   2717    107  442  300  944
   2718    485  81  1097  229
   2719    1127  1001  1023  94
   2720    313  141  1321  457
   2721    1223  753  1193  223
   2722    1223  223  994  753
   2723    1223  67  805  641
   2724    1223  753  994  641
   2725    1035  143  1034  129
   2726    1158  363  1131  1054
   2727    610  513  514  72
   2728    165  24  1298  455
   2729    1289  142  375  259
   2730    1254  385  1084  536
   2731    1235  1026  1220  1173
   2732    1343  1080  1102  1008
   2733    1227  1029  1089  913
   2734    1168  492  199  491
   2735    1109  1036  1042  1026
   2736    1095  155  894  448
   2737    1248  52  745  632
   2738    1292  224  1258  1076
   2739    1078  75  413  729
   2740    1252  1182  1213  458
   2741    1226  675  33  591
   2742    1251  1023  1185  1011
   2743    1284  1027  1278  1108
   2744    1273  299  1261  660
   2745    1245  562  398  104
   2746    1253  88  1139  698
   2747    1246  1026  1235  1013
   2748    182  500  1099  282
   2749    1242  857  259  530
   2750    1203  286  1053  984
   2751    936  237  499  652
   2752    1252  1137  1240  779
   2753    1198  94  1185  564
   2754    1031  247  163  384
   2755    1247  376  398  6
   2756    337  231  1064  522
   2757    1200  257  714  518
   2758    1215  508  904  800
   2759    1223  224  1205  753
   2760    1113  874  578  710
   2761    1209  429  1166  829
   2762    1289  1242  1256  909
   2763    1223  1076  1205  224
   2764    1223  223  1193  994
   2765    1209  315  1185  1166
   2766    1286  84  535  344
   2767    1286  1101  1249  1110
   2768    1288  729  1078  413
   2769    676  827  819  109
   2770    1286  1077  1249  1101
   2771    1186  656  934  891
   2772    1254  1072  1084  385
   2773    1330  1034  1107  1016
   2774    1221  719  418  922
   2775    1223  753  1205  1193
   2776    1286  84  1110  535
   2777    1354  1005  1225  1137
   2778    1253  698  1139  952
   2779    1287  405  507  216
   2780    1354  1137  1225  467
   2781    1253  399  1093  806
   2782    611  113  1239  831
   2783    1223  994  1143  67
   2784    1352  1117  1329  365
   2785    1253  495  1190  1139
   2786    1081  321  1053  1002
   2787    1063  1  897  497
   2788    1354  467  1240  1137
   2789    1239  234  831  83
   2790    1286  786  1151  1145
   2791    1286  1110  1249  535
   2792    1318  1074  1244  1038
   2793    1253  698  952  806
   2794    1352  738  1322  37
   2795    1097  189  933  823
   2796    120  516  978  156
   2797    1275  1222  1263  1148
   2798    979  576  1316  1218
   2799    1107  926  452  671
   2800    1253  1136  1190  495
   2801    1269  1027  1152  1039
   2802    718  3  220  107
   2803    1192  332  421  786
   2804    1343  17  1258  1181
   2805    1271  337  896  439
   2806    1355  998  1342  276
   2807    1324  1021  1306  1284
   2808    1302  26  551  444
   2809    1191  557  295  192
   2810    803  782  225  722
   2811    1134  309  1023  170
   2812    1314  1016  1235  1155
   2813    1167  228  1116  710
   2814    977  114  1171  29
   2815    1302  678  1131  486
   2816    1313  629  422  778
   2817    1102  283  796  925
   2818    1177  69  1003  134
   2819    1078  802  760  42
   2820    1081  530  1053  321
   2821    238  221  724  717
   2822    1102  796  128  925
   2823    1091  479  1059  319
   2824    1354  1120  1333  1056
   2825    1077  830  629  761
   2826    1218  925  203  460
   2827    1029  800  599  913
   2828    693  329  1118  197
   2829    1100  319  1087  864
   2830    1112  542  938  373
   2831    1254  663  1202  419
   2832    1140  162  347  636
   2833    1063  358  897  709
   2834    1255  480  1211  744
   2835    1221  1078  1096  250
   2836    1109  1029  1036  1026
   2837    149  217  44  669
   2838    60  717  91  782
   2839    717  239  60  346
   2840    1112  373  938  606
   2841    1315  121  817  663
   2842    773  981  521  328
   2843    1102  821  1080  283
   2844    1112  306  938  542
   2845    1296  1153  1261  1162
   2846    1252  966  1137  826
   2847    1332  812  193  975
   2848    1317  1253  952  399
   2849    519  47  707  124
   2850    60  782  239  717
   2851    721  987  1096  720
   2852    238  592  239  717
   2853    1346  1058  1107  1052
   2854    1170  1056  1122  1089
   2855    867  669  1228  575
   2856    60  782  91  451
   2857    1286  344  1270  842
   2858    1090  982  1075  405
   2859    1200  170  1198  613
   2860    1219  733  171  416
   2861    1184  651  351  481
   2862    1346  671  1156  1107
   2863    842  7  1270  329
   2864    1235  1056  1170  1115
   2865    1325  1079  1234  1041
   2866    1120  213  917  8
   2867    1058  187  466  813
   2868    1265  1046  1236  1164
   2869    1192  786  617  332
   2870    1259  1113  1159  1108
   2871    1292  1199  1223  1076
   2872    1339  83  1239  162
   2873    948  782  803  451
   2874    1257  1127  1198  258
   2875    1061  856  665  523
   2876    1291  96  547  382
   2877    748  346  756  532
   2878    756  471  748  782
   2879    159  722  35  782
   2880    724  34  346  221
   2881    724  221  346  717
   2882    1348  1285  1327  1296
   2883    238  34  724  221
   2884    1099  818  349  500
   2885    1205  510  1193  753
   2886    1274  654  966  655
   2887    567  462  724  34
   2888    1254  841  1104  959
   2889    724  34  434  346
   2890    434  870  34  724
   2891    1138  135  1022  1015
   2892    1303  1038  1118  1024
   2893    1238  478  269  115
   2894    1348  584  1162  244
   2895    1308  1019  1081  1072
   2896    1337  1076  1193  1018
   2897    1302  487  551  26
   2898    1075  482  483  856
   2899    1231  794  330  160
   2900    91  782  748  451
   2901    91  346  748  717
   2902    1175  766  950  422
   2903    1330  1016  1324  1235
   2904    1106  877  966  90
   2905    1147  261  920  876
   2906    1217  210  1129  441
   2907    1346  1021  1324  1237
   2908    1058  187  648  466
   2909    567  36  724  462
   2910    1165  321  1081  1002
   2911    1349  750  411  133
   2912    791  194  670  737
   2913    1130  1008  1093  1004
   2914    1104  820  1072  544
   2915    1059  1007  1051  1015
   2916    1352  738  1240  1117
   2917    1288  802  1094  65
   2918    1081  1002  1053  1019
   2919    1337  1325  1335  1154
   2920    1069  389  793  620
   2921    595  1286  1145  21
   2922    1034  168  754  858
   2923    1318  1038  1244  1119
   2924    1260  649  906  905
   2925    1290  539  1279  788
   2926    1166  569  819  963
   2927    1330  1065  1215  1056
   2928    318  113  1047  866
   2929    1339  1092  1140  162
   2930    1168  178  1009  447
   2931    1344  860  1321  166
   2932    1273  660  1261  285
   2933    42  1078  730  760
   2934    1342  1070  1250  1079
   2935    1305  1110  1298  1007
   2936    1255  64  962  716
   2937    711  37  1322  390
   2938    210  610  72  762
   2939    1191  556  912  557
   2940    1149  834  1120  632
   2941    161  423  1155  856
   2942    1119  794  1072  375
   2943    1173  1029  1170  252
   2944    1256  930  1165  653
   2945    1267  436  1109  105
   2946    1031  103  739  374
   2947    1309  864  1264  262
   2948    1169  559  486  869
   2949    512  72  514  513
   2950    864  866  318  262
   2951    1339  609  83  636
   2952    1150  727  902  335
   2953    1351  850  828  204
   2954    511  767  1186  735
   2955    260  735  1186  767
   2956    1248  632  1120  213
   2957    403  570  13  146
   2958    1147  327  1009  586
   2959    1274  877  1124  622
   2960    1311  1022  1059  1014
   2961    1210  134  1003  543
   2962    1357  1009  1342  1250
   2963    410  591  851  590
   2964    1311  1022  1129  1068
   2965    1048  342  657  656
   2966    1315  1202  1299  1045
   2967    1343  1197  1205  17
   2968    1184  117  651  667
   2969    1288  985  1219  692
   2970    1077  607  543  208
   2971    1343  1114  1196  1181
   2972    1260  65  377  687
   2973    1302  358  1169  1063
   2974    1274  655  1225  654
   2975    1233  109  1211  1166
   2976    1232  104  1187  292
   2977    1190  356  1139  128
   2978    1247  1049  1245  1079
   2979    1238  478  1095  1020
   2980    1305  643  275  595
   2981    1140  130  947  166
   2982    1176  272  981  675
   2983    1039  942  432  704
   2984    1147  771  731  488
   2985    1203  530  0  322
   2986    1357  650  1355  1342
   2987    1066  95  249  790
   2988    1178  464  908  241
   2989    58  661  229  1097
   2990    1040  837  353  991
   2991    1086  644  742  117
   2992    1266  1046  1171  1164
   2993    1069  620  826  937
   2994    501  584  1294  62
   2995    1125  591  33  334
   2996    1232  664  22  528
   2997    1335  1130  1317  1272
   2998    1246  1013  1114  1026
   2999    1177  971  134  808
   3000    1302  1054  1131  995
   3001    1039  783  432  942
   3002    887  658  1300  571
   3003    1063  709  845  358
   3004    1208  263  1154  230
   3005    1276  1171  1179  1044
   3006    1063  116  155  560
   3007    1248  52  1065  745
   3008    1229  1132  1196  978
   3009    403  1300  658  13
   3010    1203  395  1104  1053
   3011    1139  1086  1103  279
   3012    1263  1053  1108  1019
   3013    1353  1204  1299  1045
   3014    1048  887  227  342
   3015    1325  1041  1272  1154
   3016    1062  640  438  53
   3017    1097  189  302  58
   3018    1137  1032  1069  1068
   3019    1315  1243  1265  1045
   3020    1022  673  1015  135
   3021    1224  973  484  119
   3022    1357  1250  1283  1009
   3023    1200  257  730  714
   3024    1357  1195  1356  1283
   3025    1348  1162  1294  1153
   3026    1097  58  485  229
   3027    1146  837  608  207
   3028    1276  114  1171  977
   3029    983  787  509  468
   3030    1075  39  576  838
   3031    1060  1  374  708
   3032    718  589  816  670
   3033    1091  934  38  712
   3034    1096  505  687  721
   3035    1060  351  478  270
   3036    1353  852  1104  459
   3037    45  270  1060  116
   3038    1140  166  32  609
   3039    282  349  1157  648
   3040    1104  537  138  364
   3041    1329  1297  1322  737
   3042    604  603  1240  688
   3043    1069  620  1048  389
   3044    1129  673  1089  1022
   3045    1119  375  888  794
   3046    1103  644  1086  357
   3047    1215  1065  1149  1120
   3048    1062  438  236  936
   3049    1254  459  1104  401
   3050    1096  250  505  822
   3051    524  773  328  894
   3052    1346  1237  1324  1028
   3053    1111  300  1097  97
   3054    1175  422  630  766
   3055    420  182  1071  795
   3056    1224  599  1029  484
   3057    1109  435  105  436
   3058    1069  620  793  826
   3059    1264  262  864  883
   3060    1039  704  432  201
   3061    1197  713  768  352
   3062    1174  703  1039  640
   3063    1275  1148  1262  1013
   3064    1233  580  1209  95
   3065    894  981  773  328
   3066    1066  95  790  371
   3067    1264  864  1135  137
   3068    967  227  1106  90
   3069    1298  1043  1047  370
   3070    1095  314  1063  560
   3071    1268  1023  1127  1001
   3072    1117  365  738  603
   3073    248  604  1240  846
   3074    1246  1220  1235  1026
   3075    1118  421  693  572
   3076    1193  1018  1095  1017
   3077    857  102  321  909
   3078    1282  652  409  366
   3079    1102  312  16  796
   3080    1233  865  940  109
   3081    1280  704  201  799
   3082    1139  356  1086  279
   3083    1239  611  831  885
   3084    1131  191  1037  869
   3085    1251  150  1220  1036
   3086    1116  291  172  697
   3087    264  1048  1069  747
   3088    593  481  898  186
   3089    1295  211  1147  780
   3090    1136  203  495  88
   3091    1039  640  703  201
   3092    1252  826  1106  966
   3093    1131  1000  1037  191
   3094    1100  319  864  866
   3095    1286  786  1145  617
   3096    1219  416  625  733
   3097    718  220  3  816
   3098    1089  683  741  379
   3099    1140  947  1082  166
   3100    1143  892  994  334
   3101    1220  1026  1036  1029
   3102    1312  666  169  1088
   3103    1266  157  893  915
   3104    1075  482  838  483
   3105    955  49  333  175
   3106    1156  1028  1107  541
   3107    928  379  365  70
   3108    1148  303  588  799
   3109    1218  925  460  821
   3110    1345  1207  1320  875
   3111    1078  75  729  792
   3112    349  282  1099  500
   3113    338  379  70  220
   3114    707  519  311  774
   3115    1297  791  1014  430
   3116    809  810  1145  396
   3117    365  123  1111  928
   3118    1060  1  1031  374
   3119    195  739  456  103
   3120    760  1011  1134  42
   3121    783  415  1293  100
   3122    1294  340  122  501
   3123    1303  1038  1244  1118
   3124    1303  1118  1256  1151
   3125    1336  378  515  8
   3126    3  220  338  928
   3127    1322  1297  1311  1068
   3128    1280  1148  1188  588
   3129    718  220  816  589
   3130    1190  1102  1130  1076
   3131    1178  1109  1042  1055
   3132    1221  626  1096  75
   3133    3  220  737  816
   3134    418  720  721  1096
   3135    1322  711  1182  37
   3136    1298  1110  1133  1007
   3137    443  26  551  845
   3138    1343  1006  1130  1076
   3139    123  1111  928  836
   3140    1058  671  452  187
   3141    264  747  1128  728
   3142    345  830  1077  761
   3143    1225  655  956  515
   3144    1232  1088  1187  1004
   3145    1340  1303  1308  1038
   3146    38  932  602  728
   3147    718  737  791  670
   3148    589  177  670  718
   3149    718  816  737  670
   3150    718  816  3  737
   3151    952  279  1103  20
   3152    1332  193  1266  1236
   3153    1287  1201  1215  507
   3154    1075  665  856  483
   3155    1075  856  1061  1055
   3156    1265  1044  1132  1046
   3157    1316  203  1218  1136
   3158    1280  704  99  942
   3159    1128  1048  1069  264
   3160    1060  46  478  351
   3161    1031  45  374  739
   3162    1260  687  377  906
   3163    1267  150  1109  1036
   3164    384  186  1184  739
   3165    1055  523  144  695
   3166    1015  673  750  135
   3167    1098  647  424  919
   3168    1142  101  1112  66
   3169    1356  1193  1337  1070
   3170    1055  695  144  106
   3171    847  194  747  602
   3172    1067  614  579  527
   3173    1134  792  42  170
   3174    1043  307  113  370
   3175    748  225  782  471
   3176    1209  78  360  580
   3177    1165  102  1002  517
   3178    471  756  902  335
   3179    1336  467  515  378
   3180    657  342  1048  389
   3181    1343  1006  1196  1004
   3182    1346  1052  1144  1058
   3183    620  747  1048  657
   3184    93  725  354  918
   3185    1241  372  1098  574
   3186    1352  37  1240  738
   3187    1209  78  1166  429
   3188    1349  1138  1313  1051
   3189    599  1029  549  507
   3190    361  621  316  622
   3191    1129  673  1022  441
   3192    1162  825  122  74
   3193    583  386  859  186
   3194    1077  629  208  761
   3195    1272  1130  1253  1093
   3196    1318  1074  1260  1244
   3197    1203  0  1053  322
   3198    1099  62  500  502
   3199    1339  162  1239  1092
   3200    1334  218  840  680
   3201    1327  1144  1326  1021
   3202    1227  1029  1220  1089
   3203    1266  915  1236  193
   3204    1103  293  1037  960
   3205    918  354  93  999
   3206    1100  71  1059  319
   3207    1267  105  1050  10
   3208    1322  390  1213  1182
   3209    1119  330  1084  888
   3210    141  1186  1321  735
   3211    1186  934  1091  408
   3212    1300  1099  1285  1010
   3213    708  103  1  374
   3214    1111  836  944  662
   3215    1294  501  122  825
   3216    1198  94  1127  1023
   3217    1147  771  27  414
   3218    1031  1  634  103
   3219    1096  1078  802  250
   3220    1014  72  177  670
   3221    1071  877  90  993
   3222    1267  1029  1251  1220
   3223    1147  586  920  27
   3224    1345  1074  1207  1038
   3225    1259  1062  1174  1152
   3226    1232  1041  1187  104
   3227    1071  772  677  993
   3228    1071  993  677  877
   3229    1288  802  1096  1078
   3230    1184  481  351  270
   3231    1343  1076  1130  1008
   3232    1305  1007  1298  1082
   3233    956  8  129  545
   3234    1099  818  500  62
   3235    1162  158  880  474
   3236    1029  824  436  10
   3237    1248  80  1034  858
   3238    1100  1051  1087  1059
   3239    1228  867  5  880
   3240    1143  1020  1095  1018
   3241    1303  1244  1289  798
   3242    1305  215  1082  643
   3243    1341  1212  1251  1011
   3244    1191  931  1183  295
   3245    1190  777  796  679
   3246    1303  1119  1244  1038
   3247    1190  1102  1136  1130
   3248    1190  1018  1086  777
   3249    1075  665  1061  856
   3250    1219  733  625  987
   3251    1282  366  1116  652
   3252    1288  1219  1260  1074
   3253    1143  67  994  892
   3254    1190  1018  1139  1086
   3255    1305  643  1082  275
   3256    1112  1028  1107  1090
   3257    1178  1042  1098  1061
   3258    1353  1104  1331  1254
   3259    407  200  1273  860
   3260    1309  766  630  489
   3261    1349  778  1313  1138
   3262    1341  672  577  11
   3263    1143  892  1020  679
   3264    1143  679  1020  1018
   3265    1156  669  149  476
   3266    1225  966  1137  1005
   3267    1354  1137  1333  1005
   3268    1190  128  1136  1102
   3269    1354  1056  1137  1122
   3270    929  181  1267  294
   3271    1191  295  912  121
   3272    1190  777  128  796
   3273    1336  846  1240  378
   3274    1355  889  1342  650
   3275    1314  52  1065  1016
   3276    1276  1123  1179  899
   3277    1314  52  1016  405
   3278    1217  441  1138  209
   3279    1296  1153  1159  1085
   3280    1248  632  213  970
   3281    1227  683  1089  804
   3282    450  494  667  898
   3283    1186  511  408  71
   3284    1268  613  1257  1198
   3285    481  898  667  651
   3286    405  168  1090  833
   3287    1259  1108  1116  1113
   3288    478  116  1060  270
   3289    1230  273  785  862
   3290    1330  1065  1314  1215
   3291    1234  127  1196  811
   3292    1124  1010  1071  1005
   3293    1124  677  1071  31
   3294    1226  773  525  381
   3295    1184  481  270  739
   3296    453  1180  829  564
   3297    1244  23  649  573
   3298    1240  603  1117  738
   3299    1283  740  1195  207
   3300    1352  1012  1240  1182
   3301    1255  257  196  280
   3302    1204  990  243  516
   3303    1053  322  984  291
   3304    1053  0  984  322
   3305    1338  1093  1272  890
   3306    664  528  1232  219
   3307    1168  199  490  491
   3308    1287  507  1215  216
   3309    1294  825  584  501
   3310    1116  366  1113  710
   3311    1240  688  37  711
   3312    1326  1058  1144  466
   3313    1240  1137  1182  1012
   3314    1161  1085  1113  308
   3315    1267  1001  1050  1023
   3316    1065  168  1016  754
   3317    1332  1171  1266  812
   3318    1276  977  1088  114
   3319    1273  200  1141  82
   3320    1238  478  1020  269
   3321    1131  995  1054  363
   3322    1210  1030  1207  1105
   3323    1132  156  120  978
   3324    1306  1056  1115  1089
   3325    1267  150  929  294
   3326    1172  314  1040  86
   3327    1110  148  941  24
   3328    1318  1094  1260  1074
   3329    1050  181  453  832
   3330    1306  1284  1285  1032
   3331    1106  793  1069  389
   3332    1210  134  1177  1003
   3333    1227  252  913  40
   3334    1269  1152  1263  935
   3335    1256  653  1151  421
   3336    1291  363  1054  547
   3337    1268  309  1198  1023
   3338    1257  613  504  601
   3339    1029  618  484  10
   3340    1127  183  1001  310
   3341    1007  166  534  974
   3342    1162  825  474  584
   3343    1017  293  357  358
   3344    1329  220  737  928
   3345    1259  1159  1161  1062
   3346    1106  1048  1069  1032
   3347    1106  772  1071  993
   3348    1084  794  776  385
   3349    1301  785  1230  516
   3350    1236  449  1191  1083
   3351    1214  1024  1165  1151
   3352    357  1017  1103  293
   3353    1211  480  962  529
   3354    1035  700  316  129
   3355    1107  755  1090  168
   3356    1308  1038  1307  1094
   3357    1135  479  1059  1014
   3358    1135  72  1014  210
   3359    1078  792  730  280
   3360    1264  864  137  883
   3361    1232  1067  1088  1004
   3362    1343  1080  1258  1076
   3363    1227  40  1089  683
   3364    1186  891  511  141
   3365    1153  533  265  457
   3366    1318  1244  1260  649
   3367    1049  839  490  6
   3368    1286  329  1192  617
   3369    1197  1070  1079  1006
   3370    1339  636  1140  609
   3371    1218  1033  1075  1008
   3372    1009  447  276  281
   3373    1061  161  1055  856
   3374    1050  732  1001  594
   3375    1096  505  274  822
   3376    1009  889  276  178
   3377    1107  168  1016  939
   3378    1319  1123  1187  392
   3379    1132  1013  1114  1045
   3380    1233  865  1166  78
   3381    1203  694  1072  820
   3382    1009  178  276  447
   3383    1268  1198  1257  1127
   3384    1086  117  497  644
   3385    1161  493  112  439
   3386    1049  398  839  6
   3387    1029  10  484  824
   3388    1150  410  590  235
   3389    1340  1072  1119  1084
   3390    1086  644  497  357
   3391    410  675  1150  591
   3392    1230  1044  1179  1046
   3393    1264  514  1217  1087
   3394    1009  490  199  927
   3395    1009  927  6  490
   3396    875  552  1177  715
   3397    1268  702  1257  309
   3398    1058  452  648  187
   3399    1163  741  1089  40
   3400    1043  370  4  307
   3401    1302  86  1054  444
   3402    1142  304  587  66
   3403    1146  207  608  198
   3404    1259  1108  1152  237
   3405    1218  821  283  925
   3406    1269  935  138  380
   3407    1269  303  1148  976
   3408    1169  559  1017  358
   3409    1114  1013  1073  1028
   3410    1254  619  385  536
   3411    1139  279  1103  698
   3412    1280  799  1148  588
   3413    1083  585  449  192
   3414    1165  102  517  930
   3415    1226  525  1150  381
   3416    1171  1164  29  975
   3417    1238  115  269  33
   3418    1336  846  378  8
   3419    1157  466  1144  1058
   3420    1208  960  1103  1037
   3421    1291  547  1054  382
   3422    1336  8  956  545
   3423    1073  433  475  769
   3424    1314  216  1215  1065
   3425    1254  959  1104  1072
   3426    382  444  296  910
   3427    1054  382  547  296
   3428    1292  769  1258  641
   3429    1280  303  1148  799
   3430    1234  1041  1196  1006
   3431    1295  488  1158  1049
   3432    1295  211  780  562
   3433    1226  591  1125  381
   3434    1184  1  497  496
   3435    1129  379  1089  506
   3436    1217  1051  1175  1138
   3437    1217  1051  1138  1015
   3438    1345  875  1320  1177
   3439    1122  508  696  804
   3440    1161  493  1085  112
   3441    1119  888  331  573
   3442    1231  801  1094  341
   3443    1237  1189  1222  1028
   3444    1143  994  1095  136
   3445    1135  513  512  514
   3446    1341  11  1251  1212
   3447    1121  540  1057  341
   3448    1305  50  1145  166
   3449    1203  0  820  984
   3450    1241  288  87  684
   3451    382  910  1291  391
   3452    1254  1121  1202  663
   3453    1089  741  506  379
   3454    1274  622  700  267
   3455    1353  1104  1254  459
   3456    1295  230  562  1154
   3457    1289  909  1256  142
   3458    1337  1017  1335  1018
   3459    1336  1225  1333  956
   3460    1157  1052  1124  461
   3461    1279  449  1164  1083
   3462    1271  1085  1161  493
   3463    1146  837  1040  608
   3464    1103  279  1086  644
   3465    1348  1144  1327  1285
   3466    1152  380  499  388
   3467    1167  1002  1116  1053
   3468    1150  727  958  525
   3469    1348  1296  1327  1025
   3470    1337  1193  1205  1070
   3471    1207  131  1192  329
   3472    1320  875  1207  1177
   3473    1234  1196  1197  1006
   3474    1146  686  510  608
   3475    1228  1156  1216  1064
   3476    1249  1133  1175  630
   3477    1178  463  1061  781
   3478    1178  781  464  241
   3479    1207  1003  1177  131
   3480    1211  631  940  581
   3481    1283  740  207  650
   3482    1283  1009  1250  1158
   3483    1290  287  68  908
   3484    1281  56  1160  961
   3485    1291  1158  1172  1054
   3486    1305  595  1110  84
   3487    249  760  1134  730
   3488    1215  1065  1120  1056
   3489    1318  1119  1231  1084
   3490    1200  1023  1198  170
   3491    1229  978  1196  628
   3492    1064  522  158  337
   3493    1064  522  1025  158
   3494    1229  1045  1132  120
   3495    1229  1045  1188  1013
   3496    1345  875  1244  1207
   3497    1346  1156  1326  1021
   3498    1291  1054  1172  382
   3499    1254  841  619  214
   3500    1251  1183  1220  1134
   3501    1086  357  1063  1017
   3502    1086  1060  1063  497
   3503    1229  156  978  628
   3504    1229  1181  1188  336
   3505    1229  156  1132  978
   3506    1165  321  1002  102
   3507    1346  1107  1156  1028
   3508    1217  610  210  762
   3509    1356  207  198  469
   3510    1082  50  947  255
   3511    1280  588  99  704
   3512    1215  216  507  904
   3513    1184  497  1060  117
   3514    1180  362  829  355
   3515    1287  1155  1201  1173
   3516    1200  249  1134  730
   3517    1288  687  1260  1219
   3518    1066  249  1134  1200
   3519    1352  738  1329  1322
   3520    1184  911  163  284
   3521    1134  170  42  309
   3522    1112  542  1090  306
   3523    1091  728  38  934
   3524    1109  294  105  435
   3525    1158  1000  1131  363
   3526    1313  1138  1175  1051
   3527    1326  1064  1228  1025
   3528    1174  1039  1152  1062
   3529    1195  1017  1146  1063
   3530    1347  1062  1271  1064
   3531    1308  1081  1119  1072
   3532    1282  1062  1161  236
   3533    1188  437  588  336
   3534    1236  77  916  815
   3535    1224  973  1163  40
   3536    1136  1008  1130  1102
   3537    599  1029  507  800
   3538    1224  484  1029  618
   3539    1213  847  747  458
   3540    1233  1166  1209  78
   3541    1188  1073  1181  1013
   3542    1188  336  1181  437
   3543    1188  588  454  336
   3544    1224  484  913  599
   3545    1224  1029  1050  618
   3546    1344  407  1141  860
   3547    1099  282  1010  182
   3548    1259  1062  1152  1108
   3549    1289  798  1244  573
   3550    1302  995  1131  678
   3551    50  396  1145  407
   3552    1241  835  1098  372
   3553    1109  294  1036  150
   3554    1215  800  1201  1170
   3555    1134  1011  1183  42
   3556    1204  243  817  763
   3557    1072  694  375  814
   3558    1072  814  375  111
   3559    1347  640  1293  100
   3560    1085  299  112  493
   3561    1072  111  544  814
   3562    249  280  790  701
   3563    1345  1219  1320  1074
   3564    1286  1192  1210  1030
   3565    1191  341  1183  931
   3566    1190  128  1139  495
   3567    1112  306  1028  597
   3568    1290  751  1241  685
   3569    1219  985  413  733
   3570    1352  1012  1129  1117
   3571    1184  284  1031  1
   3572    1075  838  576  483
   3573    1075  665  483  576
   3574    1075  576  393  665
   3575    1075  982  482  405
   3576    1334  477  1214  840
   3577    1217  610  762  209
   3578    1218  1102  1136  203
   3579    1262  853  303  537
   3580    1211  631  581  147
   3581    1252  1069  1213  1182
   3582    1347  1293  1323  1216
   3583    1211  819  480  529
   3584    1211  529  1166  819
   3585    1340  1084  1318  1094
   3586    1163  309  506  741
   3587    1270  7  842  761
   3588    1163  741  973  183
   3589    1163  741  40  973
   3590    1291  190  1158  488
   3591    1292  641  587  769
   3592    1187  398  392  104
   3593    1172  404  1040  271
   3594    1277  893  691  915
   3595    1302  358  845  486
   3596    1172  86  1040  205
   3597    1270  226  842  329
   3598    1277  1236  1266  915
   3599    1179  1044  1126  1123
   3600    1196  1044  1132  1114
   3601    1179  899  1123  646
   3602    1270  761  842  344
   3603    1261  660  15  285
   3604    1187  392  639  104
   3605    1277  915  1266  893
   3606    1189  305  1156  596
   3607    1217  441  1129  1022
   3608    1240  846  1122  248
   3609    1163  309  741  702
   3610    1179  54  812  550
   3611    205  404  1172  910
   3612    1261  1153  1206  1162
   3613    89  612  1338  986
   3614    1347  100  1293  734
   3615    1240  1117  1122  1012
   3616    1353  1045  1331  1262
   3617    1240  604  1122  1117
   3618    1288  1074  1105  555
   3619    1292  1080  1102  1076
   3620    226  617  1286  84
   3621    1189  1028  1156  305
   3622    1104  935  1053  563
   3623    1294  62  1099  570
   3624    1114  1073  1080  1033
   3625    1328  1024  1321  1307
   3626    1104  563  138  935
   3627    1104  364  563  59
   3628    1242  1289  259  857
   3629    1242  530  259  694
   3630    1242  530  694  0
   3631    1242  375  1072  694
   3632    1242  1072  1081  1019
   3633    1242  375  1119  1072
   3634    1242  1053  1203  1019
   3635    1242  1019  1081  1053
   3636    1242  1081  1165  530
   3637    1251  1134  1220  1023
   3638    1242  530  1165  857
   3639    1353  1202  1299  419
   3640    1200  1134  1185  1023
   3641    1190  128  1102  796
   3642    1240  688  779  378
   3643    1303  1151  1256  1024
   3644    1343  1008  1114  1080
   3645    1265  1036  1083  1026
   3646    1252  1069  1106  793
   3647    1196  978  1132  1126
   3648    1317  73  1208  949
   3649    1276  114  1088  169
   3650    1042  1109  1173  1055
   3651    1347  1039  1323  1293
   3652    1344  1145  809  810
   3653    1249  1051  1175  1133
   3654    1342  276  998  127
   3655    1224  1001  1050  1029
   3656    1271  439  1161  743
   3657    1144  818  1025  349
   3658    1238  269  1020  892
   3659    1229  120  1132  156
   3660    1144  1010  1099  282
   3661    1144  349  1099  818
   3662    1092  307  1043  4
   3663    1298  554  1092  455
   3664    179  455  1298  24
   3665    1298  24  1133  1110
   3666    1298  637  1092  554
   3667    1162  584  474  244
   3668    1092  4  1043  370
   3669    1092  455  4  370
   3670    1092  51  1082  558
   3671    1092  558  554  51
   3672    1321  1019  1307  1284
   3673    1155  507  695  106
   3674    1274  622  1035  316
   3675    1177  715  246  69
   3676    1208  952  73  399
   3677    1332  975  1171  550
   3678    1184  45  1060  1031
   3679    1272  73  890  986
   3680    1353  459  1254  401
   3681    1357  1250  1337  1000
   3682    1157  943  648  461
   3683    1287  1155  1173  507
   3684    1321  1108  1116  1002
   3685    1147  222  839  616
   3686    1147  876  920  491
   3687    1147  261  876  222
   3688    1299  663  817  419
   3689    1095  116  1063  478
   3690    229  1097  445  633
   3691    775  185  97  633
   3692    1097  836  81  485
   3693    185  933  97  633
   3694    1255  1211  1233  744
   3695    1256  909  1165  930
   3696    1104  59  563  395
   3697    59  395  1104  544
   3698    1232  292  22  664
   3699    1231  341  1057  801
   3700    1137  1032  1106  1069
   3701    1254  214  619  79
   3702    1356  1070  1355  713
   3703    1176  272  902  521
   3704    1098  919  1061  56
   3705    1098  56  647  919
   3706    1282  1113  1259  1116
   3707    1098  12  638  919
   3708    1098  919  424  12
   3709    1282  1161  1259  1113
   3710    18  136  1194  350
   3711    1352  1129  1329  1117
   3712    1098  781  1061  980
   3713    1098  980  1061  919
   3714    1098  12  424  614
   3715    1098  614  574  12
   3716    1098  12  835  781
   3717    1098  781  638  12
   3718    1098  1067  614  424
   3719    1098  919  638  781
   3720    1098  919  781  980
   3721    1166  78  865  569
   3722    1301  1266  1277  1046
   3723    1343  1006  1197  1196
   3724    1301  1046  1277  1243
   3725    1301  862  1230  785
   3726    1302  444  551  86
   3727    1326  1025  1228  1144
   3728    1314  745  1287  216
   3729    1301  157  1179  645
   3730    1301  893  1266  157
   3731    1172  910  1054  86
   3732    1302  1017  1195  1063
   3733    1324  1010  1052  1005
   3734    1351  426  1281  204
   3735    1315  912  1243  817
   3736    1342  1079  1250  1049
   3737    1209  360  1011  95
   3738    1131  363  1000  191
   3739    1147  27  920  261
   3740    1196  1126  1132  1044
   3741    1131  1017  1037  1000
   3742    1103  952  698  279
   3743    1334  406  1141  218
   3744    1142  769  304  98
   3745    1142  101  66  964
   3746    1345  692  1219  625
   3747    1245  1154  562  104
   3748    1271  231  9  446
   3749    1303  1024  1256  1081
   3750    1349  750  1105  411
   3751    1142  66  587  964
   3752    1142  98  1073  769
   3753    1226  115  1125  33
   3754    1104  364  138  563
   3755    841  401  1104  59
   3756    364  59  1104  459
   3757    459  852  1104  364
   3758    1255  1066  1233  1211
   3759    95  1066  744  371
   3760    1203  1053  1104  1019
   3761    1255  371  744  1066
   3762    1255  257  1066  962
   3763    1255  371  1066  790
   3764    1255  371  790  64
   3765    1255  280  1066  257
   3766    1255  1066  1211  962
   3767    1104  959  841  59
   3768    1104  544  959  59
   3769    1171  29  1164  1088
   3770    1129  441  816  70
   3771    1117  604  123  603
   3772    1244  797  23  573
   3773    1305  50  1082  215
   3774    1117  683  1089  379
   3775    1117  81  1111  123
   3776    1110  941  179  24
   3777    1134  170  730  792
   3778    1134  249  1011  760
   3779    1284  1108  1263  1027
   3780    1306  1012  1089  1022
   3781    1306  1056  1089  1012
   3782    1306  1022  1068  1012
   3783    1078  760  701  280
   3784    1134  792  730  42
   3785    1270  7  1003  329
   3786    1272  986  426  73
   3787    1274  1005  1106  966
   3788    1201  252  1173  1170
   3789    1136  128  495  203
   3790    1219  733  413  687
   3791    1135  512  137  864
   3792    1286  329  1270  1192
   3793    1301  812  1266  1179
   3794    1286  842  1270  226
   3795    1286  1151  1192  1030
   3796    1307  42  1288  1078
   3797    1186  408  1059  71
   3798    1267  436  105  10
   3799    1136  1093  1130  1008
   3800    1223  1018  1193  1076
   3801    1301  691  1277  893
   3802    1174  53  1062  438
   3803    1322  1213  1297  1068
   3804    1349  1105  1307  1030
   3805    1305  215  1145  50
   3806    1136  203  1102  128
   3807    1273  407  1141  200
   3808    1178  435  1109  436
   3809    1186  767  1100  260
   3810    1296  1161  1271  1085
   3811    1134  42  730  760
   3812    1315  817  1299  1202
   3813    1228  476  1156  813
   3814    1268  1023  1198  1127
   3815    1331  138  1269  1263
   3816    1265  1045  1114  1013
   3817    1265  1132  1243  1046
   3818    1265  1026  1246  1114
   3819    1265  1045  1132  1114
   3820    1227  1089  1220  1170
   3821    1296  1064  1271  1161
   3822    1268  1089  1163  506
   3823    1161  1062  1159  1064
   3824    1315  1204  1299  817
   3825    1243  1191  1236  849
   3826    1243  556  1191  849
   3827    1133  1051  1100  1007
   3828    1127  362  1050  94
   3829    1267  150  94  929
   3830    1288  692  1074  555
   3831    1133  1047  1100  318
   3832    1133  1007  1100  1047
   3833    1223  1076  1199  1018
   3834    1310  1145  1214  1151
   3835    1184  739  270  45
   3836    1221  75  1078  280
   3837    1327  1025  1326  1144
   3838    1122  1089  1117  804
   3839    1122  325  804  248
   3840    1135  479  1014  864
   3841    1289  572  1118  798
   3842    1327  1064  1296  1159
   3843    1349  411  778  133
   3844    1135  512  1014  72
   3845    1115  42  673  506
   3846    1226  369  894  773
   3847    572  798  1289  142
   3848    1116  237  291  388
   3849    1117  804  81  604
   3850    1117  804  683  81
   3851    1117  804  1089  683
   3852    1213  458  1182  390
   3853    1298  1043  1082  1007
   3854    1248  1034  1065  754
   3855    815  1236  849  915
   3856    1230  1046  1132  1044
   3857    1118  797  561  907
   3858    1267  10  1029  436
   3859    1271  231  1064  337
   3860    292  639  1187  22
   3861    1126  811  412  646
   3862    1217  610  209  514
   3863    1268  309  1023  506
   3864    1290  287  685  68
   3865    1290  1067  1241  1098
   3866    1290  685  1241  684
   3867    1290  1088  1279  539
   3868    1290  1067  1098  1042
   3869    1338  1004  1093  1067
   3870    1355  1197  1342  998
   3871    1338  1041  1272  1004
   3872    1120  129  1034  545
   3873    1339  1082  1092  1043
   3874    1120  545  1034  80
   3875    1120  545  80  8
   3876    1348  818  1294  584
   3877    1127  431  1050  453
   3878    1279  1083  1164  1036
   3879    1341  672  1212  78
   3880    1241  751  1098  835
   3881    1280  942  1039  704
   3882    1241  835  372  751
   3883    1248  80  970  213
   3884    1122  248  1117  604
   3885    1280  1188  1189  942
   3886    1313  1051  1249  1077
   3887    1122  846  834  325
   3888    1122  917  834  846
   3889    1235  1173  1201  1155
   3890    899  417  1276  289
   3891    1326  1156  1278  1021
   3892    1217  1015  1138  1022
   3893    1127  702  183  310
   3894    481  1184  163  186
   3895    1127  453  1050  362
   3896    1127  1001  1050  431
   3897    1123  392  376  811
   3898    1227  683  696  252
   3899    1180  92  624  945
   3900    1125  116  894  155
   3901    1265  1191  1246  1083
   3902    1125  18  1095  894
   3903    1125  894  1095  155
   3904    1125  155  1095  116
   3905    1239  885  1043  611
   3906    1239  4  831  307
   3907    1349  1030  1307  1015
   3908    1239  885  831  234
   3909    1239  4  1092  831
   3910    1126  412  645  646
   3911    1126  646  645  689
   3912    1317  952  1208  399
   3913    1323  1189  1237  1156
   3914    1298  1007  1047  1043
   3915    1281  1098  1160  647
   3916    1128  38  1091  728
   3917    1128  264  1069  747
   3918    932  728  1128  747
   3919    1214  1024  1151  1145
   3920    1311  1059  1297  1014
   3921    1128  932  38  728
   3922    1312  1067  1232  579
   3923    1298  455  1092  370
   3924    1298  1043  1092  1082
   3925    1129  673  441  70
   3926    1129  70  506  673
   3927    1140  558  1092  1082
   3928    1140  989  681  130
   3929    1349  411  1313  778
   3930    1226  369  1125  894
   3931    1140  636  989  609
   3932    1140  609  989  130
   3933    1352  1117  1240  1012
   3934    1273  1113  1141  1085
   3935    1198  453  564  258
   3936    1198  564  613  258
   3937    1201  507  1173  800
   3938    280  249  1200  730
   3939    1267  1036  1109  1029
   3940    1326  1156  1228  1064
   3941    1134  42  1115  309
   3942    1078  42  730  792
   3943    506  309  1115  42
   3944    1134  341  1115  42
   3945    1158  468  271  740
   3946    1231  794  1084  330
   3947    1137  467  779  240
   3948    1307  1115  1284  1263
   3949    1307  1115  1304  1121
   3950    1137  1005  1106  1010
   3951    1137  1010  1106  1032
   3952    1213  747  847  194
   3953    1183  42  1011  249
   3954    1350  1191  1315  121
   3955    1298  370  1047  455
   3956    1213  847  458  390
   3957    1221  110  418  719
   3958    64  719  790  1255
   3959    1137  826  654  467
   3960    1137  240  826  467
   3961    1314  52  405  745
   3962    1314  405  1287  745
   3963    1314  1016  1287  405
   3964    1218  283  1102  925
   3965    1232  22  784  528
   3966    1208  20  1103  960
   3967    1318  1038  1308  1094
   3968    1189  433  1073  98
   3969    1208  20  151  952
   3970    1208  960  1037  297
   3971    1184  45  1031  739
   3972    1211  109  631  676
   3973    1211  865  1166  109
   3974    1211  109  819  865
   3975    1211  109  940  631
   3976    1181  17  348  768
   3977    1272  1041  1232  723
   3978    1344  166  1321  1145
   3979    1211  109  676  819
   3980    1168  199  1009  490
   3981    1168  281  57  447
   3982    1141  578  1113  874
   3983    1335  1037  1208  1103
   3984    1274  956  1225  655
   3985    1274  877  622  267
   3986    1215  216  1149  1065
   3987    1215  904  1149  216
   3988    1278  1064  1159  1062
   3989    1348  1099  1285  1153
   3990    1274  654  1225  966
   3991    1177  808  988  807
   3992    1259  652  1116  237
   3993    1141  874  82  406
   3994    1141  406  578  874
   3995    1335  1139  1190  1018
   3996    1168  491  787  492
   3997    1168  447  1009  281
   3998    1141  810  218  82
   3999    1141  82  218  406
   4000    1190  679  1018  777
   4001    1190  777  1086  356
   4002    1190  1086  1139  356
   4003    1191  295  1183  192
   4004    1335  1000  1208  1037
   4005    1152  1027  1062  1039
   4006    1215  1149  1170  1120
   4007    1306  1032  1068  1022
   4008    1306  1010  1300  1285
   4009    1145  215  21  396
   4010    1330  1016  1314  1065
   4011    1322  390  1182  711
   4012    1152  1027  1108  1062
   4013    1152  380  703  499
   4014    1145  215  595  21
   4015    1306  1010  1285  1021
   4016    1152  388  499  237
   4017    1145  786  21  617
   4018    1145  1286  617  21
   4019    1145  166  50  860
   4020    1311  1014  1297  670
   4021    1311  210  1014  670
   4022    1147  616  211  731
   4023    1147  190  1009  327
   4024    1147  327  465  190
   4025    1186  1059  1128  1032
   4026    1352  1068  1322  1311
   4027    1147  491  490  876
   4028    1147  491  1049  490
   4029    1147  876  839  222
   4030    1147  839  1049  780
   4031    1147  616  839  780
   4032    1147  211  616  780
   4033    1147  490  1049  839
   4034    1147  876  490  839
   4035    1223  1143  1193  1018
   4036    1263  1019  1104  1053
   4037    1263  1053  1104  935
   4038    1263  1148  1222  1027
   4039    1272  1004  1130  1093
   4040    1161  112  1085  308
   4041    1161  236  1062  9
   4042    1161  439  112  743
   4043    1272  426  1093  399
   4044    1315  912  817  121
   4045    1351  828  1136  88
   4046    1351  1160  1316  850
   4047    1315  1045  1275  1202
   4048    1315  1246  1275  1045
   4049    1194  991  686  608
   4050    1177  69  971  715
   4051    1343  1196  1197  768
   4052    1177  246  1003  69
   4053    529  945  355  819
   4054    1166  355  963  819
   4055    1180  354  726  624
   4056    1180  945  566  92
   4057    1209  829  94  429
   4058    1246  1191  1220  1083
   4059    1350  1246  1315  1191
   4060    1316  1093  1136  1008
   4061    1003  552  246  1177
   4062    1242  1072  1203  694
   4063    1302  1054  1195  1131
   4064    1353  1299  1331  1045
   4065    1245  780  1049  398
   4066    963  819  355  945
   4067    1207  1118  1192  131
   4068    1211  581  744  164
   4069    598  106  695  507
   4070    1229  1013  1188  1181
   4071    1229  336  1188  1045
   4072    1229  336  120  156
   4073    1229  437  1181  336
   4074    1156  476  541  671
   4075    1156  541  1107  671
   4076    1347  245  446  734
   4077    1156  671  1058  813
   4078    1156  813  476  671
   4079    1267  105  1109  294
   4080    1221  701  969  790
   4081    1173  1026  1109  1042
   4082    1173  1055  1155  1042
   4083    1055  1155  106  549
   4084    1109  1055  549  1029
   4085    1195  740  1172  1040
   4086    1266  915  193  157
   4087    1266  1164  1236  1046
   4088    1302  358  1063  845
   4089    1287  405  423  507
   4090    1160  1042  1075  1055
   4091    1160  1055  1061  1042
   4092    1160  1055  1075  1061
   4093    1160  665  1075  393
   4094    665  393  1160  56
   4095    1317  1139  1208  952
   4096    1261  74  1206  770
   4097    1317  1093  1272  1253
   4098    1160  393  1075  576
   4099    1317  949  1272  73
   4100    1289  573  331  798
   4101    1160  1061  1075  665
   4102    1272  986  1093  426
   4103    1260  65  1094  377
   4104    1260  377  1231  905
   4105    1161  472  409  743
   4106    1161  409  236  743
   4107    1318  1119  1244  649
   4108    1334  1002  1167  680
   4109    1334  477  1310  1214
   4110    1216  415  217  44
   4111    1231  801  160  905
   4112    1305  1101  1110  1007
   4113    1195  1000  1146  1017
   4114    1195  1040  1146  207
   4115    1216  44  245  415
   4116    1240  711  779  688
   4117    1348  818  1144  1099
   4118    1336  545  1120  8
   4119    410  851  1150  590
   4120    1277  915  849  1236
   4121    1347  734  1293  1216
   4122    1348  244  1162  1025
   4123    1187  1004  1088  1044
   4124    1187  1004  1123  1041
   4125    1348  1144  1285  1099
   4126    1216  596  1189  1156
   4127    1319  376  1247  927
   4128    1319  811  1123  376
   4129    1319  1123  1234  1041
   4130    1169  559  706  293
   4131    1169  706  1037  293
   4132    1169  1017  1063  358
   4133    1169  293  1037  1017
   4134    1244  907  1207  875
   4135    1248  1034  1120  1065
   4136    1247  398  1245  1049
   4137    1240  1182  1252  240
   4138    1220  1134  1115  1023
   4139    1244  797  907  23
   4140    1220  1026  1083  1036
   4141    1345  416  1177  625
   4142    1220  1115  1134  341
   4143    1244  1038  1207  1118
   4144    1290  685  539  68
   4145    1261  1162  1206  74
   4146    1304  1104  1263  1019
   4147    1316  850  394  828
   4148    1174  237  936  652
   4149    1174  499  936  237
   4150    549  1055  1173  1029
   4151    1174  53  936  499
   4152    1174  438  936  53
   4153    1174  438  1062  936
   4154    1260  649  1244  906
   4155    1184  1  1060  497
   4156    1176  272  1150  902
   4157    1184  117  351  651
   4158    1318  1231  1260  1094
   4159    1354  1122  1336  1120
   4160    1348  584  1294  1162
   4161    1186  1321  313  141
   4162    1228  217  1156  669
   4163    1186  141  313  659
   4164    1234  811  1126  1123
   4165    1249  1051  1101  1077
   4166    1179  550  1171  54
   4167    1179  689  645  157
   4168    1302  551  1063  314
   4169    1172  740  1158  271
   4170    1339  1082  1305  166
   4171    1273  76  1085  299
   4172    1268  1023  1267  1029
   4173    1184  1  496  284
   4174    1184  651  481  667
   4175    1268  1001  1127  702
   4176    1199  679  1143  1018
   4177    1185  564  94  829
   4178    1273  82  1141  874
   4179    1273  299  200  76
   4180    1272  219  73  949
   4181    1296  1162  1261  896
   4182    1268  1127  1257  702
   4183    1227  1170  1220  1029
   4184    1176  902  1150  525
   4185    1185  829  1166  564
   4186    1201  904  507  800
   4187    1286  344  226  84
   4188    1323  1216  1278  1064
   4189    1281  647  1160  56
   4190    1320  988  1074  692
   4191    1218  821  460  979
   4192    1302  314  1172  86
   4193    1262  852  454  853
   4194    1262  853  537  852
   4195    1180  355  829  566
   4196    1180  355  566  945
   4197    1180  832  362  725
   4198    1218  1008  1102  1080
   4199    1218  1008  1080  1033
   4200    1270  329  617  226
   4201    1230  516  1132  1046
   4202    1344  1141  1273  860
   4203    1320  808  1177  134
   4204    1225  515  654  655
   4205    692  625  1177  988
   4206    1177  807  625  416
   4207    1178  549  1109  1055
   4208    1178  436  1109  549
   4209    1356  1070  1205  1193
   4210    1269  976  1039  703
   4211    1178  1055  1061  463
   4212    1307  1115  1306  1284
   4213    1331  1202  1304  1121
   4214    463  241  1178  549
   4215    1178  549  1055  463
   4216    1240  248  1122  604
   4217    1231  776  1084  794
   4218    1332  193  1236  916
   4219    1249  148  1133  630
   4220    1249  1007  1110  1101
   4221    1249  1110  1133  148
   4222    1268  702  1163  1001
   4223    1181  437  348  99
   4224    1181  348  1073  99
   4225    1181  17  475  348
   4226    1181  475  1073  348
   4227    1357  1146  1337  1193
   4228    1214  1151  1165  653
   4229    1214  653  840  477
   4230    1213  747  1128  1069
   4231    1298  637  179  275
   4232    1221  196  719  922
   4233    1221  196  790  719
   4234    1221  969  719  790
   4235    1192  329  693  332
   4236    1183  192  295  674
   4237    1183  295  931  674
   4238    529  355  1166  819
   4239    1183  249  1011  95
   4240    1213  194  847  473
   4241    1183  674  249  95
   4242    1183  360  674  95
   4243    1192  329  1118  693
   4244    1192  693  1118  421
   4245    1286  1145  1151  1101
   4246    1332  916  1236  1164
   4247    1309  1087  1264  864
   4248    1185  564  315  518
   4249    1185  564  1166  315
   4250    1199  796  1102  16
   4251    1199  679  1190  796
   4252    1185  315  1066  518
   4253    1314  1215  1287  1201
   4254    1186  934  1128  1091
   4255    1186  1032  1048  659
   4256    1186  1032  1128  1048
   4257    737  1322  402  473
   4258    1322  1182  1213  1068
   4259    1186  1015  1059  1032
   4260    1186  659  1048  656
   4261    1186  1048  1128  656
   4262    1186  1059  1100  71
   4263    1186  71  1100  767
   4264    1186  260  1100  1007
   4265    1186  1007  1100  1059
   4266    1186  1007  1015  260
   4267    1186  1007  1059  1015
   4268    1186  891  141  656
   4269    1186  141  659  656
   4270    1295  1245  1250  1000
   4271    1323  1222  1237  1189
   4272    1248  858  970  80
   4273    1320  988  1177  808
   4274    1310  903  477  809
   4275    1310  1151  1214  653
   4276    1189  1028  1142  1073
   4277    1189  1073  1142  98
   4278    1189  433  1188  1073
   4279    1189  1073  1188  1013
   4280    1189  597  305  596
   4281    1189  597  1028  305
   4282    1189  304  1142  1028
   4283    1189  98  304  596
   4284    1189  98  1142  304
   4285    1189  596  304  597
   4286    1189  304  1028  597
   4287    1305  947  1082  50
   4288    1305  275  1298  1110
   4289    1303  798  1289  1118
   4290    1306  1056  1137  1005
   4291    1305  1082  1298  275
   4292    1303  1118  1151  1024
   4293    1279  11  1036  788
   4294    1306  1032  1300  1010
   4295    1305  140  1110  595
   4296    1191  557  849  556
   4297    1191  121  931  295
   4298    1191  341  931  121
   4299    1336  1122  1240  846
   4300    1193  223  1143  994
   4301    1193  1095  1143  223
   4302    1193  1018  1143  1095
   4303    1206  146  1153  265
   4304    1193  686  1095  223
   4305    1193  686  1146  1095
   4306    1265  1045  1243  1132
   4307    1206  15  440  690
   4308    1200  518  1185  1066
   4309    1200  1011  1185  1134
   4310    1200  714  924  518
   4311    1200  924  1185  518
   4312    1320  808  1105  988
   4313    1195  740  837  207
   4314    1195  740  1040  837
   4315    1195  837  1040  207
   4316    1195  1054  1158  1131
   4317    1195  1054  1172  1158
   4318    1195  1040  1172  314
   4319    1195  314  1063  1040
   4320    1195  1063  1095  1040
   4321    1195  1063  1146  1095
   4322    1195  1095  1146  1040
   4323    1196  301  811  127
   4324    1196  1006  1041  1004
   4325    1235  1029  1220  1170
   4326    1196  1041  1123  1004
   4327    1196  1004  1123  1044
   4328    1235  1170  1173  1029
   4329    1235  1173  1220  1029
   4330    1296  1025  1162  1064
   4331    1334  809  218  810
   4332    1205  1070  1197  1006
   4333    1253  1093  1136  806
   4334    1300  313  659  1032
   4335    1309  1133  1175  1087
   4336    1205  277  17  713
   4337    1205  713  1197  1070
   4338    1205  17  1197  768
   4339    1322  1329  1311  1297
   4340    1300  887  659  658
   4341    1234  811  1196  1126
   4342    1225  654  1137  966
   4343    1205  277  753  17
   4344    1205  510  753  277
   4345    1355  1070  1342  1197
   4346    1352  1311  1329  1129
   4347    1338  1004  1272  1093
   4348    1328  1019  1321  1108
   4349    1355  352  1197  998
   4350    1225  467  654  515
   4351    1305  1007  1145  1101
   4352    1226  381  1150  591
   4353    1305  84  1101  595
   4354    1204  516  1045  120
   4355    1204  990  516  120
   4356    1263  1108  1152  1027
   4357    1305  166  1145  1007
   4358    1204  990  28  997
   4359    1276  392  1187  1123
   4360    1204  990  120  454
   4361    1204  516  1132  1045
   4362    1351  828  88  204
   4363    1351  1093  1316  1160
   4364    1351  850  1316  828
   4365    1234  1126  1196  1123
   4366    1205  768  1197  713
   4367    1205  713  17  768
   4368    1206  570  1153  146
   4369    1206  690  570  146
   4370    1323  783  1293  1039
   4371    1335  1086  1139  1018
   4372    1206  74  122  770
   4373    1206  74  1162  122
   4374    1206  340  440  770
   4375    1206  770  122  340
   4376    1211  1066  1166  962
   4377    1207  907  561  875
   4378    1267  294  1109  150
   4379    1357  650  1342  1283
   4380    1357  1193  1356  1146
   4381    1277  1046  1266  1236
   4382    1239  831  1092  162
   4383    1357  1158  1283  1250
   4384    1238  136  1143  1095
   4385    1238  334  1143  136
   4386    1238  116  478  115
   4387    1238  334  1125  33
   4388    1238  334  33  892
   4389    1238  1095  1143  1020
   4390    1238  136  1125  334
   4391    1238  892  1143  334
   4392    1238  116  1125  1095
   4393    1238  1020  1143  892
   4394    1211  631  147  895
   4395    1211  164  480  635
   4396    1211  635  480  819
   4397    1211  676  631  895
   4398    1211  819  676  895
   4399    1211  895  635  819
   4400    1211  895  147  635
   4401    1211  581  164  147
   4402    1211  147  164  635
   4403    932  602  747  194
   4404    1335  1154  1208  1000
   4405    1214  653  1165  930
   4406    1214  930  517  653
   4407    1214  930  1165  517
   4408    1335  1272  1317  1154
   4409    1335  1154  1317  1208
   4410    1335  1130  1272  1154
   4411    1335  1000  1037  1017
   4412    1338  996  1232  548
   4413    1335  1103  1208  1139
   4414    1295  397  1000  61
   4415    1295  1000  1250  1158
   4416    1231  160  330  649
   4417    1327  1159  1285  1021
   4418    1295  1049  1147  488
   4419    1321  1284  1307  1015
   4420    1240  688  378  846
   4421    1224  618  1050  1001
   4422    1241  527  87  372
   4423    1240  1122  1137  1012
   4424    1279  1088  1164  326
   4425    1218  982  1033  833
   4426    821  39  1218  833
   4427    1218  833  1033  821
   4428    1336  8  1120  917
   4429    1336  8  917  846
   4430    1317  949  1208  1154
   4431    1317  1154  1272  723
   4432    806  399  952  1253
   4433    1336  378  1240  467
   4434    1337  1076  1335  1006
   4435    1338  219  1232  996
   4436    1344  166  1145  860
   4437    1261  770  15  299
   4438    1237  1156  1189  1028
   4439    1347  734  446  100
   4440    1274  1005  1124  877
   4441    1261  299  74  770
   4442    1337  1076  1205  1193
   4443    1337  1018  1193  1017
   4444    1337  1018  1335  1076
   4445    1337  1006  1205  1076
   4446    1286  344  842  226
   4447    1336  515  1225  956
   4448    1325  1041  1234  1006
   4449    1355  713  1197  352
   4450    1226  1150  1176  675
   4451    1226  381  18  369
   4452    1231  905  377  801
   4453    1231  341  1094  1057
   4454    280  760  249  730
   4455    1344  1321  1328  1024
   4456    1328  1019  1108  1002
   4457    1275  1121  1263  1115
   4458    1308  1024  1303  1081
   4459    1275  1013  1222  1148
   4460    1331  138  1263  1104
   4461    1228  5  1025  880
   4462    1228  139  1144  1025
   4463    1228  1025  1064  522
   4464    1228  879  880  522
   4465    1228  522  1064  44
   4466    1228  44  879  522
   4467    1228  669  44  217
   4468    1228  1064  1216  44
   4469    1228  44  1216  217
   4470    1228  880  1025  158
   4471    1228  158  1025  522
   4472    1228  522  880  158
   4473    1230  645  978  273
   4474    1230  645  1126  978
   4475    1333  1005  1137  1056
   4476    1352  365  1329  738
   4477    1234  1006  1197  1079
   4478    1234  301  1196  127
   4479    1352  738  1117  365
   4480    1343  1076  1205  1006
   4481    1267  1029  1109  436
   4482    1267  1023  1050  94
   4483    1264  883  137  513
   4484    1352  1240  1322  1182
   4485    1232  723  1041  664
   4486    1232  528  579  548
   4487    1232  996  528  548
   4488    1345  416  1219  171
   4489    1313  1077  1249  830
   4490    1313  830  1249  1175
   4491    1313  1175  1249  1051
   4492    1313  830  422  629
   4493    1313  629  1077  830
   4494    1313  629  778  607
   4495    1295  230  1154  263
   4496    1295  1154  1208  263
   4497    1300  1032  1106  1010
   4498    1300  659  1048  1032
   4499    1300  227  1048  887
   4500    1295  1158  1250  1049
   4501    1295  562  230  263
   4502    1295  1000  1158  363
   4503    1235  1028  1090  1016
   4504    1235  1090  1155  1016
   4505    1248  745  1149  632
   4506    1235  1013  1114  1028
   4507    1235  1026  1114  1013
   4508    1235  1114  1155  1033
   4509    1235  1028  1114  1033
   4510    1235  1033  1090  1028
   4511    1235  1033  1155  1090
   4512    1236  815  916  915
   4513    1236  915  916  193
   4514    1339  1082  1140  1092
   4515    974  885  1339  32
   4516    1324  1056  1306  1005
   4517    1291  190  488  363
   4518    1355  889  352  276
   4519    1239  83  831  162
   4520    1239  611  1043  113
   4521    1239  113  1043  307
   4522    307  831  1239  113
   4523    1356  198  1146  510
   4524    1244  171  906  907
   4525    1244  907  906  23
   4526    1244  23  906  649
   4527    1261  299  15  660
   4528    1244  649  1119  573
   4529    1261  493  74  299
   4530    903  477  653  1310
   4531    1284  1237  1278  1027
   4532    1249  1007  1101  1051
   4533    1314  745  1065  52
   4534    1284  1019  1263  1108
   4535    1280  588  1188  99
   4536    1280  1039  1222  1148
   4537    614  527  1241  574
   4538    1241  614  1067  527
   4539    1241  684  751  288
   4540    1241  685  751  684
   4541    1331  1104  1304  1254
   4542    1269  1039  1152  703
   4543    1269  303  138  537
   4544    1269  380  1152  935
   4545    1331  537  1104  852
   4546    1331  1202  1275  1045
   4547    1269  703  1152  380
   4548    1269  537  1148  303
   4549    1269  976  703  380
   4550    1269  935  1263  138
   4551    1269  1148  1263  1027
   4552    1331  1263  1269  1148
   4553    1331  1148  1275  1263
   4554    1331  1263  1304  1104
   4555    1243  1204  556  691
   4556    1243  912  1191  556
   4557    1243  556  817  912
   4558    1316  394  203  828
   4559    1316  1136  1218  1008
   4560    1319  811  1234  1123
   4561    1319  1041  1234  1079
   4562    1319  104  1041  1245
   4563    1319  1234  1247  1079
   4564    1319  376  392  398
   4565    1319  1245  1247  398
   4566    1319  1041  1187  1123
   4567    1319  376  1123  392
   4568    1319  104  1187  1041
   4569    1319  927  1247  1234
   4570    1244  561  1207  907
   4571    1244  907  1118  561
   4572    1267  150  1251  1023
   4573    337  439  1271  231
   4574    1267  10  1050  1029
   4575    1287  745  405  216
   4576    1305  595  275  140
   4577    1305  166  947  50
   4578    1306  1005  1137  1010
   4579    1305  166  1082  947
   4580    1305  275  1110  140
   4581    1329  816  1311  737
   4582    1249  148  630  868
   4583    1249  868  630  830
   4584    1249  148  345  535
   4585    1249  345  1077  344
   4586    1249  344  1077  535
   4587    1249  535  345  344
   4588    1249  868  345  148
   4589    1249  535  941  148
   4590    1249  535  1110  941
   4591    1249  941  1110  148
   4592    552  329  1003  7
   4593    1283  468  650  1009
   4594    1343  1205  1258  17
   4595    1339  1007  1305  1082
   4596    1343  1008  1102  1076
   4597    1343  1008  1130  1004
   4598    1343  1076  1102  1080
   4599    1251  1212  1220  1183
   4600    1251  1036  1083  577
   4601    1251  1036  1220  1083
   4602    1342  281  276  127
   4603    1342  998  1197  127
   4604    1251  1083  1220  1212
   4605    1342  276  1009  889
   4606    1342  281  1009  276
   4607    1251  1083  1212  11
   4608    1342  1049  1250  1009
   4609    1251  577  1083  11
   4610    1252  458  240  1182
   4611    1252  937  240  458
   4612    1252  937  826  240
   4613    1252  747  937  458
   4614    1252  747  1069  937
   4615    1252  458  1213  747
   4616    1252  747  1213  1069
   4617    1300  502  227  571
   4618    1316  1008  1160  1093
   4619    1300  659  313  658
   4620    570  62  1099  13
   4621    1300  571  1099  502
   4622    1300  571  227  887
   4623    1186  1032  659  313
   4624    1307  1030  1038  1024
   4625    1286  617  1151  786
   4626    1304  1057  1254  1072
   4627    1304  1072  1104  1019
   4628    1290  1088  1241  1067
   4629    1290  1164  1279  1088
   4630    1290  684  1241  1088
   4631    1290  1036  1178  1109
   4632    1290  788  1279  1036
   4633    1290  1098  1241  751
   4634    1258  1073  1181  475
   4635    1258  769  1073  475
   4636    1258  475  224  769
   4637    1258  769  1142  1073
   4638    1258  587  1142  769
   4639    1258  475  1181  17
   4640    1258  17  224  475
   4641    1258  224  1205  1076
   4642    570  1099  1300  13
   4643    1258  17  1205  224
   4644    1356  207  1146  198
   4645    1356  207  1195  1146
   4646    1357  1158  1250  1000
   4647    1356  510  277  469
   4648    1301  1046  1230  1179
   4649    1357  1283  1356  1355
   4650    1301  157  1266  812
   4651    1301  157  645  862
   4652    1301  157  862  893
   4653    1290  287  751  685
   4654    1304  1121  1254  1057
   4655    711  1182  1240  240
   4656    1260  1094  1231  801
   4657    1260  801  1231  377
   4658    1260  377  1094  801
   4659    1274  622  1124  1035
   4660    1334  840  1214  517
   4661    1261  896  74  493
   4662    1261  896  1162  74
   4663    1281  1093  1160  1098
   4664    1262  454  1188  588
   4665    1262  588  1188  1148
   4666    1262  1148  1188  1013
   4667    1262  1013  1188  1045
   4668    1276  392  1123  289
   4669    1262  1045  1188  336
   4670    1262  336  1188  454
   4671    1262  454  1045  336
   4672    1262  588  1148  303
   4673    1262  853  588  303
   4674    120  1045  1204  454
   4675    1262  454  1204  1045
   4676    1262  990  1204  454
   4677    1354  467  1336  1240
   4678    1262  28  1353  1204
   4679    990  454  1262  28
   4680    1262  28  1204  990
   4681    1262  853  454  588
   4682    709  1063  845  443
   4683    1263  935  1152  388
   4684    1263  388  1152  1108
   4685    1263  388  1053  935
   4686    1263  388  1108  1053
   4687    1357  1283  1355  650
   4688    1356  469  1355  650
   4689    1331  1263  1275  1121
   4690    1331  1121  1275  1202
   4691    1331  852  1262  537
   4692    1265  1164  1236  1083
   4693    1265  1083  1236  1191
   4694    1265  1046  1243  1236
   4695    1265  1236  1243  1191
   4696    1265  1044  1164  1004
   4697    1265  1004  1114  1044
   4698    1265  1026  1114  1042
   4699    1265  1042  1114  1004
   4700    1265  1026  1042  1036
   4701    1278  1156  1237  1021
   4702    1302  1131  1195  1017
   4703    1334  810  1141  809
   4704    1278  1027  1159  1108
   4705    1323  1189  1216  415
   4706    1268  1029  1267  1001
   4707    1268  1001  1267  1023
   4708    1268  1163  1224  1001
   4709    1268  1001  1224  1029
   4710    1268  1023  1220  1089
   4711    1268  1089  1220  1029
   4712    1268  1029  1220  1023
   4713    1268  913  1089  1029
   4714    1268  913  1163  1089
   4715    1268  1029  1224  913
   4716    1268  913  1224  1163
   4717    1340  1119  1318  1084
   4718    1340  1084  1094  1057
   4719    1340  1084  1057  1072
   4720    1352  1012  1182  1068
   4721    1284  1027  1275  1237
   4722    1350  1202  1315  1275
   4723    1333  956  1225  1035
   4724    1340  1094  1318  1308
   4725    1315  1246  1265  1243
   4726    1334  406  218  680
   4727    1308  1304  1307  1019
   4728    1353  1262  1331  852
   4729    1345  692  1320  1219
   4730    1353  401  419  28
   4731    1309  766  262  950
   4732    1355  650  469  889
   4733    1309  24  262  489
   4734    1309  950  262  883
   4735    1284  1237  1275  1115
   4736    1353  401  1254  419
   4737    1339  1043  1239  260
   4738    1328  1081  1308  1019
   4739    1309  766  1175  630
   4740    1309  1175  1264  1087
   4741    1309  489  262  766
   4742    1273  874  1113  76
   4743    1273  874  1141  1113
   4744    1273  76  200  82
   4745    1273  874  76  82
   4746    1324  1235  1237  1115
   4747    1275  1027  1263  1222
   4748    1351  1160  1281  1093
   4749    1316  1008  1218  1075
   4750    1275  1013  1237  1222
   4751    1275  1013  1246  1235
   4752    1275  1235  1246  1115
   4753    1275  1222  1237  1027
   4754    1275  1115  1237  1028
   4755    1275  1028  1237  1013
   4756    1275  1013  1235  1028
   4757    1275  1028  1235  1115
   4758    1276  1044  1179  1123
   4759    1276  169  1088  759
   4760    1276  114  639  392
   4761    1276  639  1187  392
   4762    1276  759  1232  1187
   4763    1276  1187  1232  1088
   4764    1276  1088  1232  759
   4765    1276  759  1187  639
   4766    1276  639  114  169
   4767    1276  169  759  639
   4768    1302  1063  1195  314
   4769    1301  812  1179  157
   4770    1320  1177  1210  134
   4771    1320  988  1105  1074
   4772    1320  1105  1207  1074
   4773    1335  1130  1190  1139
   4774    1320  134  1105  808
   4775    1352  1182  1322  1068
   4776    1279  326  449  11
   4777    1279  449  1083  11
   4778    1279  788  539  326
   4779    1279  326  11  788
   4780    1344  1145  1321  1024
   4781    1301  893  1277  1266
   4782    1317  399  1272  1093
   4783    1281  1093  1098  1067
   4784    1281  1067  1098  424
   4785    1281  612  1067  424
   4786    1281  425  424  647
   4787    1281  986  1093  612
   4788    1345  1244  1260  1074
   4789    1282  652  1259  1174
   4790    1282  936  1174  1062
   4791    1282  1174  1259  1062
   4792    1282  308  1113  25
   4793    1282  25  1113  366
   4794    1282  366  308  25
   4795    1282  409  1161  472
   4796    1282  472  308  409
   4797    1282  472  1161  308
   4798    1282  236  409  652
   4799    1282  652  936  236
   4800    1283  1158  1172  740
   4801    1283  1158  1195  1172
   4802    1283  1172  1195  740
   4803    1283  468  1158  740
   4804    1283  740  650  468
   4805    1283  1009  1158  468
   4806    509  1009  650  468
   4807    1299  419  1204  997
   4808    1299  419  1202  663
   4809    1316  203  1136  828
   4810    1307  1094  1121  1057
   4811    1307  1263  1304  1115
   4812    1284  1115  1275  1263
   4813    1284  1263  1275  1027
   4814    1309  1100  1133  1087
   4815    1326  813  1228  1156
   4816    1339  32  1140  166
   4817    1346  1021  1144  1052
   4818    1346  1052  1324  1021
   4819    1346  1144  1326  1058
   4820    1346  671  1107  1058
   4821    1347  231  446  245
   4822    1346  1028  1324  1107
   4823    1346  1107  1324  1052
   4824    1297  1014  1091  479
   4825    1297  1068  1128  1059
   4826    1297  670  1014  791
   4827    1312  579  1232  784
   4828    1297  791  430  194
   4829    1297  194  1213  473
   4830    1312  527  1067  579
   4831    1297  747  1213  932
   4832    1298  1047  1133  165
   4833    1312  1067  1241  1088
   4834    1297  932  1128  747
   4835    1312  87  1241  527
   4836    784  666  1312  579
   4837    1297  194  430  320
   4838    1297  320  38  932
   4839    1297  1091  1128  38
   4840    1312  784  169  666
   4841    1297  932  194  320
   4842    1297  479  1091  320
   4843    1349  1105  1210  411
   4844    1288  413  1096  687
   4845    1288  687  1096  65
   4846    1288  1078  1096  75
   4847    1288  75  1096  413
   4848    1288  413  1078  75
   4849    1290  788  294  68
   4850    1290  788  1036  294
   4851    1290  1036  1109  294
   4852    1290  1109  1178  435
   4853    1290  464  751  287
   4854    1290  435  1178  908
   4855    1290  908  68  435
   4856    1290  908  1178  464
   4857    1290  287  908  464
   4858    1290  1164  1265  1036
   4859    1290  1036  1265  1042
   4860    1290  464  1098  751
   4861    1290  464  1178  1098
   4862    1290  1004  1164  1088
   4863    1290  1004  1067  1042
   4864    1290  1004  1088  1067
   4865    1290  685  684  539
   4866    1290  684  1088  539
   4867    1290  294  1109  435
   4868    1290  68  294  435
   4869    1290  1042  1265  1004
   4870    1290  1004  1265  1164
   4871    1291  327  1158  190
   4872    1292  16  1080  805
   4873    1292  16  1102  1080
   4874    1292  16  1199  1102
   4875    1348  244  1025  818
   4876    1348  818  584  244
   4877    1293  640  432  100
   4878    1293  640  1039  432
   4879    1293  415  783  615
   4880    1324  1115  1306  1056
   4881    1324  1237  1284  1115
   4882    1294  818  1099  62
   4883    1294  1153  1206  570
   4884    1294  570  1206  340
   4885    1327  1159  1296  1285
   4886    1322  738  737  402
   4887    933  445  661  1097
   4888    1323  1039  1189  942
   4889    1323  615  1293  783
   4890    1324  1010  1306  1021
   4891    1324  1021  1052  1010
   4892    1323  942  1189  615
   4893    1323  1156  1216  1189
   4894    1348  1153  1296  1162
   4895    1323  1237  1278  1156
   4896    1323  1039  1222  1189
   4897    1323  1027  1278  1237
   4898    1295  297  397  263
   4899    1295  297  1000  397
   4900    1295  61  1000  363
   4901    1295  363  488  61
   4902    1295  263  1208  297
   4903    1295  297  1208  1000
   4904    1296  896  1261  493
   4905    1296  493  1085  896
   4906    1296  493  1261  1085
   4907    1296  896  1271  158
   4908    1296  158  1271  1064
   4909    1296  1064  1162  158
   4910    1296  158  1162  896
   4911    1334  1141  1167  1002
   4912    1300  502  1099  182
   4913    1300  182  1099  1010
   4914    1300  1099  571  13
   4915    1300  13  403  570
   4916    457  313  403  1153
   4917    1300  1153  403  313
   4918    1300  146  1153  570
   4919    1300  570  403  146
   4920    13  571  1300  658
   4921    1300  313  403  658
   4922    1300  1106  1048  227
   4923    1300  1010  1106  1071
   4924    1300  1010  1071  182
   4925    1300  182  1071  502
   4926    1300  502  772  227
   4927    1300  502  1071  772
   4928    457  265  1153  403
   4929    1300  1153  146  403
   4930    1300  1071  1106  772
   4931    1300  772  1106  227
   4932    1300  887  1048  659
   4933    967  227  1048  1106
   4934    1302  487  26  995
   4935    1302  995  678  487
   4936    1306  1022  1089  673
   4937    1307  729  1288  555
   4938    1307  555  1288  1105
   4939    1307  1105  1288  1074
   4940    1307  1074  1288  1094
   4941    1307  1019  1304  1263
   4942    1307  1263  1284  1019
   4943    1307  1015  1022  673
   4944    1307  1015  1306  1022
   4945    1307  1022  1306  673
   4946    1307  673  1306  1089
   4947    1307  1089  1306  1115
   4948    1307  1030  1074  1038
   4949    1307  1074  1094  1038
   4950    1307  673  1115  42
   4951    1078  729  1307  42
   4952    1307  1078  1288  729
   4953    1307  729  555  673
   4954    1307  750  1015  673
   4955    1307  673  555  750
   4956    1307  506  1115  673
   4957    1307  673  1089  506
   4958    382  296  1054  910
   4959    1307  42  1115  341
   4960    1307  1089  1115  506
   4961    1307  1115  1121  341
   4962    1349  1015  1138  1051
   4963    1309  864  1100  1087
   4964    1309  262  1100  864
   4965    1309  318  1100  262
   4966    1309  318  1133  1100
   4967    1309  630  1133  148
   4968    1309  489  630  148
   4969    1309  489  148  24
   4970    1309  148  1133  24
   4971    1309  24  1133  165
   4972    1309  165  262  24
   4973    1309  165  318  262
   4974    1309  165  1133  318
   4975    1356  1193  1205  510
   4976    1356  510  1205  277
   4977    1356  277  1355  469
   4978    1356  1146  1193  510
   4979    1310  886  1151  653
   4980    1310  653  903  886
   4981    1310  1145  1151  786
   4982    1310  786  1151  886
   4983    21  903  786  1145
   4984    1310  886  903  786
   4985    1310  1145  786  903
   4986    1311  1014  1217  1022
   4987    1311  210  1217  1014
   4988    1311  1022  1217  1129
   4989    1311  1129  1217  210
   4990    977  1088  169  666
   4991    1312  784  1232  759
   4992    1312  759  169  784
   4993    1312  759  1088  169
   4994    1312  759  1232  1088
   4995    1313  543  1077  607
   4996    1350  1121  1275  1115
   4997    1350  1121  1220  341
   4998    1350  341  1220  1191
   4999    1350  1115  1275  1246
   5000    1339  534  32  166
   5001    1344  1002  1328  1321
   5002    1353  1045  1262  1204
   5003    1329  1129  1311  816
   5004    1329  365  1117  70
   5005    1339  609  1140  32
   5006    1350  121  540  341
   5007    1315  1191  1243  912
   5008    1315  121  1191  912
   5009    1316  576  1075  1218
   5010    576  39  1075  1218
   5011    1316  850  1160  393
   5012    1316  393  576  850
   5013    1316  393  1160  576
   5014    1317  723  1272  949
   5015    1317  949  1154  723
   5016    1318  1084  1231  1094
   5017    1341  577  1251  11
   5018    1341  11  1212  672
   5019    1318  649  1260  905
   5020    1318  905  1231  649
   5021    1318  905  1260  1231
   5022    1318  649  1231  330
   5023    1318  330  1119  649
   5024    1318  330  1231  1119
   5025    1319  104  1245  398
   5026    1319  1079  1245  1041
   5027    1319  1079  1247  1245
   5028    1319  927  1234  811
   5029    1319  811  376  927
   5030    1345  875  1177  416
   5031    1345  875  171  907
   5032    1345  1207  1244  1038
   5033    1345  692  1177  988
   5034    1345  625  1219  416
   5035    1345  625  1177  692
   5036    981  521  1176  773
   5037    1324  1028  1237  1235
   5038    1323  1027  1237  1222
   5039    1323  1216  1293  415
   5040    1332  623  1164  975
   5041    1332  812  1266  193
   5042    1332  193  916  623
   5043    1329  1117  1129  70
   5044    1329  70  1129  816
   5045    1329  70  928  365
   5046    1321  1024  1101  1015
   5047    1321  1024  1145  1101
   5048    1329  70  816  220
   5049    997  1204  1353  28
   5050    1329  816  737  220
   5051    1321  1113  1116  1108
   5052    1321  1113  1141  1116
   5053    1321  1108  1159  1113
   5054    1321  1159  1285  1153
   5055    1321  1153  1273  1159
   5056    1321  1159  1273  1085
   5057    1321  1085  1273  1141
   5058    1321  1032  1285  1284
   5059    1321  1285  1300  1153
   5060    1321  533  1273  1153
   5061    1321  1101  1145  1007
   5062    1321  1015  1101  1007
   5063    1321  1113  1159  1085
   5064    1321  1085  1141  1113
   5065    1321  860  533  166
   5066    1321  860  1273  533
   5067    1321  166  533  534
   5068    1321  534  1007  166
   5069    1321  1007  1145  166
   5070    1321  260  1007  534
   5071    1321  1032  1300  1285
   5072    1321  1015  1306  1284
   5073    1321  1284  1306  1032
   5074    1321  1032  1306  1015
   5075    1321  1153  1300  313
   5076    1321  457  1153  313
   5077    1321  533  457  534
   5078    1321  533  1153  457
   5079    1321  260  1015  1007
   5080    1321  313  1300  1032
   5081    1321  260  1186  1015
   5082    534  457  1321  735
   5083    735  457  1321  141
   5084    1321  1015  1186  1032
   5085    1321  1032  1186  313
   5086    974  534  1007  260
   5087    1321  534  735  260
   5088    1327  1025  1296  1064
   5089    1327  1021  1278  1159
   5090    1356  207  1283  1195
   5091    1326  813  1156  1058
   5092    260  974  1339  1007
   5093    1326  813  1058  466
   5094    1326  1064  1278  1156
   5095    1328  1002  1081  1019
   5096    1328  1108  1321  1002
   5097    1328  1024  1308  1081
   5098    1328  1081  1165  1024
   5099    1326  1144  1228  139
   5100    1326  139  1228  575
   5101    1326  575  1228  813
   5102    1326  466  575  813
   5103    1326  466  139  575
   5104    1326  466  1144  139
   5105    1353  419  1299  997
   5106    1353  1254  1331  1202
   5107    1353  419  1254  1202
   5108    1353  852  1331  1104
   5109    1353  28  419  997
   5110    1353  997  1299  1204
   5111    1329  737  1311  1297
   5112    1329  737  1322  738
   5113    1329  928  737  365
   5114    1329  365  737  738
   5115    1330  1052  1107  63
   5116    1330  63  1107  1034
   5117    1330  1201  1235  1056
   5118    1330  1201  1314  1235
   5119    1330  1215  1314  1201
   5120    1330  1056  1215  1201
   5121    1330  1035  1052  63
   5122    1330  1034  1035  63
   5123    1333  1034  1120  129
   5124    1333  129  1035  1034
   5125    1333  1005  1274  1225
   5126    1333  1225  1274  1035
   5127    1333  1035  1274  1005
   5128    1339  1092  1239  1043
   5129    1333  956  1035  957
   5130    1344  1141  1321  1273
   5131    1333  957  1035  129
   5132    1334  517  1214  1002
   5133    1335  1139  1253  1130
   5134    1335  1139  1317  1253
   5135    1335  1253  1317  1130
   5136    1335  1154  1325  1130
   5137    1335  1130  1325  1006
   5138    1335  1076  1130  1006
   5139    1335  1018  1190  1076
   5140    1335  1076  1190  1130
   5141    1338  664  1232  219
   5142    1338  219  996  890
   5143    1338  890  1272  219
   5144    1335  1037  1103  1017
   5145    1335  1017  1103  1086
   5146    1335  1103  1139  1086
   5147    1336  917  1120  834
   5148    1336  129  956  957
   5149    1336  957  1333  129
   5150    1336  129  1333  1120
   5151    1337  1000  1250  1245
   5152    1337  1000  1245  1154
   5153    1337  1245  1325  1154
   5154    1337  1079  1250  1070
   5155    1337  1006  1079  1070
   5156    1337  1006  1325  1079
   5157    1337  1079  1325  1245
   5158    1337  1245  1250  1079
   5159    1338  986  855  89
   5160    1338  89  855  612
   5161    1093  986  1338  612
   5162    1338  890  855  986
   5163    1338  890  986  1093
   5164    1338  614  996  548
   5165    1338  614  1067  612
   5166    1338  612  855  614
   5167    1338  855  996  154
   5168    1338  154  996  614
   5169    1338  614  855  154
   5170    1338  548  1232  579
   5171    1338  579  1232  1067
   5172    1338  219  1272  723
   5173    1338  723  664  219
   5174    1338  723  1232  664
   5175    1338  723  1272  1232
   5176    1338  612  1067  1093
   5177    1338  548  579  614
   5178    1338  579  1067  614
   5179    1281  1093  1067  612
   5180    1344  1145  1310  809
   5181    1344  1116  1321  1141
   5182    534  166  1339  974
   5183    1339  166  1305  1007
   5184    1339  166  1140  1082
   5185    1339  636  83  162
   5186    1339  162  1140  636
   5187    1339  974  32  534
   5188    1344  1002  1321  1116
   5189    1344  1141  1334  1002
   5190    974  885  260  1339
   5191    1339  1007  1043  260
   5192    274  505  1096  721
   5193    1340  1057  1304  1072
   5194    1340  1057  1308  1304
   5195    1340  1304  1308  1072
   5196    1341  672  429  577
   5197    1341  78  429  672
   5198    1341  78  1209  429
   5199    1341  1185  1251  94
   5200    1341  94  1209  1185
   5201    1341  94  1251  150
   5202    1341  150  1251  577
   5203    1341  577  94  150
   5204    1341  429  94  577
   5205    1341  429  1209  94
   5206    1342  1079  1234  1197
   5207    1342  1197  1234  127
   5208    1342  1049  1247  1079
   5209    1342  927  1009  281
   5210    1342  281  127  927
   5211    1342  927  1049  1009
   5212    1342  1009  1283  650
   5213    1342  889  1009  650
   5214    1342  1079  1247  1234
   5215    1342  927  1247  1049
   5216    1342  1234  1247  927
   5217    1342  127  1234  927
   5218    1343  1004  1130  1006
   5219    1239  1339  260  885
   5220    1344  1002  1167  1141
   5221    1344  1141  1167  1116
   5222    1344  1116  1167  1002
   5223    1347  1039  1293  640
   5224    1347  640  1062  1039
   5225    1347  100  438  640
   5226    1347  438  1062  640
   5227    1347  9  438  446
   5228    1347  1064  1271  231
   5229    1347  231  1271  446
   5230    1347  446  1271  9
   5231    1347  9  1271  1062
   5232    1347  245  1064  231
   5233    1347  245  1216  1064
   5234    1347  9  236  438
   5235    1347  9  1062  236
   5236    1347  236  1062  438
   5237    1349  1051  1077  1015
   5238    1349  1015  1077  1030
   5239    1349  1051  1313  1077
   5240    1349  1077  1210  1030
   5241    1349  543  1313  411
   5242    1349  411  1210  543
   5243    1349  750  1138  135
   5244    1349  135  1015  750
   5245    1349  135  1138  1015
   5246    1349  1015  1307  750
   5247    1349  1077  1313  543
   5248    1349  543  1210  1077
   5249    555  1105  1307  750
   5250    1349  750  1307  1105
   5251    1350  1220  1246  1191
   5252    1350  1115  1220  1121
   5253    1350  1115  1246  1220
   5254    1351  204  806  426
   5255    1351  806  1093  426
   5256    1351  961  1160  850
   5257    1351  961  1281  1160
   5258    1351  204  1281  425
   5259    1351  425  1281  961
   5260    1351  204  961  850
   5261    1351  204  425  961
   5262    1356  207  469  650
